lag_1,lag_2,lag_3,return_1d,ma_5,ma_10,target
112.65,111.76,112.74,-0.000798934753661773,112.37,111.654,0
112.56,112.65,111.76,-0.0036425017768301204,112.372,111.893,1
112.15,112.56,112.65,0.003388319215336555,112.33,112.05499999999999,0
112.53,112.15,112.56,-0.0004443259575224179,112.474,112.213,0
112.48,112.53,112.15,-0.006667852062588908,112.29,112.22,1
111.73,112.48,112.53,0.005459590083236376,112.24600000000001,112.30799999999999,1
112.34,111.73,112.48,0.007788855260815408,112.45900000000002,112.4155,1
113.215,112.34,111.73,0.0018990416464250703,112.63900000000001,112.4845,1
113.43,113.215,112.34,0.004452084986335203,112.92999999999999,112.702,1
113.935,113.43,113.215,0.00021942335542179947,113.376,112.833,1
113.96,113.935,113.43,0.0036855036855036882,113.78399999999999,113.01500000000001,1
114.38,113.96,113.935,0.007518796992481258,114.18900000000001,113.324,0
115.24,114.38,113.96,-0.0032974661575840836,114.475,113.55699999999999,0
114.86,115.24,114.38,-0.0012624064078007313,114.631,113.7805,1
114.715,114.86,115.24,0.0037048337183454016,114.86699999999999,114.1215,1
115.14,114.715,114.86,0.0020844189682125425,115.06699999999998,114.42550000000001,0
115.38,115.14,114.715,-0.004160166406656174,114.999,114.59399999999998,0
114.9,115.38,115.14,-0.0005657093124457058,114.994,114.7345,1
114.835,114.9,115.38,0.010841642356424375,115.26699999999998,114.94899999999998,1
116.08,114.835,114.9,0.003962784286698939,115.547,115.20700000000002,0
116.54,116.08,114.835,-0.0027458383387678476,115.715,115.39099999999999,1
116.22,116.54,116.08,0.0008604371020477508,115.999,115.499,1
116.32,116.22,116.54,0.0006877579092161579,116.31199999999998,115.65299999999999,0
116.4,116.32,116.22,-0.010738831615120237,116.126,115.69649999999999,0
115.15,116.4,116.32,-0.005731654363873351,115.71600000000001,115.6315,1
114.49,115.15,116.4,0.002270940693510415,115.422,115.5685,1
114.75,114.49,115.15,0.0030065359477124964,115.17699999999999,115.58800000000001,1
115.095,114.75,114.49,0.0041270255006733425,115.01100000000001,115.6615,0
115.57,115.095,114.75,-0.002682357013065517,115.03299999999999,115.57950000000001,0
115.26,115.57,115.095,-0.011278847822314919,114.92699999999999,115.32149999999999,1
113.96,115.26,115.57,0.002983502983503028,114.83699999999999,115.12949999999998,0
114.3,113.96,115.26,0.0,114.678,114.92749999999998,1
114.3,114.3,113.96,0.008836395450568801,114.626,114.81850000000001,1
115.31,114.3,114.3,0.0002601682421299323,114.64200000000001,114.8375,1
115.34,115.31,114.3,0.006415814114790974,115.06599999999999,114.9965,1
116.08,115.34,115.31,0.008614748449345289,115.622,115.2295,1
117.08,116.08,115.34,0.0021352921079602627,116.228,115.453,0
117.33,117.08,116.08,-0.004261484701269969,116.532,115.579,1
116.83,117.33,117.08,0.0011127278952323127,116.856,115.749,0
116.96,116.83,117.33,-0.007181942544459585,116.86399999999999,115.965,1
116.12,116.96,116.83,0.0054254219772649215,116.798,116.21,1
116.75,116.12,116.96,0.003426124197002167,116.76199999999999,116.495,0
117.15,116.75,116.12,-0.006828851899274513,116.66599999999998,116.59899999999998,0
116.35,117.15,116.75,-0.005156854318865478,116.424,116.64000000000001,0
115.75,116.35,117.15,-0.008725701943844588,116.148,116.506,0
114.74,115.75,116.35,-0.0020045319853581045,115.7,116.24899999999998,1
114.51,114.74,115.75,0.00043664308793989193,115.18200000000002,115.97200000000001,0
114.56,114.51,114.74,0.0,114.824,115.745,1
114.56,114.56,114.51,0.0041899441340782495,114.68199999999999,115.553,0
115.04,114.56,114.56,-0.004867872044506227,114.63,115.38899999999998,1
114.48,115.04,114.56,0.005503144654088077,114.75,115.225,1
115.11,114.48,115.04,0.005038658674311414,114.976,115.079,0
115.69,115.11,114.48,-0.0028524505143054935,115.13600000000001,114.98000000000002,0
115.36,115.69,115.11,-0.0017337031900138689,115.16,114.921,1
115.16,115.36,115.69,0.009725599166377163,115.51999999999998,115.075,1
116.28,115.16,115.36,0.002751977984176035,115.81800000000001,115.28399999999999,0
116.6,116.28,115.16,-0.005660377358490565,115.86800000000001,115.422,0
115.94,116.6,116.28,-0.0005606348111091286,115.971,115.55350000000001,1
115.875,115.94,116.6,0.00021574973031279754,116.119,115.6395,0
115.9,115.875,115.94,-0.001121656600517773,116.01700000000001,115.76849999999999,1
115.77,115.9,115.875,0.0017275632720048506,115.89099999999999,115.85449999999999,1
115.97,115.77,115.9,0.004311459860308675,115.997,115.9325,0
116.47,115.97,115.77,-0.0006868721559200042,116.1,116.0355,1
116.39,116.47,115.97,0.0006014262393676528,116.21199999999999,116.1655,1
116.46,116.39,116.47,0.006869311351537011,116.50999999999999,116.26350000000002,0
117.26,116.46,116.39,-0.0007675251577691222,116.75,116.3205,0
117.17,117.26,116.46,-0.003968592643168067,116.797,116.39699999999998,1
116.705,117.17,117.26,0.0026991131485369912,116.923,116.5115,1
117.02,116.705,117.17,0.002905486241668198,117.103,116.6575,0
117.36,117.02,116.705,-0.002556237218813928,117.06300000000002,116.7865,0
117.06,117.36,117.02,-0.007602938663933023,116.86299999999999,116.8065,0
116.17,117.06,117.36,0.0,116.756,116.77650000000001,1
116.17,116.17,117.06,0.0033571490057673348,116.66400000000002,116.7935,0
116.56,116.17,116.17,-0.0010295126973233204,116.47999999999999,116.79150000000001,1
116.44,116.56,116.17,0.004379938165578912,116.458,116.76050000000001,1
116.95,116.44,116.56,0.005130397605814352,116.734,116.79850000000002,1
117.55,116.95,116.44,0.00229689493832419,117.06400000000001,116.91000000000001,0
117.82,117.55,116.95,-0.0031403836360549553,117.24199999999999,116.953,1
117.45,117.82,117.55,0.0010217113665389466,117.468,116.974,0
117.57,117.45,117.82,-0.000850557114910222,117.572,117.01500000000001,1
117.47,117.57,117.45,0.0035753809483272114,117.64000000000001,117.18699999999998,0
117.89,117.47,117.57,-0.002459920264653581,117.596,117.33,0
117.6,117.89,117.47,-0.0011904761904761862,117.598,117.42,0
117.46,117.6,117.89,-0.009364890175378782,117.356,117.41199999999999,1
116.36,117.46,117.6,0.002921966311447255,117.202,117.38700000000001,0
116.7,116.36,117.46,-0.001928020565552746,116.91900000000001,117.27949999999998,1
116.475,116.7,116.36,0.005709379695213679,116.827,117.2115,1
117.14,116.475,116.7,0.0025610380740992422,116.82300000000001,117.2105,1
117.44,117.14,116.475,0.0024693460490463615,117.09700000000001,117.22649999999999,1
117.73,117.44,117.14,0.001953622695999302,117.349,117.2755,0
117.96,117.73,117.44,-0.0025432349949134903,117.58599999999998,117.25250000000001,1
117.66,117.96,117.73,0.0033146353901070125,117.768,117.29749999999999,0
118.05,117.66,117.96,-0.0019483269800931735,117.84400000000001,117.33349999999999,1
117.82,118.05,117.66,0.00025462570022072306,117.86799999999998,117.4825,1
117.85,117.82,118.05,0.009843020789138901,118.078,117.7135,0
119.01,117.85,117.82,-0.00016805310478118507,118.34400000000001,117.965,1
118.99,119.01,117.85,0.00571476594671827,118.668,118.21799999999999,1
119.67,118.99,119.01,0.0005849419236232389,119.05199999999999,118.44799999999998,0
119.74,119.67,118.99,-0.0030065141139135054,119.35799999999999,118.61300000000001,1
119.38,119.74,119.67,0.0018428547495392689,119.476,118.777,0
119.6,119.38,119.74,-0.005351170568561825,119.46999999999998,118.907,0
118.96,119.6,119.38,-0.003110289172831071,119.25399999999999,118.96099999999998,1
118.59,118.96,119.6,0.0027826966860611257,119.09,119.071,0
118.92,118.59,118.96,-0.005381769256643132,118.87,119.11399999999999,1
118.28,118.92,118.59,0.003719986472776382,118.694,119.085,1
118.72,118.28,118.92,0.004885444743935263,118.76199999999999,119.11599999999999,1
119.3,118.72,118.28,0.0003352891869237151,118.91199999999999,119.08300000000001,0
119.34,119.3,118.72,-0.0033517680576504727,118.91600000000001,119.003,0
118.94,119.34,119.3,-0.004708256263662336,118.93599999999999,118.90299999999999,0
118.38,118.94,119.34,-0.006757898293630604,118.708,118.701,1
117.58,118.38,118.94,0.00025514543289673064,118.37,118.566,0
117.61,117.58,118.38,-0.006972196241816109,117.85999999999999,118.38600000000001,1
116.79,117.61,117.58,0.003681822073807517,117.516,118.21600000000001,0
117.22,116.79,117.61,-0.0010237160894045472,117.26000000000002,118.098,1
117.1,117.22,116.79,0.0075149444918873876,117.34,118.024,1
117.98,117.1,117.22,0.001610442447872451,117.452,117.91100000000002,0
118.17,117.98,117.1,-0.004908183126004939,117.61200000000001,117.73599999999999,1
117.59,118.17,117.98,0.0020409898800917148,117.734,117.625,0
117.83,117.59,118.17,-0.0003394721208520579,117.872,117.566,0
117.79,117.83,117.59,-0.002292214958825145,117.78,117.56000000000002,1
117.52,117.79,117.83,0.0009360108917630949,117.672,117.56199999999998,0
117.63,117.52,117.79,0.0,117.67999999999999,117.646,1
117.63,117.63,117.52,0.002125308169684592,117.68999999999998,117.71199999999999,1
117.88,117.63,117.63,0.002884289107567106,117.776,117.824,0
118.22,117.88,117.63,-0.005751987819319848,117.78,117.78,1
117.54,118.22,117.88,0.004253871022630529,117.86200000000001,117.76699999999998,0
118.04,117.54,118.22,-0.0015249068112505038,117.90800000000002,117.79400000000001,0
117.86,118.04,117.54,-0.00933310707619206,117.68400000000001,117.68700000000001,0
116.76,117.86,118.04,-0.004110996916752319,117.296,117.53599999999999,0
116.28,116.76,117.86,-0.003353973168214619,116.96600000000001,117.373,1
115.89,116.28,116.76,0.0018983518854085446,116.58000000000001,117.221,0
116.11,115.89,116.28,-0.0005167513564723336,116.218,117.06299999999999,1
116.05,116.11,115.89,0.0032744506678157315,116.152,116.918,0
116.43,116.05,116.11,-0.006441638752898715,116.032,116.66400000000002,0
115.68,116.43,116.05,-0.00389004149377592,115.9,116.43300000000002,1
115.23,115.68,116.43,0.0012149613815846116,115.752,116.16600000000001,0
115.37,115.23,115.68,-0.003640461125075878,115.532,115.875,1
114.95,115.37,115.23,0.003218790778599212,115.30999999999999,115.731,0
115.32,114.95,115.37,-0.0015608740894900164,115.202,115.617,1
115.14,115.32,114.95,0.009987840889352118,115.41399999999999,115.657,1
116.29,115.14,115.32,0.004041620087711806,115.69200000000001,115.72200000000001,0
116.76,116.29,115.14,-0.0005138746145940676,116.042,115.787,1
116.7,116.76,116.29,0.005998286203941827,116.458,115.88399999999999,1
117.4,116.7,116.76,0.003066439522998232,116.98200000000001,116.09200000000001,1
117.76,117.4,116.7,0.003311820652173836,117.354,116.38399999999999,0
118.15,117.76,117.4,-0.0008463817181549871,117.61200000000001,116.652,0
118.05,118.15,117.76,-0.00033883947479873555,117.874,116.958,1
118.01,118.05,118.15,0.002796373188712842,118.06199999999998,117.26000000000002,0
118.34,118.01,118.05,-0.0004225114078080239,118.168,117.575,1
118.29,118.34,118.01,0.005917659988164514,118.33600000000001,117.845,0
118.99,118.29,118.34,-0.0012606101353054289,118.494,118.053,1
118.84,118.99,118.29,0.0023561090541905916,118.71600000000001,118.295,0
119.12,118.84,118.99,-0.0029382135661518705,118.80199999999999,118.43200000000002,1
118.77,119.12,118.84,0.0010524543234824435,118.923,118.54549999999999,1
118.895,118.77,119.12,0.0007149165229825005,118.921,118.6285,0
118.98,118.895,118.77,-0.0008404773911582231,118.929,118.7115,0
118.88,118.98,118.895,-0.00042059219380885526,118.87100000000001,118.79350000000002,1
118.83,118.88,118.98,0.0042918454935623185,118.98499999999999,118.89349999999999,0
119.34,118.83,118.88,-0.004273504273504369,118.97200000000001,118.94749999999999,0
118.83,119.34,118.83,-0.001178153664899484,118.91400000000002,118.91749999999999,0
118.69,118.83,119.34,0.0,118.876,118.9025,1
118.69,118.69,118.83,0.005139438874378621,118.96999999999998,118.92049999999999,1
119.3,118.69,118.69,0.00176026823134956,119.00399999999999,118.99449999999999,1
119.51,119.3,118.69,0.0066103254957743385,119.298,119.13499999999999,0
120.3,119.51,119.3,0.0,119.62,119.26699999999998,1
120.3,120.3,119.51,0.0009975062344140806,119.96600000000001,119.421,1
120.42,120.3,120.3,0.0030725793057631012,120.26400000000001,119.61699999999999,0
120.79,120.42,120.3,-0.00140740127493999,120.48600000000002,119.745,1
120.62,120.79,120.42,0.005305919416348948,120.678,119.98800000000001,0
121.26,120.62,120.79,-0.0004123371268349718,120.85999999999999,120.24000000000001,1
121.21,121.26,120.62,0.003382559194786028,121.1,120.53299999999999,1
121.62,121.21,121.26,0.0004933399111988201,121.27799999999999,120.771,0
121.68,121.62,121.21,-0.0065746219592374144,121.33,120.90799999999999,1
120.88,121.68,121.62,0.006121773659828023,121.402,121.04,0
121.62,120.88,121.68,-0.0017266896891958705,121.44200000000001,121.15100000000002,1
121.41,121.62,120.88,0.0026356972242813637,121.46399999999998,121.28200000000001,0
121.73,121.41,121.62,-0.0004107450915961097,121.46399999999998,121.37100000000001,0
121.68,121.73,121.41,-0.007725180802103937,121.43599999999999,121.383,1
120.74,121.68,121.73,0.0004969355640218609,121.272,121.33699999999999,1
120.8,120.74,121.68,0.0027317880794701654,121.21600000000001,121.329,0
121.13,120.8,120.74,-0.007760257574506713,120.90799999999999,121.186,0
120.19,121.13,120.8,-0.0011648223645893685,120.582,121.023,1
120.05,120.19,121.13,0.004456476468138293,120.551,120.99350000000001,1
120.585,120.05,120.19,0.004519633453580418,120.617,120.94449999999999,1
121.13,120.585,120.05,0.004788244035333955,120.73299999999999,120.97449999999999,1
121.71,121.13,120.585,0.0004929751047573205,121.04899999999998,120.97849999999998,0
121.77,121.71,121.13,-0.0041061016670772554,121.293,120.9375,0
121.27,121.77,121.71,-0.007916220004947627,121.23799999999999,120.8945,0
120.31,121.27,121.77,-0.007646912143629003,120.88999999999999,120.7535,1
119.39,120.31,121.27,0.00016751821760618846,120.42999999999999,120.5815,1
119.41,119.39,120.31,0.0023448622393433816,120.01399999999998,120.53149999999998,1
119.69,119.41,119.39,0.0027153479822876747,119.763,120.52799999999999,1
120.015,119.69,119.41,0.007707369912094197,119.88900000000001,120.5635,1
120.94,120.015,119.69,0.004547709608070161,120.30900000000001,120.59949999999999,0
121.49,120.94,120.015,-0.0032924520536669055,120.64500000000001,120.5375,0
121.09,121.49,120.94,-0.003716244115946843,120.835,120.4245,0
120.64,121.09,121.49,-0.021137267904509205,120.45,120.10650000000001,1
118.09,120.64,121.09,0.005419595223981721,120.008,119.94850000000001,0
118.73,118.09,120.64,-0.00850669586456676,119.25399999999999,119.78150000000001,0
117.72,118.73,118.09,-0.004502208630648985,118.474,119.5595,0
117.19,117.72,118.73,-0.013653042068435872,117.46399999999998,119.14950000000002,1
115.59,117.19,117.72,0.010295008218704105,117.202,118.826,0
116.78,115.59,117.19,-0.009333790032539868,116.59400000000001,118.301,1
115.69,116.78,115.59,0.012619932578442405,116.47999999999999,117.86699999999999,1
117.15,115.69,116.78,0.009987195902688706,116.70599999999999,117.59,0
118.32,117.15,115.69,-0.006338742393509178,117.102,117.28300000000002,0
117.57,118.32,117.15,-0.013183635281109107,116.95,117.076,1
116.02,117.57,118.32,0.01068781244613004,117.26399999999998,116.929,0
117.26,116.02,117.57,-0.0009380863039399889,117.26399999999998,116.87199999999999,0
117.15,117.26,116.02,-0.0034997865983782406,116.94800000000001,116.827,1
116.74,117.15,117.26,0.007452458454685562,116.95599999999999,117.029,0
117.61,116.74,117.15,-0.003060964203724148,117.202,117.076,1
117.25,117.61,116.74,0.0013646055437099847,117.23200000000001,117.248,1
117.41,117.25,117.61,0.005791670215484324,117.42,117.34200000000001,0
118.09,117.41,117.25,-0.00033872470149887146,117.68199999999999,117.31499999999998,1
118.05,118.09,117.41,0.0005929690808978982,117.78399999999999,117.37,0
118.12,118.05,118.09,-0.003132407720961794,117.88399999999999,117.543,0
117.75,118.12,118.05,-0.007473460721868275,117.776,117.50399999999999,1
116.87,117.75,118.12,0.009497732523316538,117.75399999999999,117.58699999999999,0
117.98,116.87,117.75,-0.0014409221902017544,117.70599999999999,117.694,0
117.81,117.98,116.87,-0.0004244121891180397,117.63400000000001,117.70899999999999,1
117.76,117.81,117.98,0.009425951086956541,117.85800000000002,117.87100000000001,0
118.87,117.76,117.81,-0.0008412551526878476,118.23800000000001,118.00700000000002,0
118.77,118.87,117.76,-0.0006567314978530581,118.38040000000001,118.0672,1
118.692,118.77,118.87,0.0031847133757962887,118.6324,118.1692,1
119.07,118.692,118.77,0.0012597631645250296,118.92439999999999,118.27919999999999,0
119.22,119.07,118.692,-0.0008387854386847637,118.97439999999999,118.41619999999998,1
119.12,119.22,119.07,0.0014271323035595085,119.07840000000002,118.65820000000001,0
119.29,119.12,119.22,-0.0024310503814234385,119.14000000000001,118.76020000000001,1
119.0,119.29,119.12,0.0019327731092437794,119.172,118.90220000000002,1
119.23,119.0,119.29,0.004445189968967478,119.28,119.10220000000001,0
119.76,119.23,119.0,-0.006763527054108209,119.24600000000001,119.11019999999999,0
118.95,119.76,119.23,-0.004203446826397617,119.07800000000002,119.0782,0
118.45,118.95,119.76,-0.0016884761502744539,118.92800000000003,119.03399999999999,1
118.25,118.45,118.95,0.003467230443974678,118.81400000000001,118.99300000000001,0
118.66,118.25,118.45,-0.0007584695769425887,118.576,118.928,0
118.57,118.66,118.25,-0.0007590452897021649,118.482,118.864,1
118.48,118.57,118.66,0.0016880486158001862,118.52799999999999,118.803,1
118.68,118.48,118.57,0.007162116616110437,118.78399999999999,118.856,0
119.53,118.68,118.48,-0.0004183050280264222,118.94800000000001,118.881,0
119.48,119.53,118.68,-0.001004352192835678,119.106,118.84099999999998,1
119.36,119.48,119.53,0.003686327077748075,119.37,118.92600000000002,1
119.8,119.36,119.48,0.003005008347245486,119.66600000000001,119.09700000000001,1
120.16,119.8,119.36,0.001664447403462166,119.832,119.30800000000002,0
120.36,120.16,119.8,-0.0007477567298106447,119.98999999999998,119.46900000000001,0
120.27,120.36,120.16,-0.0018292175937474342,120.128,119.617,0
120.05,120.27,120.36,-0.000499791753436063,120.16599999999998,119.768,1
119.99,120.05,120.27,0.001000083340278346,120.15599999999999,119.91099999999999,0
120.11,119.99,120.05,-0.0022479393888934496,120.05199999999999,119.94200000000001,1
119.84,120.11,119.99,0.0029205607476634476,120.03600000000002,120.01299999999999,1
120.19,119.84,120.11,0.0010816207671187072,120.09,120.10900000000001,0
120.32,120.19,119.84,-0.0008311170212765839,120.136,120.15099999999998,1
120.22,120.32,120.19,0.004159041756779169,120.258,120.207,1
120.72,120.22,120.32,0.0047299536116633956,120.5482,120.3001,0
121.291,120.72,120.22,-0.0019045106397012068,120.7222,120.3791,1
121.06,121.291,120.72,0.0033867503717164293,120.95219999999999,120.5211,1
121.47,121.06,121.291,0.0013995225158476288,121.23620000000001,120.68609999999998,0
121.64,121.47,121.06,-0.0009865175928971404,121.3962,120.8271,0
121.52,121.64,121.47,-0.0013331138907175522,121.4096,120.9789,1
121.358,121.52,121.64,0.0033125133901350523,121.54960000000001,121.13590000000002,0
121.76,121.358,121.52,-0.0004927726675427735,121.59559999999999,121.27389999999998,0
121.7,121.76,121.358,-0.0009038619556286376,121.5856,121.41090000000001,0
121.59,121.7,121.76,0.0,121.59960000000001,121.4979,1
121.59,121.59,121.7,0.0013158976889546814,121.678,121.54379999999999,1
121.75,121.59,121.59,0.0031211498973304774,121.752,121.6508,0
122.13,121.75,121.59,-0.0033570785228854705,121.756,121.67580000000001,0
121.72,122.13,121.75,-0.0031219191587249506,121.70599999999999,121.64580000000001,0
121.34,121.72,122.13,-0.0027196307895170913,121.59,121.5948,0
121.01,121.34,121.72,-0.0010742913808776677,121.41599999999998,121.54699999999998,1
120.88,121.01,121.34,0.006866313699536608,121.332,121.54199999999999,1
121.71,120.88,121.01,0.0004108125872976931,121.34,121.548,0
121.76,121.71,120.88,-0.0011498028909330271,121.396,121.551,1
121.62,121.76,121.71,0.007811215260647764,121.708,121.649,1
122.57,121.62,121.76,0.0031410622501428787,122.123,121.7695,1
122.955,122.57,121.62,0.003619210280183971,122.46100000000001,121.89649999999999,1
123.4,122.955,122.57,0.0022690437601295965,122.845,122.0925,0
123.68,123.4,122.955,-0.0021021992238033915,123.20500000000001,122.30050000000001,1
123.42,123.68,123.4,0.00040512072597631565,123.38499999999999,122.5465,1
123.47,123.42,123.68,0.002186766016036179,123.542,122.83250000000001,0
123.74,123.47,123.42,-0.0004040730564085493,123.6,123.0305,0
123.69,123.74,123.47,-0.0008893200743794738,123.58,123.2125,0
123.58,123.69,123.74,-0.004369639100177958,123.50399999999999,123.3545,1
123.04,123.58,123.69,0.0008940182054615331,123.43999999999998,123.4125,1
123.15,123.04,123.58,8.120178643933329e-05,123.324,123.43300000000002,0
123.16,123.15,123.04,0.0,123.218,123.40899999999999,0
123.16,123.16,123.15,-0.007551152971744024,122.94800000000001,123.26399999999998,1
122.23,123.16,123.16,0.0019635114129099573,122.83400000000002,123.16899999999998,1
122.47,122.23,123.16,0.0015514003429411005,122.73599999999999,123.08800000000001,1
122.66,122.47,122.23,0.002364258927115559,122.694,123.00900000000001,1
122.95,122.66,122.47,0.003334688897925986,122.734,122.976,1
123.36,122.95,122.66,8.106355382619945e-05,122.96199999999999,122.95500000000001,0
123.37,123.36,122.95,-0.01685985247629085,122.726,122.78,1
121.29,123.37,123.36,0.008079808722895487,122.648,122.69200000000001,1
122.27,121.29,123.37,0.001063220740983084,122.53800000000001,122.61599999999999,0
122.4,122.27,121.29,-0.004084967320261423,122.24600000000001,122.49000000000001,0
121.9,122.4,122.27,-0.0008203445447088065,121.93199999999999,122.447,1
121.8,121.9,122.4,0.0016420361247948545,122.074,122.4,0
122.0,121.8,121.9,-0.0008196721311475308,122.0,122.324,1
121.9,122.0,121.8,0.0017145200984411968,121.94180000000001,122.23989999999999,0
122.109,121.9,122.0,-0.006870910416103659,121.81580000000001,122.0309,0
121.27,122.109,121.9,-0.0018141337511338174,121.66579999999999,121.7989,0
121.05,121.27,122.109,-0.007765386204047875,121.28779999999999,121.6809,1
120.11,121.05,121.27,0.0029139955041210808,120.99980000000001,121.4999,0
120.46,120.11,121.05,-0.016603021749958535,120.27000000000001,121.10590000000002,1
118.46,120.46,120.11,0.004220834036805732,119.80799999999999,120.8119,1
118.96,118.46,120.46,0.001597175521183658,119.428,120.54690000000001,0
119.15,118.96,118.46,-0.006126731011330322,119.08999999999999,120.18890000000002,1
118.42,119.15,118.96,0.004728930923830532,118.79400000000001,119.8969,1
118.98,118.42,119.15,0.0013447638258530237,118.92999999999999,119.6,0
119.14,118.98,118.42,-0.009232835319791799,118.74600000000001,119.277,1
118.04,119.14,118.98,0.0066079295154184425,118.67999999999999,119.054,0
118.82,118.04,119.14,-0.00016832183134152245,118.756,118.923,1
118.8,118.82,118.04,0.007491582491582438,118.898,118.846,0
119.69,118.8,118.82,-0.011696883616007958,118.728,118.829,1
118.29,119.69,118.8,0.0018598359962802569,118.822,118.78400000000002,0
118.51,118.29,119.69,-0.00253143194667127,118.7,118.69000000000001,0
118.21,118.51,118.29,-0.006683021740969353,118.424,118.58999999999999,0
117.42,118.21,118.51,-0.009368080395162681,117.75,118.324,0
116.32,117.42,118.21,-0.01942916093535063,116.904,117.816,1
114.06,116.32,117.42,0.0016657899351217864,116.05199999999999,117.43700000000001,1
114.25,114.06,116.32,0.005164113785558033,115.378,117.03899999999999,0
114.84,114.25,114.06,-0.006008359456635248,114.724,116.574,1
114.15,114.84,114.25,0.012877792378449326,114.58400000000002,116.16699999999999,1
115.62,114.15,114.84,0.0034596090641756394,114.976,115.93999999999998,1
116.02,115.62,114.15,0.003102913290812026,115.402,115.727,0
116.38,116.02,115.62,-0.0071318095892765054,115.54400000000001,115.46099999999998,0
115.55,116.38,116.02,-0.010471657291215908,115.582,115.15299999999999,1
114.34,115.55,116.38,0.013118768584922114,115.626,115.10499999999999,1
115.84,114.34,115.55,0.0008632596685083094,115.61000000000001,115.293,0
115.94,115.84,114.34,-0.0014662756598240456,115.48800000000001,115.44500000000001,1
115.77,115.94,115.84,8.637816360024253e-05,115.53400000000002,115.53900000000002,1
115.78,115.77,115.94,0.003973052340646044,115.91399999999999,115.748,0
116.24,115.78,115.77,-0.009635237439779676,115.77000000000001,115.69800000000001,1
115.12,116.24,115.78,0.0023453787352327726,115.66,115.63500000000002,0
115.39,115.12,116.24,-0.017332524482190803,115.18400000000001,115.33599999999998,1
113.39,115.39,115.12,0.007672634271099765,114.88,115.207,0
114.26,113.39,115.39,-0.00122527568702957,114.45599999999999,115.18500000000002,1
114.12,114.26,113.39,0.0041184717840869745,114.35,115.05999999999999,1
114.59,114.12,114.26,0.005846932542106664,114.324,114.99199999999999,0
115.26,114.59,114.12,-0.0019954884608710532,114.652,114.91799999999998,1
115.03,115.26,114.59,0.0076501782143787445,114.98200000000001,114.931,1
115.91,115.03,115.26,0.0008627383314641079,115.36000000000001,114.90799999999999,0
116.01,115.91,115.03,-0.011809326782173946,115.37,114.86000000000001,1
114.64,116.01,115.91,0.007327285415212881,115.41400000000002,114.869,0
115.48,114.64,116.01,-0.005368895046761413,115.38,115.016,0
114.86,115.48,114.64,-0.0017412502176562539,115.13,115.05600000000001,1
114.66,114.86,115.48,0.006802721088435382,115.016,115.18799999999999,1
115.44,114.66,114.86,0.0009528759528758535,115.19800000000001,115.28400000000002,0
115.55,115.44,114.66,-0.007009952401557773,115.05,115.23200000000001,1
114.74,115.55,115.44,0.00923827784556397,115.23800000000001,115.30900000000001,0
115.8,114.74,115.55,-0.0007772020725388407,115.44800000000001,115.28900000000002,1
115.71,115.8,114.74,0.0073459510846081155,115.672,115.34400000000001,0
116.56,115.71,115.8,-0.0012868908716541227,115.84400000000001,115.52099999999999,1
116.41,116.56,115.71,0.004037453826990722,116.272,115.66099999999999,1
116.88,116.41,116.56,0.0037645448323067043,116.576,115.907,0
117.32,116.88,116.41,-0.001108080463689043,116.872,116.16,0
117.19,117.32,116.88,-0.0003583923542964662,116.9896,116.3308,1
117.148,117.19,117.32,0.0018950387543961167,117.1816,116.5128,1
117.37,117.148,117.19,0.0018744142455482393,117.32359999999998,116.79779999999998,0
117.59,117.37,117.148,-0.002296113615103401,117.32359999999998,116.94979999999998,0
117.32,117.59,117.37,-0.0032390044323218348,117.27359999999999,117.07279999999999,0
116.94,117.32,117.59,-0.0038481272447409287,117.14200000000001,117.0658,0
116.49,116.94,117.32,-0.008841960683320438,116.75999999999999,116.97080000000001,0
115.46,116.49,116.94,-0.0077949073272127745,116.154,116.7388,0
114.56,115.46,116.49,-0.0010300279329609197,115.57839999999999,116.451,1
114.442,114.56,115.46,0.003652505199140288,115.1624,116.218,0
114.86,114.442,114.56,-0.00592025074003133,114.70039999999999,115.9212,0
114.18,114.86,114.442,-0.0019005079698722893,114.401,115.58049999999999,1
113.963,114.18,114.86,0.0021673701113518185,114.33099999999999,115.24249999999999,1
114.21,113.963,114.18,0.004290342351808141,114.3826,114.9805,1
114.7,114.21,113.963,0.0006974716652135005,114.36659999999999,114.7645,1
114.78,114.7,114.21,0.005314514723819386,114.6086,114.65450000000001,0
115.39,114.78,114.7,-0.00805962388421877,114.708,114.5545,1
114.46,115.39,114.78,0.0022715359077407626,114.80999999999999,114.5705,0
114.72,114.46,115.39,-0.0036610878661087476,114.72999999999999,114.55630000000001,1
114.3,114.72,114.46,0.0035870516185476653,114.71599999999998,114.54129999999998,0
114.71,114.3,114.72,-0.018307035132072103,114.16,114.38430000000001,1
112.61,114.71,114.3,0.0008880206020778214,113.80999999999999,114.25900000000001,0
112.71,112.61,114.71,-0.01818827078342644,112.998,113.904,0
110.66,112.71,112.61,-0.009398156515452616,112.06200000000001,113.396,1
109.62,110.66,112.71,0.013866082831599957,111.348,113.032,1
111.14,109.62,110.66,0.001169695879071453,111.08,112.61999999999998,0
111.27,111.14,109.62,-0.007099847218477451,110.63399999999999,112.22200000000001,1
110.48,111.27,111.14,0.004525706010137576,110.69800000000001,111.848,0
110.98,110.48,111.27,-0.010902865381149818,110.728,111.39500000000001,0
109.77,110.98,110.48,-0.0004554978591599923,110.444,110.896,0
109.72,109.77,110.98,-0.012486328837039817,109.85999999999999,110.47,1
108.35,109.72,109.77,0.0012921089063220315,109.46199999999999,110.048,0
108.49,108.35,109.72,-0.003410452576274259,108.89000000000001,109.79400000000001,1
108.12,108.49,108.35,0.0062893081761006275,108.696,109.71199999999999,1
108.8,108.12,108.49,0.010661764705882426,108.744,109.59400000000001,0
109.96,108.8,108.12,-0.0018188432157146828,109.026,109.44300000000001,1
109.76,109.96,108.8,0.018221574344023272,109.67999999999999,109.571,0
111.76,109.76,109.96,-0.011811023622047334,110.144,109.51699999999998,0
110.44,111.76,109.76,-0.005251720391162618,110.356,109.526,1
109.86,110.44,111.76,0.009557618787547684,110.546,109.64499999999998,1
110.91,109.86,110.44,0.004057343792263968,110.86600000000001,109.946,1
111.36,110.91,109.86,0.0026939655172413257,110.846,110.263,1
111.66,111.36,110.91,0.001164248611857488,111.11599999999999,110.63,0
111.79,111.66,111.36,-0.008140262993112213,111.31999999999998,110.83800000000001,1
110.88,111.79,111.66,0.010010822510822415,111.53599999999999,111.04100000000001,1
111.99,110.88,111.79,0.002857397981962828,111.726,111.296,1
112.31,111.99,110.88,0.008458730300062278,112.046,111.446,0
113.26,112.31,111.99,-0.003619989404909152,112.258,111.68699999999998,1
112.85,113.26,112.31,0.004076207354895889,112.744,112.032,0
113.31,112.85,113.26,-0.00017650692789683564,113.00399999999999,112.27000000000001,0
113.29,113.31,112.85,-0.0011474975726013525,113.174,112.45,1
113.16,113.29,113.31,0.007864969954047396,113.332,112.68900000000001,1
114.05,113.16,113.29,0.0009644892590969789,113.59400000000001,112.926,1
114.16,114.05,113.16,0.0003503854239663706,113.772,113.258,1
114.2,114.16,114.05,0.00017513134851143697,113.958,113.481,0
114.22,114.2,114.16,-0.003326912974960572,114.09400000000001,113.63399999999999,0
113.84,114.22,114.2,-0.012912860154602912,113.75800000000001,113.545,0
112.37,113.84,114.22,-0.006407404111417603,113.256,113.425,1
111.65,112.37,113.84,0.0015226153157186229,112.78,113.276,0
111.82,111.65,112.37,-0.02286710785190471,111.7886,112.8733,1
109.263,111.82,111.65,0.0022606005692686892,110.92260000000002,112.5083,0
109.51,109.263,111.82,-0.008035795817733615,110.17460000000001,111.9663,1
108.63,109.51,109.263,0.005523336095001552,109.69059999999999,111.4733,0
109.23,108.63,109.51,-0.0023802984528060733,109.1206,110.9503,1
108.97,109.23,108.63,0.008350922272184924,109.244,110.5163,0
109.88,108.97,109.23,-0.0023662176920276057,109.266,110.0943,0
109.62,109.88,108.97,-0.006020799124247467,109.33200000000002,109.7533,0
108.96,109.62,109.88,-0.0065161527165932265,109.13600000000001,109.4133,0
108.25,108.96,109.62,-0.013672055427251806,108.696,108.90830000000001,1
106.77,108.25,108.96,0.005385407886110416,108.189,108.7165,0
107.345,106.77,108.25,-0.008803390935767763,107.545,108.4055,1
106.4,107.345,106.77,0.004041353383458679,107.119,108.22550000000001,0
106.83,106.4,107.345,-0.011326406440138492,106.593,107.86449999999999,1
105.62,106.83,106.4,0.013633781480780094,106.651,107.67349999999999,0
107.06,105.62,106.83,-0.0028955725761256046,106.532,107.3605,1
106.75,107.06,105.62,0.0037470725995316645,106.68200000000002,107.1135,0
107.15,106.75,107.06,-0.003266448903406549,106.676,106.8975,1
106.8,107.15,106.75,0.0015917602996253777,106.946,106.7695,1
106.97,106.8,107.15,0.0006543890810508657,106.94200000000001,106.7965,0
107.04,106.97,106.8,-0.007567264573991039,106.83800000000001,106.68500000000002,1
106.23,107.04,106.97,0.00019768426998023614,106.65820000000001,106.6701,1
106.251,106.23,107.04,0.0024376241164789647,106.6002,106.63810000000001,1
106.51,106.251,106.23,0.0016899821612992305,106.5442,106.74510000000001,0
106.69,106.51,106.251,-0.001490298997094297,106.44239999999999,106.6922,0
106.531,106.69,106.51,-0.0014174277909717592,106.4724,106.6552,1
106.38,106.531,106.69,0.008742244782854014,106.6842,106.6712,1
107.31,106.38,106.531,0.0001863759202309634,106.84819999999999,106.7242,0
107.33,107.31,106.38,-0.004658529768005182,106.8762,106.71020000000001,1
106.83,107.33,107.31,0.0047739399045212405,107.03800000000001,106.7402,1
107.34,106.83,107.33,0.00877585243152601,107.41839999999999,106.94539999999999,0
108.282,107.34,106.83,-0.004543691472266742,107.5144,107.0993,1
107.79,108.282,107.34,9.277298450682814e-05,107.6084,107.22829999999999,1
107.8,107.79,108.282,0.0033395176252319914,107.8744,107.3753,0
108.16,107.8,107.79,-0.002218934911242587,107.9904,107.5142,1
107.92,108.16,107.8,0.0012045959970348186,107.944,107.68119999999999,0
108.05,107.92,108.16,-0.005923183711244784,107.86800000000001,107.69120000000001,0
107.41,108.05,107.92,-0.00204822642212088,107.74600000000001,107.6772,1
107.19,107.41,108.05,0.007836551917156376,107.72,107.7972,0
108.03,107.19,107.41,-0.006294547810793416,107.606,107.7982,0
107.35,108.03,107.19,-0.009129017233348802,107.27000000000001,107.607,0
106.37,107.35,108.03,-0.013349628654695911,106.77799999999999,107.32300000000001,0
104.95,106.37,107.35,-0.011243449261553184,106.09400000000001,106.92,0
103.77,104.95,106.37,-0.00240917413510644,105.19200000000001,106.45599999999999,0
103.52,103.77,104.95,-0.0014489953632147445,104.396,106.001,1
103.37,103.52,103.77,0.005223952790945008,103.904,105.58699999999999,0
103.91,103.37,103.52,-0.012799538061784244,103.42999999999999,105.104,1
102.58,103.91,103.37,0.0011698186781048392,103.21600000000001,104.655,0
102.7,102.58,103.91,-0.012463485881207381,102.796,103.994,1
101.42,102.7,102.58,0.018240978110826145,102.776,103.58600000000001,0
103.27,101.42,102.7,-0.0173332042219424,102.28999999999999,103.09700000000001,0
101.48,103.27,101.42,-0.00788332676389436,101.91,102.67,0
100.68,101.48,103.27,-0.016388557806913062,101.17600000000002,102.196,0
99.03,100.68,101.48,-0.019489043724124078,100.312,101.554,1
97.1,99.03,100.68,0.028012358393408876,99.62199999999999,101.199,0
99.82,97.1,99.03,-0.012021638950110103,99.05,100.66999999999999,1
98.62,99.82,97.1,0.007706347596836194,98.78999999999999,100.35,1
99.38,98.62,99.82,0.001911853491648241,98.898,100.037,1
99.57,99.38,98.62,0.011750527267249122,99.626,99.96900000000001,0
100.74,99.57,99.38,-0.00655151876116733,99.678,99.65,0
100.08,100.74,99.57,-0.009192645883293382,99.786,99.41799999999999,1
99.16,100.08,100.74,0.003731343283582156,99.816,99.303,0
99.53,99.16,100.08,-0.004119360996684418,99.726,99.312,1
99.12,99.53,99.16,0.007364810330911853,99.548,99.58699999999999,1
99.85,99.12,99.53,0.024436654982473938,99.99000000000001,99.834,0
102.29,99.85,99.12,0.0,100.616,100.201,0
102.29,102.29,99.85,-0.007527617557923638,101.01400000000001,100.41499999999999,1
101.52,102.29,102.29,0.009062253743104876,101.678,100.702,1
102.44,101.52,102.29,0.003611870363139369,102.27000000000001,100.90899999999999,0
102.81,102.44,101.52,-0.009609960120610883,102.17640000000002,101.0832,1
101.822,102.81,102.44,0.0023374123470369934,102.13040000000001,101.37320000000001,0
102.06,101.822,102.81,-0.010875955320399755,102.0164,101.5152,1
100.95,102.06,101.822,0.002080237741456159,101.7604,101.7192,1
101.16,100.95,102.06,0.006524317912218303,101.5624,101.9162,0
101.82,101.16,100.95,-0.00019642506383810154,101.558,101.8672,1
101.8,101.82,101.16,0.0066797642436149385,101.64200000000001,101.8862,1
102.48,101.8,101.82,0.012392661982825848,102.202,102.1092,0
103.75,102.48,101.8,-0.004308433734939832,102.6306,102.1955,0
103.303,103.75,102.48,-0.0041915530042688776,102.8406,102.2015,1
102.87,103.303,103.75,0.005657626130066928,103.171,102.36449999999999,1
103.452,102.87,103.303,0.00768472334995951,103.52439999999999,102.58319999999999,1
104.247,103.452,102.87,0.001467668134334854,103.65439999999998,102.92820000000002,0
104.4,104.247,103.452,-0.0018199233716476027,103.83579999999999,103.23319999999998,0
104.21,104.4,104.247,-0.002015161692735745,104.06179999999999,103.4512,0
104.0,104.21,104.4,-0.0005480769230769011,104.16,103.6655,1
103.943,104.0,104.21,0.013055232194568278,104.37060000000001,103.94750000000002,0
105.3,103.943,104.0,-0.0037037037037037646,104.47259999999999,104.0635,0
104.91,105.3,103.943,-0.0021542274330378364,104.56739999999999,104.20160000000001,1
104.684,104.91,105.3,0.000907493026632622,104.72319999999999,104.3925,0
104.779,104.684,104.91,-0.008637226925242714,104.7094,104.43469999999999,0
103.874,104.779,104.684,-0.01033944971792744,104.2094,104.28999999999999,1
102.8,103.874,104.779,0.009435797665369616,103.98139999999998,104.227,1
103.77,102.8,103.874,0.008191192059362029,103.9686,104.26799999999999,1
104.62,103.77,102.8,0.00411011278914164,104.0228,104.373,0
105.05,104.62,103.77,-0.002379819133745853,104.208,104.4587,0
104.8,105.05,104.62,-0.0074427480916030575,104.452,104.33070000000001,1
104.02,104.8,105.05,0.0035666218034993147,104.5762,104.2788,0
104.391,104.02,104.8,-0.007864662662490196,104.3662,104.1674,0
103.57,104.391,104.02,-0.005117311962923532,103.9642,103.9935,1
103.04,103.57,104.391,0.009704968944099335,103.8122,104.01010000000001,0
104.04,103.04,103.57,-0.0071126489811611515,103.6682,104.06009999999999,1
103.3,104.04,103.04,0.00038722168441429616,103.458,104.0171,1
103.34,103.3,104.04,0.008234952583704214,103.58220000000001,103.9742,1
104.191,103.34,103.3,0.0044053709053566426,103.90419999999999,103.9342,1
104.65,104.191,103.34,0.008026755852842626,104.1942,104.00319999999999,1
105.49,104.65,104.191,9.479571523374197e-05,104.6342,104.15119999999999,0
105.5,105.49,104.65,-0.009668246445497575,104.8622,104.16010000000001,1
104.48,105.5,105.49,0.006221286370597268,105.05,104.3161,1
105.13,104.48,105.5,0.0010463235993531939,105.168,104.5361,1
105.24,105.13,104.48,0.006461421512732768,105.25399999999999,104.72409999999999,0
105.92,105.24,105.13,-0.009629909365558853,105.13399999999999,104.88409999999999,1
104.9,105.92,105.24,0.013536701620590952,105.502,105.18210000000002,1
106.32,104.9,105.92,0.009593679458239412,105.944,105.497,0
107.34,106.32,104.9,-0.0035401527855413173,106.28800000000001,105.728,1
106.96,107.34,106.32,0.007853403141361293,106.66399999999999,105.95900000000002,1
107.8,106.96,107.34,0.0032467532467532756,107.31400000000001,106.224,0
108.15,107.8,106.96,-9.246417013408781e-05,107.678,106.59,0
108.14,108.15,107.8,-0.0015720362493064632,107.804,106.874,0
107.97,108.14,108.15,-0.0013892747985552178,107.976,107.13199999999999,1
107.82,107.97,108.14,0.0009274717121128262,108.0,107.332,0
107.92,107.82,107.97,-0.005652335063009661,107.83200000000002,107.57300000000001,1
107.31,107.92,107.82,0.004845773926008823,107.77000000000001,107.724,0
107.83,107.31,107.92,-0.00046369284985625647,107.732,107.768,1
107.78,107.83,107.31,0.0001855631842642147,107.728,107.852,0
107.8,107.78,107.83,-0.007912801484230014,107.5334,107.76669999999999,0
106.947,107.8,107.78,-0.007732802229141522,107.2954,107.5637,0
106.12,106.947,107.8,0.0,106.95340000000002,107.3617,0
106.12,106.12,106.947,-0.0016961929890690897,106.5854,107.1587,1
105.94,106.12,106.12,0.007551444213705905,106.37340000000002,107.0507,1
106.74,105.94,106.12,0.0006557991380926609,106.346,106.93969999999999,1
106.81,106.74,105.94,0.003276846737196859,106.554,106.9247,1
107.16,106.81,106.74,0.002426278462112741,106.81400000000001,106.8837,0
107.42,107.16,106.81,-0.005110780115434754,107.00019999999999,106.79280000000001,1
106.871,107.42,107.16,0.001824629693742974,107.0654,106.7194,0
107.066,106.871,107.42,-0.0079950684624438,106.94539999999999,106.64569999999999,1
106.21,107.066,106.871,9.41530929292611e-05,106.7574,106.6557,0
106.22,106.21,107.066,-0.013274336283185861,106.2354,106.52469999999998,1
104.81,106.22,106.21,0.003530197500238641,105.8972,106.4487,1
105.18,104.81,106.22,0.009963871458452012,105.7296,106.3975,1
106.228,105.18,104.81,0.006796701434650165,105.87759999999999,106.4115,0
106.95,106.228,105.18,-0.004244974287050063,105.9328,106.3451,1
106.496,106.95,106.228,0.0068922776442308376,106.41680000000001,106.3261,1
107.23,106.496,106.95,0.006154993938263464,106.9588,106.428,0
107.89,107.23,106.496,-0.004727036796737472,107.1892,106.4594,1
107.38,107.89,107.23,0.004376978953250177,107.3692,106.62339999999999,0
107.85,107.38,107.89,-0.003616133518776099,107.56199999999998,106.7474,1
107.46,107.85,107.38,0.005769588684161553,107.732,107.0744,1
108.08,107.46,107.85,0.0006476683937823857,107.78399999999999,107.3714,0
108.15,108.08,107.46,-0.0031437817845585414,107.87,107.5296,0
107.81,108.15,108.08,-0.0013913366107041192,107.832,107.60059999999999,1
107.66,107.81,108.15,0.0007430800668772886,107.888,107.725,0
107.74,107.66,107.81,-0.001856320772229303,107.78,107.756,1
107.54,107.74,107.66,0.006230239910730795,107.792,107.78799999999998,1
108.21,107.54,107.74,0.0011089548100915447,107.896,107.883,1
108.33,108.21,107.54,0.010615711252653925,108.25999999999999,108.046,0
109.48,108.33,108.21,-0.001461454146876262,108.576,108.232,1
109.32,109.48,108.33,0.006860592755214112,109.082,108.431,0
110.07,109.32,109.48,0.0,109.454,108.623,0
110.07,110.07,109.32,-0.0034796038884346014,109.7254,108.8107,1
109.687,110.07,110.07,0.003674090822066489,109.8474,109.0537,0
110.09,109.687,110.07,-0.007357616495594521,109.8394,109.2077,0
109.28,110.09,109.687,-0.0004575402635431658,109.67139999999999,109.3767,1
109.23,109.28,110.09,0.0050352467270895485,109.6134,109.5337,1
109.78,109.23,109.28,0.006649662962288305,109.77799999999999,109.7517,0
110.51,109.78,109.23,-0.0004524477422859219,109.852,109.84970000000001,0
110.46,110.51,109.78,-0.0011768966141589843,110.06199999999998,109.95070000000001,0
110.33,110.46,110.51,-0.002084655125532575,110.23599999999999,109.9537,0
110.1,110.33,110.46,-0.004087193460490357,110.21,109.9117,1
109.65,110.1,110.33,0.0003647970816231805,110.046,109.912,0
109.69,109.65,110.1,-0.011505150879752013,109.6396,109.7458,1
108.428,109.69,109.65,0.01459032722175091,109.57559999999998,109.81880000000001,0
110.01,108.428,109.69,-0.0015453140623580275,109.52360000000002,109.8798,1
109.84,110.01,108.428,0.0006372906045155613,109.57559999999998,109.89280000000001,0
109.91,109.84,110.01,-0.00527704485488123,109.5036,109.7748,1
109.33,109.91,109.84,0.0025610536906612857,109.74000000000001,109.68980000000002,0
109.61,109.33,109.91,-0.0006386278624213038,109.646,109.6108,0
109.54,109.61,109.33,-0.0010954902318788262,109.56199999999998,109.54279999999999,0
109.42,109.54,109.61,-0.005757631146042774,109.33800000000001,109.4568,0
108.79,109.42,109.54,-0.0067469436529093985,109.0832,109.29339999999999,1
108.056,108.79,109.42,0.005497149626119802,108.8912,109.31559999999999,0
108.65,108.056,108.79,-0.0027611596870686927,108.6532,109.1496,0
108.35,108.65,108.056,-0.014951545916012887,108.1152,108.8386,1
106.73,108.35,108.65,0.008900965052000442,107.89320000000001,108.6156,1
107.68,106.73,108.35,0.003993313521545305,107.904,108.49360000000001,0
108.11,107.68,106.73,-0.00767736564610122,107.63,108.2606,1
107.28,108.11,107.68,0.004101416853094619,107.50399999999999,108.07860000000001,0
107.72,107.28,108.11,-0.006869662086891881,107.554,107.8346,1
106.98,107.72,107.28,0.008973639932697619,107.606,107.74960000000002,0
107.94,106.98,107.72,-0.0341763942931258,106.83420000000001,107.3691,1
104.251,107.94,106.98,0.012172545107481003,106.4822,107.05609999999999,0
105.52,104.251,107.94,-0.011381728582259276,105.80199999999999,106.65299999999999,1
104.319,105.52,104.251,0.011321044105100597,105.506,106.53,1
105.5,104.319,105.52,0.018199052132701343,105.402,106.50399999999999,0
107.42,105.5,104.319,-0.017315211320052093,105.6638,106.249,1
105.56,107.42,105.5,0.0015062523683213591,105.70360000000001,106.09290000000001,1
105.719,105.56,107.42,0.003414712587141322,106.0558,105.9289,1
106.08,105.719,105.56,0.002262443438914019,106.2198,105.8629,0
106.32,106.08,105.719,-0.0025395033860045046,105.9458,105.6739,0
106.05,106.32,106.08,-0.020810938236680787,105.60239999999999,105.63309999999998,1
103.843,106.05,106.32,0.021445836503182658,105.67259999999999,105.68809999999999,0
106.07,103.843,106.05,-0.0012256057320636504,105.6446,105.8502,0
105.94,106.07,103.843,-0.006890692845006652,105.42260000000002,105.8212,1
105.21,105.94,106.07,0.0008554319931566301,105.27259999999998,105.60919999999999,0
105.3,105.21,105.94,-0.032478632478632474,104.88,105.2412,0
101.88,105.3,105.21,-0.0041224970553592755,103.958,104.81529999999998,0
101.46,101.88,105.3,-0.0195347920362704,102.6656,104.15509999999999,1
99.478,101.46,101.88,0.00032167916524272755,101.5256,103.47409999999999,1
99.51,99.478,101.46,0.015978293638830188,100.6856,102.97909999999999,1
101.1,99.51,99.478,0.011671612265084175,100.76559999999999,102.8228,0
102.28,101.1,99.51,-0.003128666405944558,100.8656,102.4118,0
101.96,102.28,101.1,-0.02196939976461354,100.914,101.7898,1
99.72,101.96,102.28,0.01524267950260727,101.25999999999999,101.3928,1
101.24,99.72,101.96,0.004049782694587334,101.36999999999999,101.0278,1
101.65,101.24,99.72,0.0031480570585340484,101.30799999999999,101.0368,0
101.97,101.65,101.24,-0.01611258213199962,100.98140000000001,100.9235,0
100.327,101.97,101.65,-0.024589592034048646,100.6094,100.7617,0
97.86,100.327,101.97,-0.003903535663192348,99.857,100.5585,0
97.478,97.86,100.327,-0.03290998994644945,98.381,99.8755,0
94.27,97.478,97.86,-0.01141402354937937,96.6258,98.96689999999998,1
93.194,94.27,97.478,0.05371590445736851,96.2004,98.5909,0
98.2,93.194,94.27,-0.006924643584521495,96.1324,98.37089999999999,1
97.52,98.2,93.194,0.013022969647251914,96.3948,98.1259,0
98.79,97.52,98.2,-0.003542868711408076,97.2288,97.8049,1
98.44,98.79,97.52,0.005688744412840396,98.39,97.50789999999999,1
99.0,98.44,98.79,0.007404040404040524,98.6966,97.4485,0
99.733,99.0,98.44,-0.015170505249014976,98.8366,97.4845,0
98.22,99.733,99.0,-0.009611077173691696,98.5338,97.46430000000001,1
97.276,98.22,99.733,0.008367942760804326,98.4638,97.8463,0
98.09,97.276,98.22,-0.0012233662962586322,98.2578,98.32390000000001,0
97.97,98.09,97.276,-0.006930693069306937,97.76939999999999,98.233,0
97.291,97.97,98.09,-0.02560360156643471,97.08539999999999,97.961,1
94.8,97.291,97.97,0.02921940928270028,97.14419999999998,97.839,0
97.57,94.8,97.291,-0.005636978579481422,96.93019999999999,97.697,0
97.02,97.57,94.8,-0.006287363430220516,96.61819999999999,97.438,1
96.41,97.02,97.57,0.0034851156519033477,96.50919999999999,97.13929999999999,0
96.746,96.41,97.02,-0.0076799040787215445,96.74980000000001,96.91760000000001,0
96.003,96.746,96.41,-0.020343114277678875,96.0458,96.595,1
94.05,96.003,96.746,0.01977671451355656,95.82379999999999,96.37699999999998,1
95.91,94.05,96.003,0.01000938379731009,95.9158,96.267,0
96.87,95.91,94.05,-0.01468979044079699,95.656,96.08259999999999,1
95.447,96.87,95.91,0.00167632298553122,95.5768,96.1633,0
95.607,95.447,96.87,-0.0018617883627767284,95.85260000000001,95.94919999999999,1
95.429,95.607,95.447,0.0007440086346917063,95.7706,95.7972,0
95.5,95.429,95.607,-0.024712041884816793,95.02459999999999,95.4702,1
93.14,95.5,95.429,0.00011810178226312473,94.5654,95.1107,0
93.151,93.14,95.5,-0.00011808783587929916,94.072,94.8244,0
93.14,93.151,93.14,-0.007408202705604494,93.47619999999999,94.6644,1
92.45,93.14,93.151,0.004002163331530362,92.94019999999999,94.3554,1
92.82,92.45,93.14,0.0017022193492781668,92.9078,93.9662,0
92.978,92.82,92.45,-0.007259781883886429,92.73819999999999,93.65180000000001,1
92.303,92.978,92.82,0.00581779573795016,92.67819999999999,93.3751,0
92.84,92.303,92.978,-0.014110297285652718,92.4942,92.98519999999999,0
91.53,92.84,92.303,-0.005025674642193945,92.1442,92.54220000000001,0
91.07,91.53,92.84,-0.006258921708575782,91.6486,92.2782,0
90.5,91.07,91.53,-0.01946961325966856,90.9356,91.8369,0
88.738,90.5,91.07,-0.015979625414140552,89.8316,91.25489999999999,1
87.32,88.738,90.5,0.02502290426019238,89.4266,90.9604,0
89.505,87.32,88.738,-0.0026255516451594296,89.0666,90.6054,1
89.27,89.505,87.32,0.00996975467682315,88.9986,90.3236,1
90.16,89.27,89.505,0.007542147293700063,89.419,90.1773,0
90.84,90.16,89.27,-0.0037428445618670203,90.05499999999999,89.9433,1
90.5,90.84,90.16,0.0001546961325966656,90.2568,89.84169999999999,1
90.514,90.5,90.84,0.002828291755971435,90.5568,89.8117,0
90.77,90.514,90.5,-0.0012999889831442069,90.6552,89.8269,0
90.652,90.77,90.514,-0.0039932930326963545,90.5452,89.9821,1
90.29,90.652,90.77,0.0039871525085835025,90.57520000000001,90.3151,1
90.65,90.29,90.652,0.0001875344732487072,90.6058,90.4313,1
90.667,90.65,90.29,0.012385983875059292,90.80980000000001,90.6833,1
91.79,90.667,90.65,0.015546355812180002,91.3228,90.989,1
93.217,91.79,90.667,0.0017486080865078968,91.9408,91.243,0
93.38,93.217,91.79,-0.007496251874062887,92.3468,91.461,0
92.68,93.38,93.217,-0.014242555028053605,92.4854,91.5456,0
91.36,92.68,93.38,-0.010836252189141748,92.2014,91.5056,0
90.37,91.36,92.68,-0.010401681974106403,91.444,91.38340000000001,0
89.43,90.37,91.36,-0.000995191770099657,90.6362,91.2885,0
89.341,89.43,90.37,-0.0020259455345249533,89.9322,91.1395,1
89.16,89.341,89.43,0.008748317631224856,89.6482,91.0668,1
89.94,89.16,89.341,0.010673782521681163,89.7542,90.9778,0
90.9,89.94,89.16,-0.0030803080308030584,89.9922,90.7181,0
90.62,90.9,89.94,-0.008938424188920768,90.086,90.3611,0
89.81,90.62,90.9,-0.008462309319674954,90.06400000000001,89.9981,1
89.05,89.81,90.62,0.0008534531162269765,89.9012,89.77470000000001,0
89.126,89.05,89.81,-0.0041065457891075186,89.47319999999999,89.6137,1
88.76,89.126,89.05,0.005407841369986288,89.1972,89.5947,1
89.24,88.76,89.126,0.0010085163603765768,89.10119999999999,89.59360000000001,1
89.33,89.24,88.76,0.012672114631143039,89.3836,89.72380000000001,0
90.462,89.33,89.24,-0.006102009683624177,89.5404,89.7208,0
89.91,90.462,89.33,-0.00011122233344440513,89.7684,89.6208,0
89.9,89.91,90.462,-0.006006674082313701,89.7924,89.4948,1
89.36,89.9,89.91,0.00011190689346474159,89.8004,89.4508,1
89.37,89.36,89.9,0.0005594718585655301,89.592,89.4878,1
89.42,89.37,89.36,0.019346902259002485,89.84,89.6902,1
91.15,89.42,89.37,0.008447613823368005,90.244,90.0062,0
91.92,91.15,89.42,-0.0066362053959965195,90.634,90.2132,0
91.31,91.92,91.15,-0.009484174789179733,90.84880000000001,90.3246,0
90.444,91.31,91.92,-0.0017027110698332182,91.0228,90.3074,1
90.29,90.444,91.31,0.004208660981282586,90.9268,90.38340000000001,1
90.67,90.29,90.444,0.013124517480974873,90.9148,90.5794,0
91.86,90.67,90.29,-0.0016329196603527274,90.99480000000001,90.8144,1
91.71,91.86,90.67,0.00617162795769266,91.3612,91.105,1
92.276,91.71,91.86,0.014673371190775386,92.02919999999999,91.52600000000001,1
93.63,92.276,91.71,0.004069208586991335,92.6974,91.8121,0
94.011,93.63,92.276,-0.007137462637350822,92.9934,91.95410000000001,1
93.34,94.011,93.63,0.01135633169059358,93.53139999999999,92.2631,1
94.4,93.34,94.011,0.02277542372881336,94.3862,92.8737,1
96.55,94.4,93.34,0.008700155359917083,95.13820000000001,93.5837,1
97.39,96.55,94.4,0.00969298695964671,96.00280000000001,94.3501,0
98.334,97.39,96.55,-0.007260967722252709,96.8588,94.92609999999999,0
97.62,98.334,97.39,-0.005797992214710113,97.3896,95.4605,1
97.054,97.62,98.334,0.015259546231994436,97.7866,96.0864,1
98.535,97.054,97.62,0.004637945907545626,98.107,96.6226,0
98.992,98.535,97.054,-0.008707774365605436,98.06620000000001,97.03450000000001,1
98.13,98.992,98.535,0.0021400183430144715,98.2102,97.53450000000001,1
98.34,98.13,98.992,0.005897905226764255,98.58340000000001,97.9865,0
98.92,98.34,98.13,-0.0014152850788515803,98.63239999999999,98.2095,0
98.78,98.92,98.34,-0.0154889653776068,98.28399999999999,98.19550000000001,1
97.25,98.78,98.92,0.0007197943444730015,98.12199999999999,98.0941,1
97.32,97.25,98.78,0.006370735717221576,98.042,98.1261,1
97.94,97.32,97.25,0.002654686542781448,97.898,98.2407,1
98.2,97.94,97.32,0.0059164969450102856,97.8982,98.2653,0
98.781,98.2,97.94,-0.02409370223018603,97.7284,98.0062,0
96.401,98.781,98.2,-0.020238379269924556,97.15440000000001,97.6382,1
94.45,96.401,98.781,0.015669666490206513,96.75240000000001,97.3972,1
95.93,94.45,96.401,0.012112999061815843,96.5308,97.2144,1
97.092,95.93,94.45,0.012853788159683743,96.4426,97.1704,0
98.34,97.092,95.93,-0.006202969290217575,96.70840000000001,97.2184,1
97.73,98.34,97.092,0.009925304410109526,97.55839999999999,97.3564,0
98.7,97.73,98.34,-0.00861195542046611,97.94239999999999,97.34740000000001,0
97.85,98.7,97.73,-0.004271844660194146,98.0104,97.2706,1
97.432,97.85,98.7,0.015785368256835408,98.13640000000001,97.2895,0
98.97,97.432,97.85,-0.0031322623017076,98.32239999999999,97.5154,1
98.66,98.97,97.432,0.009122237989053428,98.4944,98.0264,1
99.56,98.66,98.97,0.007432703897147341,98.9844,98.46340000000001,1
100.3,99.56,98.66,0.0045862412761714655,99.65,98.8302,0
100.76,100.3,99.56,-0.0006947201270346426,99.994,99.06519999999999,0
100.69,100.76,100.3,-0.009434899195550739,100.21000000000001,99.2662,1
99.74,100.69,100.76,0.007018247443352665,100.386,99.4402,0
100.44,99.74,100.69,-0.0017921146953404632,100.378,99.6812,0
100.26,100.44,99.74,-0.002393776181927043,100.23,99.94,0
100.02,100.26,100.44,-0.01049790041991594,99.886,99.94000000000001,1
98.97,100.02,100.26,0.0026270587046579585,99.784,99.997,1
99.23,98.97,100.02,0.0010077597500754987,99.562,99.974,0
99.33,99.23,98.97,-0.0025168629819792843,99.326,99.852,0
99.08,99.33,99.23,-0.010234154218813019,98.9352,99.5826,1
98.066,99.08,99.33,0.005853200905512557,98.8692,99.3776,0
98.64,98.066,99.08,-0.005170316301703171,98.6492,99.2166,0
98.13,98.64,98.066,-0.0021400183430143604,98.3672,98.96459999999999,0
97.92,98.13,98.64,-0.007250816993464082,97.99319999999999,98.6596,0
97.21,97.92,98.13,-0.006995165106470469,97.686,98.3106,0
96.53,97.21,97.92,0.0,97.264,98.0666,1
96.53,96.53,97.21,0.00973790531440999,97.132,97.89059999999999,1
97.47,96.53,96.53,0.012516671796450218,97.286,97.8266,1
98.69,97.47,96.53,0.005066369439659546,97.682,97.8376,0
99.19,98.69,97.47,-0.0036293981248110008,98.142,97.91399999999999,1
98.83,99.19,98.69,0.0009106546595163412,98.62,97.942,0
98.92,98.83,99.19,-0.005155681358673725,98.80799999999999,97.97,1
98.41,98.92,98.83,0.007296006503404229,98.89559999999999,98.0908,0
99.128,98.41,98.92,-0.0068396416754095135,98.7476,98.2148,0
98.45,99.128,98.41,-0.00964956830878616,98.4816,98.31179999999999,0
97.5,98.45,99.128,-0.010666666666666713,97.9896,98.3048,0
96.46,97.5,98.45,-0.01130002073398284,97.3816,98.09479999999999,1
95.37,96.46,97.5,0.006605850896508336,96.756,97.8258,0
96.0,95.37,96.46,-0.00927083333333334,96.088,97.4178,1
95.11,96.0,95.37,0.013279360740195534,95.8626,97.1721,0
96.373,95.11,96.0,-0.002656345656978587,95.79400000000001,96.8918,0
96.117,96.373,95.11,-0.012547208090140205,95.7022,96.5419,0
94.911,96.117,96.373,-0.008228761681996932,95.32820000000001,96.04209999999999,1
94.13,94.911,96.117,0.006480399447572394,95.2542,95.6711,1
94.74,94.13,94.911,0.0008444162972345293,94.94359999999999,95.40310000000001,1
94.82,94.74,94.13,0.0024256485973424002,94.7302,95.2621,1
95.05,94.82,94.74,0.0034718569174119196,94.82399999999998,95.2631,1
95.38,95.05,94.82,0.014866848395890253,95.35759999999999,95.3429,0
96.798,95.38,95.05,-0.014132523399243757,95.4956,95.3749,1
95.43,96.798,95.38,0.011442942470921036,95.83600000000001,95.3898,0
96.522,95.43,96.798,-0.009541866103064622,95.9462,95.3382,1
95.601,96.522,95.43,0.004905806424619019,96.08420000000001,95.45410000000001,1
96.07,95.601,96.522,0.005964400957635174,96.0532,95.70540000000001,1
96.643,96.07,95.601,0.02242273108243742,96.7292,96.11240000000001,0
98.81,96.643,96.07,-0.003572512903552316,97.1162,96.4761,0
98.457,98.81,96.643,-0.00995358379800304,97.4914,96.7188,1
97.477,98.457,98.81,0.006893933953650677,97.90719999999999,96.9957,0
98.149,97.477,98.457,-0.0052878786335062156,98.1046,97.0789,1
97.63,98.149,97.477,0.007579637406534889,98.0166,97.37289999999999,0
98.37,97.63,98.149,-0.005601301209718468,97.889,97.5026,0
97.819,98.37,97.63,-0.013484087958372082,97.69359999999999,97.5925,0
96.5,97.819,98.37,-0.007875647668393881,97.2118,97.5595,1
95.74,96.5,97.819,0.008669312721955258,96.9998,97.5522,1
96.57,95.74,96.5,0.0019674847261055284,96.6778,97.3472,0
96.76,96.57,95.74,-0.009404712691194805,96.284,97.0865,0
95.85,96.76,96.57,-0.007626499739175729,96.0078,96.8507,1
95.119,95.85,96.76,0.007664083936963273,96.0294,96.6206,1
95.848,95.119,95.85,0.0009911526583756824,95.904,96.4519,0
95.943,95.848,95.119,-0.007639952888694346,95.59400000000001,96.1359,1
95.21,95.943,95.848,0.009263732801176428,95.6424,95.9632,1
96.092,95.21,95.943,0.002487199766890047,95.8848,95.9463,1
96.331,96.092,95.21,0.001754367752852204,96.01520000000001,96.0223,0
96.5,96.331,96.092,-0.007046632124352414,95.9906,95.9473,1
95.82,96.5,96.331,0.0033395950740973124,96.1766,95.8853,0
96.14,95.82,96.5,-0.001560224672352839,96.15619999999998,95.8993,0
95.99,96.14,95.82,-0.0011459527034065609,96.06599999999999,95.9754,0
95.88,95.99,96.14,-0.007019190654985463,95.80739999999999,95.9113,0
95.207,95.88,95.99,-0.006165513040007453,95.56739999999999,95.779,0
94.62,95.207,95.88,-0.02029169308814205,94.8794,95.52799999999999,1
92.7,94.62,95.207,0.004746494066882434,94.30940000000001,95.2328,0
93.14,92.7,94.62,-0.0060124543697659405,93.6494,94.8577,0
92.58,93.14,92.7,-0.001404190969971908,93.098,94.4527,1
92.45,92.58,93.14,0.006814494321254694,92.78999999999999,94.1787,1
93.08,92.45,92.58,0.0059088955737001125,92.976,93.9277,1
93.63,93.08,92.45,0.007155826124105591,93.208,93.7587,0
94.3,93.63,93.08,-0.0062778366914103545,93.4336,93.5415,1
93.708,94.3,93.63,0.005357066632518004,93.78559999999999,93.4418,1
94.21,93.708,94.3,0.0015921876658528955,94.04159999999999,93.4158,0
94.36,94.21,93.708,-0.002225519287833766,94.14559999999999,93.5608,0
94.15,94.36,94.21,-0.006691449814126504,93.98960000000001,93.5988,1
93.52,94.15,94.36,0.0005346449957228661,93.962,93.6978,1
93.57,93.52,94.15,0.014759003954258887,94.11019999999999,93.9479,0
94.951,93.57,93.52,-0.0006424366252065772,94.2162,94.1289,0
94.89,94.951,93.57,-0.001896933291179348,94.32820000000001,94.23689999999999,1
94.71,94.89,94.951,0.00475134621476081,94.65619999999998,94.3229,0
95.16,94.71,94.89,-0.007797393862967517,94.82579999999999,94.3939,1
94.418,95.16,94.71,0.007117286957995184,94.8536,94.4819,1
95.09,94.418,95.16,0.0048375223472498785,94.9856,94.6009,0
95.55,95.09,94.418,-0.009419152276295084,94.9736,94.65090000000001,0
94.65,95.55,95.09,-0.00021130480718445366,94.86760000000001,94.7619,1
94.63,94.65,95.55,0.00570643559125017,95.018,94.9219,1
95.17,94.63,94.65,0.0013659766733213896,95.05999999999999,94.9568,0
95.3,95.17,94.63,-0.005351521511017698,94.908,94.9468,1
94.79,95.3,95.17,0.007173752505538422,95.072,95.0228,1
95.47,94.79,95.3,0.020530009427045304,95.632,95.2498,0
97.43,95.47,94.79,0.0,96.084,95.551,0
97.43,97.43,95.47,-0.000882685004618855,96.4928,95.7764,0
97.344,97.43,97.43,-0.0034311308349769254,96.9368,95.9224,0
97.01,97.344,97.43,-0.011143181115348955,97.02860000000001,96.05030000000001,1
95.929,97.01,97.344,0.0027103378540378475,96.7804,96.2062,0
96.189,95.929,97.01,-0.009387767832080507,96.35159999999999,96.21780000000001,0
95.286,96.189,95.929,-0.003946015154377425,95.86479999999999,96.1788,0
94.91,95.286,96.189,-0.0021072595090085855,95.4048,96.1708,0
94.71,94.91,95.286,-0.002850807728856486,95.107,96.0678,1
94.44,94.71,94.91,0.00434138077085966,94.83919999999999,95.80980000000001,0
94.85,94.44,94.71,-0.007822878228782137,94.6036,95.4776,1
94.108,94.85,94.44,0.0015089046627279057,94.4716,95.1682,1
94.25,94.108,94.85,0.0014854111405835368,94.4076,94.9062,1
94.39,94.25,94.108,0.0018010382455768692,94.4316,94.7693,0
94.56,94.39,94.25,-0.001871827411167537,94.3382,94.58869999999999,0
94.383,94.56,94.39,-0.004905544430670705,94.3006,94.4521,1
93.92,94.383,94.56,0.00181005110732535,94.2686,94.37010000000001,0
94.09,93.92,94.383,-0.004782654904878392,94.11859999999999,94.26310000000001,0
93.64,94.09,93.92,-0.000640751815463525,93.92260000000002,94.1771,0
93.58,93.64,94.09,-0.0006411626415900873,93.75,94.04409999999999,0
93.52,93.58,93.64,-0.0016680923866552178,93.6388,93.9697,0
93.364,93.52,93.58,-0.0052482755665996805,93.3956,93.8321,0
92.874,93.364,93.52,-0.0019381096970088052,93.2064,93.6625,0
92.694,92.874,93.364,-0.00522148143353407,92.9324,93.4275,1
92.21,92.694,92.874,0.005205509163865196,92.7664,93.2582,1
92.69,92.21,92.694,0.0037760276189449105,92.70160000000001,93.1702,1
93.04,92.69,92.21,0.0012897678417884695,92.7588,93.0772,0
93.16,93.04,92.69,-0.0025332760841562108,92.8048,93.00559999999999,0
92.924,93.16,93.04,-0.006575265808617892,92.8254,92.8789,0
92.313,92.924,93.16,-0.001874058908279408,92.7154,92.74090000000001,0
92.14,92.313,92.924,-0.004883872368135478,92.4454,92.5735,0
91.69,92.14,92.313,-0.01123350419893121,91.94539999999999,92.3521,0
90.66,91.69,92.14,-0.0028678579307300778,91.4406,92.12270000000001,1
90.4,90.66,91.69,0.0050995575221239875,91.1502,91.98780000000001,1
90.861,90.4,90.66,0.00040721541695543095,90.90180000000001,91.8086,1
90.898,90.861,90.4,0.0015621905872518216,90.77180000000001,91.6086,1
91.04,90.898,90.861,0.0017574692442881013,90.87980000000002,91.4126,1
91.2,91.04,90.898,0.0012061403508771829,91.0618,91.25120000000001,1
91.31,91.2,91.04,0.0006023436644397862,91.1626,91.1564,1
91.365,91.31,91.2,0.007355114102774785,91.3904,91.1461,0
92.037,91.365,91.31,-0.014418114453969788,91.3244,91.0481,1
90.71,92.037,91.365,0.006724727152463972,91.3484,91.11410000000001,0
91.32,90.71,92.037,-0.0053657468243538675,91.2524,91.15709999999999,0
90.83,91.32,90.71,-0.013321589783111265,90.90339999999999,91.03299999999999,0
89.62,90.83,91.32,-0.010377147958045119,90.234,90.8122,1
88.69,89.62,90.83,0.013552824444694966,90.07039999999999,90.69739999999999,1
89.892,88.69,89.62,0.0038490633204288915,89.854,90.6012,0
90.238,89.892,88.69,-0.0038564684500985713,89.666,90.4592,0
89.89,90.238,89.892,-0.004016019579486052,89.6478,90.2756,1
89.529,89.89,90.238,0.0028035608573759863,89.8658,90.04990000000001,0
89.78,89.529,89.89,-0.0005569169079973069,89.83340000000001,89.9519,0
89.73,89.78,89.529,-0.00042349270032326913,89.7242,89.78909999999999,0
89.692,89.73,89.78,-0.0008027471792354524,89.6702,89.66810000000001,0
89.62,89.692,89.73,-0.008937737112251765,89.5282,89.588,0
88.819,89.62,89.692,-0.0032538083067812362,89.2782,89.572,1
88.53,88.819,89.62,0.0023720772619451047,89.0802,89.4568,1
88.74,88.53,88.819,0.011606941627225531,89.0958,89.41,1
89.77,88.74,88.53,0.0017823326278267881,89.1578,89.414,0
89.93,89.77,88.74,-0.0027799399532970615,89.33000000000001,89.42909999999999,1
89.68,89.93,89.77,0.001561106155218317,89.588,89.4331,0
89.82,89.68,89.93,-0.004753952349142665,89.7186,89.3994,1
89.393,89.82,89.68,0.015739487431901678,89.9246,89.5102,1
90.8,89.393,89.82,0.0008810572687223406,90.1146,89.6362,1
90.88,90.8,89.393,0.00011003521126773386,90.3566,89.8433,0
90.89,90.88,90.8,-0.0016283419518098308,90.541,90.06450000000001,1
90.742,90.89,90.88,0.0005289722509973505,90.8204,90.26950000000001,1
90.79,90.742,90.89,0.0006608657341116153,90.83040000000001,90.3775,1
90.85,90.79,90.742,0.006164006604292727,90.9364,90.5255,1
91.41,90.85,90.79,0.0070014221638770024,91.1684,90.7625,1
92.05,91.41,90.85,0.0006518196632265827,91.44200000000001,90.9915,1
92.11,92.05,91.41,0.0009988057757028823,91.72439999999999,91.27239999999999,0
92.202,92.11,92.05,-0.005997700700635544,91.88419999999999,91.3573,0
91.649,92.202,92.11,-0.011456753483398585,91.72200000000001,91.3292,1
90.599,91.649,92.202,0.009900771531694552,91.6112,91.38980000000001,0
91.496,90.599,91.649,-0.015585380781673486,91.20320000000001,91.3226,1
90.07,91.496,90.599,0.003552792272676797,90.84079999999999,91.2826,0
90.39,90.07,91.496,0.0,90.58899999999998,91.2366,1
90.39,90.39,90.07,0.0034074565770549903,90.6088,91.1654,1
90.698,90.39,90.39,0.0007938433041523307,90.4636,91.0374,0
90.77,90.698,90.39,-0.0098050016525284,90.4256,90.8144,0
89.88,90.77,90.698,-0.0005674232309746952,90.3134,90.5771,0
89.829,89.88,90.77,-0.0013247392267530245,90.1774,90.3832,1
89.71,89.829,89.88,0.002229405863337419,90.01979999999999,90.31429999999999,1
89.91,89.71,89.829,0.004115226337448652,89.92179999999999,90.19269999999999,0
90.28,89.91,89.71,-0.0068675232609659576,89.87780000000001,90.1517,0
89.66,90.28,89.91,-0.007249609636404086,89.714,90.0137,1
89.01,89.66,90.28,0.002471632400853796,89.61800000000001,89.8977,1
89.23,89.01,89.66,0.0018827748515073406,89.5156,89.76769999999999,0
89.398,89.23,89.01,-0.005570594420456709,89.2396,89.58070000000001,0
88.9,89.398,89.23,-0.0007874015748032814,89.07360000000001,89.47569999999999,1
88.83,88.9,89.398,0.0007880220646179215,89.0516,89.3828,0
88.9,88.83,88.9,-0.003453318335208122,88.92420000000001,89.2711,0
88.593,88.9,88.83,-0.013917578138227693,88.51660000000001,89.01610000000001,0
87.36,88.593,88.9,-0.025412087912087933,87.7646,88.50210000000001,1
85.14,87.36,88.593,0.0157387831806437,87.2946,88.1841,0
86.48,85.14,87.36,-0.0026595744680851796,86.7646,87.9081,1
86.25,86.48,85.14,0.004637681159420426,86.376,87.6501,1
86.65,86.25,86.48,0.010502019619157421,86.416,87.46630000000002,1
87.56,86.65,86.25,0.007983097304705256,87.0398,87.4022,1
88.259,87.56,86.65,0.02561778402202597,87.84779999999999,87.5712,0
90.52,88.259,87.56,-0.013588157313300764,88.4558,87.61019999999999,0
89.29,90.52,88.259,-0.010191510807481374,88.8018,87.5889,0
88.38,89.29,90.52,-0.003281285358678332,88.9078,87.6619,1
88.09,88.38,89.29,0.0015892836871380656,88.902,87.9709,1
88.23,88.09,88.38,0.009747251501756704,88.61600000000001,88.2319,0
89.09,88.23,88.09,-0.004489841733078981,88.49600000000001,88.4759,1
88.69,89.09,88.23,0.009256962453489725,88.7222,88.762,1
89.511,88.69,89.09,0.003787244025873937,89.07419999999999,88.991,0
89.85,89.511,88.69,-0.002337228714524131,89.3562,89.12910000000001,1
89.64,89.85,89.511,0.008924587237840287,89.6262,89.1211,1
90.44,89.64,89.85,0.00682220256523669,90.0996,89.2978,1
91.057,90.44,89.64,0.008214634789198039,90.5584,89.6403,0
91.805,91.057,90.44,-0.0017972877294265555,90.9164,89.9953,0
91.64,91.805,91.057,-0.0021388040157136468,91.27720000000001,90.3167,0
91.444,91.64,91.805,-0.003652508639167218,91.41120000000001,90.5187,1
91.11,91.444,91.64,0.0063659312918449285,91.53779999999999,90.8187,1
91.69,91.11,91.444,0.0030537681317484022,91.57079999999999,91.0646,1
91.97,91.69,91.11,0.004892899858649491,91.7268,91.3216,1
92.42,91.97,91.69,0.005301882709370265,92.02,91.6486,1
92.91,92.42,91.97,0.00010763104079214436,92.382,91.8966,0
92.92,92.91,92.42,0.0,92.62800000000001,92.08290000000001,0
92.92,92.92,92.91,-0.002260008609556663,92.776,92.17339999999999,0
92.71,92.92,92.92,-0.0023190594326393255,92.791,92.2589,0
92.495,92.71,92.92,-0.00983836964160234,92.526,92.273,1
91.585,92.495,92.71,0.008418409128132298,92.41319999999999,92.3976,1
92.356,91.585,92.495,0.01119580752739413,92.50719999999998,92.5676,0
93.39,92.356,91.585,-0.007816682728343571,92.49719999999999,92.6366,1
92.66,93.39,92.356,0.0002158428663934231,92.5342,92.6626,0
92.68,92.66,93.39,-0.004208027621924959,92.6752,92.6006,0
92.29,92.68,92.66,-0.0021454112038141737,92.6224,92.51780000000001,0
92.092,92.29,92.68,-0.01098901098901095,92.1604,92.3338,1
91.08,92.092,92.29,0.0038757136583225105,91.915,92.20609999999999,0
91.433,91.08,92.092,-0.0018155370599237663,91.6324,92.08330000000001,0
91.267,91.433,91.08,-0.00566469808364467,91.3244,91.99980000000001,1
90.75,91.267,91.433,0.00033057851239681746,91.062,91.8422,1
90.78,90.75,91.267,0.0008812513769551611,91.018,91.5892,0
90.86,90.78,90.75,-0.0017059211974466137,90.8724,91.3937,1
90.705,90.86,90.78,0.005446226779119101,90.8588,91.2456,0
91.199,90.705,90.86,-7.675522757932818e-05,90.9472,91.1358,0
91.192,91.199,90.705,-0.00876173348539333,90.8698,90.9659,0
90.393,91.192,91.199,-0.006449614461296771,90.65979999999999,90.8389,1
89.81,90.393,91.192,0.0028950005567307535,90.5328,90.7026,0
90.07,89.81,90.393,-0.001110247585211388,90.28699999999999,90.57289999999999,1
89.97,90.07,89.81,0.0049460931421585475,90.13159999999999,90.5394,0
90.415,89.97,90.07,-0.008682187690095766,89.979,90.4244,1
89.63,90.415,89.97,0.0035702331808546983,90.00699999999999,90.3334,0
89.95,89.63,90.415,-0.001912173429683084,89.9486,90.24069999999999,1
89.778,89.95,89.63,0.005480184454988768,90.0086,90.14779999999999,0
90.27,89.778,89.95,-0.00011077877478660181,89.97760000000001,90.0546,0
90.26,90.27,89.778,-0.00028805672501674984,90.0984,90.0387,1
90.234,90.26,90.27,0.005829288294877832,90.2604,90.1337,0
90.76,90.234,90.26,-0.003657999118554467,90.3904,90.1695,1
90.428,90.76,90.234,0.004556110939089697,90.5044,90.2565,0
90.84,90.428,90.76,-0.01574196389255844,90.33439999999999,90.15599999999999,0
89.41,90.84,90.428,-0.002125041941617223,90.1316,90.115,1
89.22,89.41,90.84,0.0002241649854293204,89.8276,90.04400000000001,0
89.24,89.22,89.41,0.0,89.59,89.9902,0
89.24,89.24,89.22,-0.00022411474675032572,89.26599999999999,89.8852,1
89.22,89.24,89.24,0.006142120600762135,89.3376,89.836,1
89.768,89.22,89.24,0.0018046519918011317,89.47959999999999,89.8056,0
89.93,89.768,89.22,-0.0013343711775826161,89.59360000000001,89.7106,1
89.81,89.93,89.768,0.001558846453624252,89.7356,89.6628,1
89.95,89.81,89.93,0.0003001667593107715,89.887,89.5765,1
89.977,89.95,89.81,0.0011225090856552544,89.949,89.6433,0
90.078,89.977,89.95,-0.0003108417149582099,89.973,89.72630000000001,1
90.05,90.078,89.977,0.0021543586896168865,90.05980000000001,89.82669999999999,1
90.244,90.05,90.078,0.00893134169584675,90.2798,90.0077,1
91.05,90.244,90.05,0.010181219110378947,90.6798,90.2834,0
91.977,91.05,90.244,-0.004751187796949163,90.97220000000002,90.4606,1
91.54,91.977,91.05,0.004369674459252737,91.3502,90.66159999999999,0
91.94,91.54,91.977,-0.0035892973678486317,91.62339999999999,90.8416,0
91.61,91.94,91.54,-0.004093439580831748,91.66040000000001,90.9701,0
91.235,91.61,91.94,-0.011782758809667393,91.297,90.9884,1
90.16,91.235,91.61,0.0013198757763974722,91.0448,91.0085,0
90.279,90.16,91.235,-0.011176464072486403,90.51079999999999,90.9305,0
89.27,90.279,90.16,-0.003909488069900213,89.97299999999998,90.79820000000001,0
88.921,89.27,90.279,-0.001135839677916528,89.49,90.5752,1
88.82,88.921,89.27,0.0005629362756136569,89.232,90.2645,1
88.87,88.82,88.921,0.0031506695172724974,89.0062,90.0255,0
89.15,88.87,88.82,-0.004598990465507713,88.9002,89.7055,0
88.74,89.15,88.87,-0.0019157088122605526,88.83,89.4015,1
88.57,88.74,89.15,0.006661397764480048,88.898,89.19399999999999,1
89.16,88.57,88.74,0.01188873934499779,89.168,89.2,1
90.22,89.16,88.57,0.000775881179339466,89.39599999999999,89.2011,1
90.29,90.22,89.16,0.0029349872632629115,89.759,89.3296,0
90.555,90.29,90.22,-0.002970570371597425,90.10220000000001,89.4661,0
90.286,90.555,90.29,-0.0032895465520678124,90.268,89.583,1
89.989,90.286,90.555,0.005345097734167359,90.318,89.74300000000001,1
90.47,89.989,90.286,0.0019675030396817395,90.3896,89.8928,0
90.648,90.47,89.989,-0.0011914217633041124,90.3866,90.0728,1
90.54,90.648,90.47,0.001767174729401244,90.46940000000001,90.2858,0
90.7,90.54,90.648,-0.004189636163175359,90.5356,90.40180000000001,0
90.32,90.7,90.54,-0.0003321523472097354,90.49960000000002,90.4088,1
90.29,90.32,90.7,0.0012515228707496995,90.4506,90.4201,1
90.403,90.29,90.32,0.0008517416457418658,90.4386,90.4126,1
90.48,90.403,90.29,0.0004420866489831532,90.40259999999999,90.436,0
90.52,90.48,90.403,-0.0009169244365885287,90.426,90.4808,0
90.437,90.52,90.48,-0.0010725698552582763,90.436,90.4678,1
90.34,90.437,90.52,0.00028780163825548044,90.4286,90.43960000000001,1
90.366,90.34,90.437,0.018236947524511438,90.7354,90.587,1
92.014,90.366,90.34,0.0054230877909884345,91.134,90.7683,0
92.513,92.014,90.366,-6.485575000270138e-05,91.548,90.987,0
92.507,92.513,92.014,-0.001156669225031659,91.96,91.19800000000001,1
92.4,92.507,92.513,0.00032467532467528315,92.37280000000001,91.4007,1
92.43,92.4,92.507,0.0006491398896459888,92.46799999999999,91.60170000000001,1
92.49,92.43,92.4,0.003567953292247683,92.5294,91.8317,1
92.82,92.49,92.43,0.007541478129713397,92.732,92.14,1
93.52,92.82,92.49,0.0035286569717707383,93.022,92.491,1
93.85,93.52,92.82,0.007245604688332463,93.44199999999998,92.9074,1
94.53,93.85,93.52,0.0003067809161112489,93.8558,93.16189999999999,0
94.559,94.53,93.85,-0.002421768419716752,94.1578,93.34360000000001,0
94.33,94.559,94.53,-0.005682179582317426,94.2126,93.47229999999999,0
93.794,94.33,94.559,-0.005170906454570634,94.1044,93.56320000000001,1
93.309,93.794,94.33,0.0011895958589203115,93.88239999999999,93.6622,0
93.42,93.309,93.794,-0.0027831299507600216,93.6026,93.72919999999999,1
93.16,93.42,93.309,8.587376556468129e-05,93.3702,93.764,1
93.168,93.16,93.42,0.0001609994848017493,93.248,93.7303,0
93.183,93.168,93.16,-3.2194713628030946e-05,93.2222,93.6633,1
93.18,93.183,93.168,0.0014810045074049594,93.2018,93.5421,0
93.318,93.18,93.183,-0.002979060845710313,93.1778,93.39020000000001,0
93.04,93.318,93.18,-0.009565778159931204,92.97420000000001,93.1722,0
92.15,93.04,93.318,-0.0014107433532285496,92.74159999999999,92.99480000000001,0
92.02,92.15,93.04,-0.001304064333840338,92.4856,92.85390000000001,1
91.9,92.02,92.15,0.006093579978237118,92.314,92.75789999999999,1
92.46,91.9,92.02,0.00768981181051287,92.3402,92.759,0
93.171,92.46,91.9,-0.0012557555462536785,92.521,92.7476,1
93.054,93.171,92.46,0.0036967782147998562,92.7966,92.76910000000001,1
93.398,93.054,93.171,0.00591019079637678,93.20660000000001,92.8461,1
93.95,93.398,93.054,0.0013837147418840345,93.5306,92.92229999999999,0
94.08,93.95,93.398,-0.001913265306122347,93.6764,93.0083,0
93.9,94.08,93.95,-0.008051118210862573,93.6944,93.1077,1
93.144,93.9,94.08,0.00876062870394212,93.8068,93.3017,1
93.96,93.144,93.9,0.0005640698169435687,93.8194,93.513,0
94.013,93.96,93.144,-0.0019465393083936133,93.76939999999999,93.65,1
93.83,94.013,93.96,0.004263028882020681,93.8354,93.7559,0
94.23,93.83,94.013,-0.0023347129364321706,94.0086,93.85150000000002,1
94.01,94.23,93.83,0.00725454738857545,94.155,93.98089999999999,1
94.692,94.01,94.23,0.00019008997592195875,94.2944,94.0569,0
94.71,94.692,94.01,-0.009808890296695072,94.2846,94.02700000000002,0
93.781,94.71,94.692,-0.0314669282690524,93.6046,93.72,1
90.83,93.781,94.71,0.008257183749862396,93.1186,93.5636,1
91.58,90.83,93.781,0.0010919414719372522,92.5162,93.3356,1
91.68,91.58,90.83,0.0047120418848165535,91.9966,93.1455,1
92.112,91.68,91.58,0.01159458051068274,91.8764,93.0805,0
93.18,92.112,91.68,-0.007405022537025241,92.20840000000001,92.90650000000001,1
92.49,93.18,92.112,0.007341334198291749,92.52619999999999,92.82239999999999,0
93.169,92.49,93.18,-0.00420740804344788,92.7456,92.6309,0
92.777,93.169,92.49,-0.0034167951108572403,92.8152,92.4059,0
92.46,92.777,93.169,-0.0011897036556348661,92.6492,92.2628,1
92.35,92.46,92.777,0.0021656740660531693,92.6612,92.4348,0
92.55,92.35,92.46,-0.0070124257158292735,92.4076,92.4669,0
91.901,92.55,92.35,-0.003928140063764185,92.16019999999999,92.4529,0
91.54,91.901,92.55,-0.023705483941446337,91.54220000000001,92.17869999999999,1
89.37,91.54,91.901,0.006892693297527064,91.0694,91.85929999999999,1
89.986,89.37,91.54,0.00198919831973865,90.5924,91.6268,1
90.165,89.986,89.37,0.0002772694504518114,90.25019999999999,91.3289,1
90.19,90.165,89.986,0.0015744539305908578,90.0086,91.08439999999999,0
90.332,90.19,90.165,-0.0040074392241951085,90.1286,90.8354,1
89.97,90.332,90.19,0.01010336778926324,90.3072,90.6883,1
90.879,89.97,90.332,0.0019036301015635804,90.4846,90.53850000000001,0
91.052,90.879,89.97,-0.0030971313095814468,90.60060000000001,90.4254,1
90.77,91.052,90.879,0.0023135397157652005,90.73020000000001,90.36940000000001,1
90.98,90.77,91.052,0.002308199604308614,90.9742,90.5514,0
91.19,90.98,90.77,-0.0009869503235003796,91.0184,90.6628,1
91.1,91.19,90.98,0.011964873765093254,91.246,90.8653,1
92.19,91.1,91.19,0.00469682178110431,91.61659999999999,91.1086,0
92.623,92.19,91.1,-0.008021765652159951,91.79659999999998,91.2634,0
91.88,92.623,92.19,-0.0005441880713974445,91.92460000000001,91.4494,0
91.83,91.88,92.623,-0.0029402156158118142,92.0166,91.5175,0
91.56,91.83,91.88,-0.0004805591961555278,91.8818,91.5639,0
91.516,91.56,91.83,-0.0011582674067923682,91.6392,91.6279,0
91.41,91.516,91.56,-0.0004922874958975809,91.53620000000001,91.6664,0
91.365,91.41,91.516,-0.000612926175231232,91.43199999999999,91.67830000000001,1
91.309,91.365,91.41,0.0034060169315184297,91.444,91.7303,1
91.62,91.309,91.365,0.0006548788474132206,91.4768,91.67930000000001,1
91.68,91.62,91.309,0.0003272251308898966,91.5368,91.588,0
91.71,91.68,91.62,-0.0009813542688908994,91.58779999999999,91.562,0
91.62,91.71,91.68,-0.0015935385287055848,91.6208,91.5264,0
91.474,91.62,91.71,-0.0008527013140345874,91.576,91.51,0
91.396,91.474,91.62,-0.006083417217383702,91.408,91.44239999999999,0
90.84,91.396,91.474,-0.0015411712901804986,91.206,91.3714,1
90.7,90.84,91.396,0.000396912899669255,91.0292,91.30850000000001,0
90.736,90.7,90.84,-0.004044701110915261,90.80820000000001,91.2145,1
90.369,90.736,90.7,0.006927154223240306,90.72800000000001,91.152,0
90.995,90.369,90.736,-0.005000274740370347,90.668,91.038,0
90.54,90.995,90.369,-0.006958250497018037,90.51,90.858,0
89.91,90.54,90.995,-0.0031142253364475625,90.28880000000001,90.659,0
89.63,89.91,90.54,-0.005355349771281825,90.045,90.4266,1
89.15,89.63,89.91,0.0024228827818282284,89.7192,90.2236,0
89.366,89.15,89.63,-0.0005930667144103952,89.47380000000001,90.07090000000001,0
89.313,89.366,89.15,-0.007434528008240737,89.2216,89.8658,0
88.649,89.313,89.366,-0.002470417037981232,88.9816,89.6352,0
88.43,88.649,89.313,-0.009385954992649714,88.67160000000001,89.35830000000001,1
87.6,88.43,88.649,0.0021689497716896877,88.3564,89.0378,0
87.79,87.6,88.43,0.0,88.0518,88.7628,0
87.79,87.79,87.6,-0.000569540949994396,87.87,88.5458,0
87.74,87.79,87.79,-0.0013106906770001814,87.709,88.3453,0
87.625,87.74,87.79,-0.0016547788873038094,87.68500000000002,88.17830000000001,1
87.48,87.625,87.74,0.0022862368541380906,87.66300000000001,88.00970000000001,1
87.68,87.48,87.625,0.008325729927007197,87.787,87.91940000000001,1
88.41,87.68,87.48,0.0018097500282772128,87.953,87.9115,0
88.57,88.41,87.68,0.0,88.142,87.9255,1
88.57,88.57,88.41,0.0010161454217003651,88.378,88.0315,0
88.66,88.57,88.57,-0.00023685991427924158,88.56979999999999,88.1164,1
88.639,88.66,88.57,0.0017373842213925794,88.6464,88.2167,0
88.793,88.639,88.66,-0.005890103949635739,88.5864,88.2697,0
88.27,88.793,88.639,-0.010535855896680602,88.3404,88.2412,0
87.34,88.27,88.793,-0.008930615983512746,87.9204,88.1492,1
86.56,87.34,88.27,0.0010397412199629752,87.52260000000001,88.0462,0
86.65,86.56,87.34,-0.001419503750721307,87.0694,87.8579,1
86.527,86.65,86.56,0.0026928010909890165,86.7674,87.6769,1
86.76,86.527,86.65,0.005555555555555536,86.74780000000001,87.5441,0
87.242,86.76,86.527,-0.00436716260516723,86.808,87.36420000000001,1
86.861,87.242,86.76,0.0030278260669345247,86.9028,87.21270000000001,1
87.124,86.861,87.242,0.004545245856480529,87.1014,87.0854,0
87.52,87.124,86.861,-0.00034277879341870765,87.2474,87.0074,1
87.49,87.52,87.124,0.0005600640073151197,87.3068,87.0273,0
87.539,87.49,87.52,-0.006180102582848734,87.3342,87.0711,1
86.998,87.539,87.49,0.009402515000344724,87.47260000000001,87.18769999999999,0
87.816,86.998,87.539,-0.004145030518356574,87.45899999999999,87.28020000000001,0
87.452,87.816,86.998,-0.008793395233956836,87.2976,87.2725,0
86.683,87.452,87.816,-0.0028033178362540934,87.0778,87.1923,0
86.44,86.683,87.452,-0.0004627487274408981,86.9582,87.1462,0
86.4,86.44,86.683,0.0,86.67500000000001,87.07379999999999,1
86.4,86.4,86.44,0.002291666666666581,86.5042,86.9816,0
86.598,86.4,86.4,-0.009445945633848374,86.3236,86.8106,1
85.78,86.598,86.4,0.0059454418279318855,86.2936,86.6857,0
86.29,85.78,86.598,-0.005562637617336885,86.1756,86.5669,0
85.81,86.29,85.78,-0.0038457056287145575,85.99159999999999,86.33330000000001,0
85.48,85.81,86.29,-0.0010528778661675897,85.75000000000001,86.12710000000001,0
85.39,85.48,85.81,-0.00046843892727488345,85.664,85.99380000000001,1
85.35,85.39,85.48,0.006444053895723556,85.586,85.9398,0
85.9,85.35,85.39,-0.006286379511059481,85.49600000000001,85.8358,0
85.36,85.9,85.35,-0.002671040299906169,85.42639999999999,85.709,1
85.132,85.36,85.9,0.010924211812244344,85.5608,85.6554,1
86.062,85.132,85.36,0.0025330575631521413,85.74680000000001,85.7054,0
86.28,86.062,85.132,-0.00023180343069073572,85.8188,85.70240000000001,0
86.26,86.28,86.062,-0.0015070716438675413,85.9728,85.73440000000001,0
86.13,86.26,86.28,-0.009532102635550932,86.00819999999999,85.7173,1
85.309,86.13,86.26,0.003293908028461301,85.91380000000001,85.7373,0
85.59,85.309,86.13,-0.001986213342680232,85.7418,85.7443,0
85.42,85.59,85.309,-0.0008428939358464671,85.55940000000001,85.6891,1
85.348,85.42,85.59,0.003421286966302617,85.4614,85.71709999999999,0
85.64,85.348,85.42,-0.0005838393274170128,85.5176,85.7629,0
85.59,85.64,85.348,-0.0002453557658604888,85.5134,85.7136,0
85.569,85.59,85.64,-0.004966751977935946,85.4582,85.6,0
85.144,85.569,85.59,-0.010969651414075132,85.2306,85.39500000000001,1
84.21,85.144,85.569,0.005379408621303927,85.0352,85.2483,0
84.663,84.21,85.144,-0.0038151258519069087,84.7852,85.1514,1
84.34,84.663,84.21,0.01173820251363522,84.73740000000001,85.12539999999998,1
85.33,84.34,84.663,0.00016406890894171688,84.7774,85.1178,1
85.344,85.33,84.34,0.00206224221972251,85.0394,85.135,0
85.52,85.344,85.33,-0.011576239476145833,85.0128,85.024,0
84.53,85.52,85.344,-0.004495445403998488,84.97479999999999,84.88,1
84.15,84.53,85.52,0.002923351158645282,84.788,84.76270000000001,0
84.396,84.15,84.53,-0.0017299398075738548,84.5692,84.6733,1
84.25,84.396,84.15,0.0018991097922849143,84.3472,84.6933,1
84.41,84.25,84.396,0.00047387750266558726,84.33120000000001,84.672,0
84.45,84.41,84.25,-0.000355239786856143,84.3852,84.67999999999999,0
84.42,84.45,84.41,-0.003423359393508685,84.3322,84.5601,0
84.131,84.42,84.45,-0.004778262471621608,84.228,84.3986,1
83.729,84.131,84.42,0.00275890073928986,84.138,84.24260000000001,0
83.96,83.729,84.131,-0.0004764173415910955,84.03200000000001,84.1816,1
83.92,83.96,83.729,0.0030981887511916106,83.98400000000001,84.1846,0
84.18,83.92,83.96,-0.0007127583749109156,83.98179999999999,84.157,1
84.12,84.18,83.92,0.0021635758440323727,84.0964,84.1622,0
84.302,84.12,84.18,-0.007378235391805599,84.0404,84.0892,0
83.68,84.302,84.12,-0.007409177820267732,83.86840000000001,83.9502,1
83.06,83.68,84.302,0.031687936431495256,84.17080000000001,84.0774,1
85.692,83.06,83.68,0.0017271157167531026,84.51480000000001,84.2483,0
85.84,85.692,83.06,-0.0004659832246040052,84.8144,84.4554,1
85.8,85.84,85.692,0.00034965034965028785,85.2444,84.6424,0
85.83,85.8,85.84,-0.001631131306070177,85.7704,84.8194,1
85.69,85.83,85.8,0.0002333994631811276,85.77399999999999,84.9724,0
85.71,85.69,85.83,-0.007350367518375811,85.622,85.06840000000001,0
85.08,85.71,85.69,-0.006934649741419885,85.35999999999999,85.08720000000001,1
84.49,85.08,85.71,0.00023671440407158073,85.096,85.1702,0
84.51,84.49,85.08,-0.002958229795290479,84.81,85.2902,0
84.26,84.51,84.49,-0.0008307619273677513,84.506,85.14,1
84.19,84.26,84.51,0.0013065684760660279,84.35,84.986,0
84.3,84.19,84.26,-0.00023724792408064133,84.308,84.834,0
84.28,84.3,84.19,-0.004532510678690094,84.1856,84.6408,0
83.898,84.28,84.3,-0.0015256621135187887,84.0876,84.4488,0
83.77,83.898,84.28,-0.0023874895547332242,83.9636,84.23479999999999,0
83.57,83.77,83.898,-0.003230824458537729,83.7636,84.0568,0
83.3,83.57,83.77,-0.0012004801920767472,83.5476,83.92779999999999,1
83.2,83.3,83.57,0.0017187499999999911,83.4366,83.8111,1
83.343,83.2,83.3,0.0019197773058325929,83.3832,83.7354,0
83.503,83.343,83.2,-0.0034130510281067394,83.3128,83.63820000000001,0
83.218,83.503,83.343,-0.002859958182124034,83.2488,83.5062,0
82.98,83.218,83.503,-0.007230657989877209,83.0848,83.31620000000001,0
82.38,82.98,83.218,-0.003763049283806774,82.8302,83.1334,0
82.07,82.38,82.98,-0.001949555257706792,82.5116,82.94739999999999,0
81.91,82.07,82.38,-0.001220852154803942,82.23,82.7714,1
81.81,81.91,82.07,0.0032514362547364506,82.0492,82.649,0
82.076,81.81,81.91,-0.003606413567912581,81.92920000000001,82.507,1
81.78,82.076,81.81,0.00019564685742246013,81.87440000000001,82.35229999999999,0
81.796,81.78,82.076,-0.003948848354442869,81.787,82.14930000000001,0
81.473,81.796,81.78,-0.0007732623077584266,81.707,81.96849999999999,1
81.41,81.473,81.796,0.0004913401302051312,81.5818,81.8155,0
81.45,81.41,81.473,-0.0008594229588705371,81.5018,81.71549999999999,0
81.38,81.45,81.41,-0.0020889653477512704,81.3846,81.6295,1
81.21,81.38,81.45,0.0041497352542789745,81.39939999999999,81.5932,0
81.547,81.21,81.38,-0.00625406207463175,81.32480000000001,81.5159,1
81.037,81.547,81.21,0.0034305317324183626,81.2978,81.43979999999999,1
81.315,81.037,81.547,0.0005534034311012181,81.2938,81.39779999999999,1
81.36,81.315,81.037,0.0003687315634217647,81.3298,81.3572,0
81.39,81.36,81.315,-0.0010689273866568705,81.281,81.3402,0
81.303,81.39,81.36,-0.006309730268255653,81.2316,81.2782,1
80.79,81.303,81.39,0.00678301770021017,81.2362,81.267,1
81.338,80.79,81.303,0.003958789249797201,81.2962,81.29499999999999,0
81.66,81.338,80.79,-0.007959833455792209,81.2202,81.275,0
81.01,81.66,81.338,-0.007159609924700661,81.04560000000001,81.1633,0
80.43,81.01,81.66,-0.0011189854531891141,80.95559999999999,81.09360000000001,1
80.34,80.43,81.01,0.0028628329599202917,80.80199999999999,81.01910000000001,1
80.57,80.34,80.43,0.0011170410822887167,80.602,80.9491,1
80.66,80.57,80.34,0.004797917183238187,80.6094,80.9148,0
81.047,80.66,80.57,-0.003294384739718881,80.6794,80.8625,1
80.78,81.047,80.66,0.005942064867541452,80.8634,80.90950000000001,0
81.26,80.78,81.047,-6.153088850613386e-05,81.0004,80.90119999999999,0
81.255,81.26,80.78,-0.0012922281705739502,81.0984,80.8502,0
81.15,81.255,81.26,-0.0007393715341960094,81.107,80.85820000000001,1
81.09,81.15,81.255,0.005944012825255918,81.2654,80.9724,1
81.572,81.09,81.15,0.008041975187564221,81.459,81.1612,1
82.228,81.572,81.09,0.002274164518169197,81.691,81.3457,1
82.415,82.228,81.572,6.0668567614996505e-05,81.94500000000001,81.52170000000001,1
82.42,82.415,82.228,0.0010919679689396222,82.229,81.668,0
82.51,82.42,82.415,-0.0006302266391953193,82.4062,81.8358,1
82.458,82.51,82.42,0.008634698877004077,82.5946,82.0268,1
83.17,82.458,82.51,0.002404713237946332,82.7856,82.2383,0
83.37,83.17,82.458,-0.0028787333573229157,82.92760000000001,82.43629999999999,1
83.13,83.37,83.17,0.004932034163358745,83.1336,82.6813,0
83.54,83.13,83.37,-0.0009576250897774807,83.334,82.8701,1
83.46,83.54,83.13,5.9908938413677504e-05,83.393,82.9938,1
83.465,83.46,83.54,5.990534954758431e-05,83.413,83.0993,0
83.47,83.465,83.46,-0.0017012100155744392,83.45259999999999,83.1901,0
83.328,83.47,83.465,-0.0009360599078341858,83.3946,83.2641,1
83.25,83.328,83.47,0.003363363363363403,83.4086,83.37129999999999,1
83.53,83.25,83.328,0.0013168921345623197,83.4436,83.4183,1
83.64,83.53,83.25,0.0053802008608321295,83.5676,83.4903,0
84.09,83.64,83.53,-0.0005946010227136922,83.71000000000001,83.58130000000001,1
84.04,84.09,83.64,0.0014159923845786793,83.89180000000002,83.64320000000001,1
84.159,84.04,84.09,0.0010812866122458242,84.0358,83.72220000000002,0
84.25,84.159,84.04,-0.006884272997032648,84.0418,83.7427,1
83.67,84.25,84.159,0.005629257798494214,84.052,83.8098,0
84.141,83.67,84.25,-0.0047658097716928305,83.992,83.851,0
83.74,84.141,83.67,-0.012299976116551203,83.7022,83.797,0
82.71,83.74,84.141,-0.002055374199008475,83.36019999999999,83.69800000000001,1
82.54,82.71,83.74,0.0026653743639446503,83.1782,83.60999999999999,0
82.76,82.54,82.71,-0.0009787336877719044,82.88579999999999,83.4689,1
82.679,82.76,82.54,0.009567121034361747,82.8318,83.41189999999999,1
83.47,82.679,82.76,0.007547621900083845,83.10979999999999,83.40599999999999,0
84.1,83.47,82.679,-0.003281807372175982,83.36659999999999,83.3634,1
83.824,84.1,83.47,0.0013838518801296829,83.6026,83.3904,0
83.94,83.824,84.1,-0.00011913271384311752,83.85279999999999,83.3693,1
83.93,83.94,83.824,0.0004765876325507623,83.9528,83.3923,0
83.97,83.93,83.94,-0.006514231273073712,83.81739999999999,83.4636,1
83.423,83.97,83.93,0.004639008426932545,83.81460000000001,83.59060000000001,1
83.81,83.423,83.97,0.005488605178379569,83.8806,83.74159999999999,0
84.27,83.81,83.423,-0.0027293224160435114,83.9026,83.87769999999999,0
84.04,84.27,83.81,-0.002141837220371312,83.8806,83.9167,1
83.86,84.04,84.27,0.0007154781779155073,83.97999999999999,83.8987,1
83.92,83.86,84.04,0.0011439466158247313,84.0212,83.9179,0
84.016,83.92,83.86,-0.003166063606932057,83.91720000000001,83.8989,1
83.75,84.016,83.92,0.00047761194029849463,83.8672,83.88489999999999,0
83.79,83.75,84.016,-0.0027688268289771667,83.8068,83.84370000000001,0
83.558,83.79,83.75,-0.0063668350128055495,83.62800000000001,83.804,0
83.026,83.558,83.79,-0.0017584852937634343,83.4008,83.711,0
82.88,83.026,83.558,-0.00024131274131267144,83.2228,83.57000000000001,1
82.86,82.88,83.026,0.0009654839488293376,83.0528,83.46000000000001,0
82.94,82.86,82.88,-0.0022787557270315117,82.8914,83.34909999999999,0
82.751,82.94,82.86,-0.004676680644342679,82.75899999999999,83.1935,0
82.364,82.751,82.94,-0.008717400806177444,82.51219999999999,82.9565,0
81.646,82.364,82.751,-0.0017147196433383582,82.24140000000001,82.7321,0
81.506,81.646,82.364,-0.005103918729909451,81.87140000000001,82.4621,1
81.09,81.506,81.646,0.0002466395363176499,81.5432,82.2173,0
81.11,81.09,81.506,-3.6986808038430574e-05,81.2918,82.0254,1
81.107,81.11,81.09,0.006818153796836146,81.2946,81.9034,1
81.66,81.107,81.11,0.004714670585354019,81.4024,81.8219,1
82.045,81.66,81.107,0.013590102992260267,81.8164,81.8439,1
83.16,82.045,81.66,0.0019240019240018835,82.2584,81.9008,0
83.32,83.16,82.045,-0.0034805568891022043,82.643,81.9674,1
83.03,83.32,83.16,0.0015656991448873558,82.943,82.1188,0
83.16,83.03,83.32,-0.0011784511784511675,83.1464,82.27439999999999,0
83.062,83.16,83.03,-0.004177602273000791,83.0574,82.4369,1
82.715,83.062,83.16,0.007797860122106037,83.0654,82.6619,0
83.36,82.715,83.062,-0.0034668905950095974,83.0736,82.8583,0
83.071,83.36,82.715,-0.003563217007138353,82.9966,82.96979999999999,1
82.775,83.071,83.36,0.0025974025974024872,82.9822,83.0643,0
82.99,82.775,83.071,-0.00024099289070966812,83.03320000000001,83.0453,0
82.97,82.99,82.775,-0.0009642039291309912,82.9392,83.0023,0
82.89,82.97,82.99,-0.0027265050066352936,82.8578,82.9657,0
82.664,82.89,82.97,-0.0005927610568083885,82.8258,82.9112,0
82.615,82.664,82.89,-0.005749561217696431,82.6558,82.81899999999999,1
82.14,82.615,82.664,0.009629900170440742,82.648,82.84060000000001,0
82.931,82.14,82.615,-0.004353016363000672,82.58399999999999,82.7616,0
82.57,82.931,82.14,0.0,82.56519999999999,82.7115,1
82.57,82.57,82.931,0.00012110936175369069,82.55819999999999,82.692,0
82.58,82.57,82.57,-0.000544926132235446,82.63719999999999,82.64649999999999,0
82.535,82.58,82.57,-0.0034530805112982232,82.501,82.57449999999999,0
82.25,82.535,82.58,-0.0008875379939209393,82.42240000000001,82.50319999999999,1
82.177,82.25,82.535,0.008554705087798098,82.48440000000001,82.5248,0
82.88,82.177,82.25,-0.009169884169884068,82.3924,82.47529999999999,0
82.12,82.88,82.177,-0.00012177301509996852,82.3074,82.47229999999999,0
82.11,82.12,82.88,-0.00024357569114596966,82.2754,82.3882,0
82.09,82.11,82.12,-0.00012181751735906854,82.256,82.3392,0
82.08,82.09,82.11,-0.008089668615984369,81.9632,82.2238,1
81.416,82.08,82.09,0.0009457600471651784,81.83779999999999,82.11510000000001,1
81.493,81.416,82.08,0.0022210496607071306,81.75059999999999,82.029,1
81.674,81.493,81.416,0.006317800034282506,81.7706,82.023,0
82.19,81.674,81.493,-0.00024333860566971843,81.7886,82.0223,1
82.17,82.19,81.674,0.000608494584398267,81.9494,81.95630000000001,1
82.22,82.17,82.19,0.000997324252006937,82.11120000000001,81.9745,0
82.302,82.22,82.17,-0.0005103156666910191,82.2284,81.98949999999999,1
82.26,82.302,82.22,0.0018234865061996786,82.27239999999999,82.0215,1
82.41,82.26,82.302,0.011345710472030035,82.5074,82.148,1
83.345,82.41,82.26,0.001139840422340832,82.7514,82.35040000000001,0
83.44,83.345,82.41,-0.00011984659635655426,82.977,82.5441,1
83.43,83.44,83.345,0.00011986096128469015,83.213,82.7207,0
83.44,83.43,83.44,-0.0005992329817833264,83.40899999999999,82.8407,1
83.39,83.44,83.43,0.0037294639645040206,83.4802,82.9938,0
83.701,83.39,83.44,-0.0013261490304774526,83.5102,83.13080000000001,0
83.59,83.701,83.39,-0.0035889460461777656,83.4822,83.2296,0
83.29,83.59,83.701,-0.0024012486492976937,83.41220000000001,83.3126,0
83.09,83.29,83.59,-0.0002407028523289112,83.34819999999999,83.37859999999999,1
83.07,83.09,83.29,0.00040929336703987573,83.2288,83.3545,0
83.104,83.07,83.09,-0.0005294570658451736,83.12280000000001,83.31649999999999,0
83.06,83.104,83.07,-0.0037322417529497276,83.01480000000001,83.24849999999999,0
82.75,83.06,83.104,-0.003746223564954687,82.88480000000001,83.1485,0
82.44,82.75,83.06,-0.005009704027171269,82.67620000000001,83.0122,0
82.027,82.44,82.75,-0.004596047642849266,82.3854,82.8071,1
81.65,82.027,82.44,0.0003674219228413378,82.10940000000001,82.61609999999999,0
81.68,81.65,82.027,-0.0006121449559256531,81.8854,82.45009999999999,1
81.63,81.68,81.65,0.0030625995344848445,81.7734,82.3291,1
81.88,81.63,81.68,0.0003663898387884501,81.75,82.21310000000001,0
81.91,81.88,81.63,-0.0009400561591991208,81.78659999999999,82.086,1
81.833,81.91,81.88,0.006586584874072932,81.92499999999998,82.0172,0
82.372,81.833,81.91,-0.000752682950517114,82.061,81.9732,0
82.31,82.372,81.833,-0.0004859676831491244,82.13899999999998,81.9562,1
82.27,82.31,82.372,0.0008508569344840566,82.225,81.9875,0
82.34,82.27,82.31,-0.000801554529997639,82.31320000000001,82.04990000000001,1
82.274,82.34,82.27,0.00623526265892016,82.3962,82.1606,1
82.787,82.274,82.34,0.0003986133088527133,82.4982,82.2796,1
82.82,82.787,82.274,0.0010625452789181367,82.6258,82.3824,0
82.908,82.82,82.787,-0.012399285955516981,82.5338,82.3794,1
81.88,82.908,82.82,0.0001221299462628167,82.457,82.3851,0
81.89,81.88,82.908,-0.006691903773354491,82.16799999999999,82.2821,1
81.342,81.89,81.88,0.005507609844852768,81.96199999999999,82.2301,0
81.79,81.342,81.89,-0.00896197579166158,81.5918,82.1088,0
81.057,81.79,81.342,-0.023304588129340997,81.0494,81.7916,1
79.168,81.057,81.79,0.004054668552950558,80.5692,81.51310000000001,1
79.489,79.168,81.057,0.013725169520310887,80.4168,81.2924,0
80.58,79.489,79.168,-0.0001241002730206775,80.1728,81.06739999999999,1
80.57,80.58,79.489,0.004840511356584365,80.1534,80.8726,1
80.96,80.57,80.58,0.0035820158102768396,80.5698,80.8096,0
81.25,80.96,80.57,-0.0023384615384615115,80.88399999999999,80.72659999999999,0
81.06,81.25,80.96,-0.002467308166790083,80.94,80.6784,1
80.86,81.06,81.25,0.0017313875834776837,81.026,80.5994,1
81.0,80.86,81.06,0.004074074074074119,81.1,80.6267,1
81.33,81.0,80.86,0.0013525144473134354,81.138,80.8539,1
81.44,81.33,81.0,0.00036836935167006146,81.22,81.05199999999999,1
81.47,81.44,81.33,0.0036946115134406377,81.4022,81.1711,1
81.771,81.47,81.44,0.007863423463085883,81.685,81.35549999999999,1
82.414,81.771,81.47,0.008809182905817003,82.047,81.5735,1
83.14,82.414,81.771,0.0025258599951887284,82.429,81.78349999999999,1
83.35,83.14,82.414,0.008398320335932796,82.945,82.08250000000001,1
84.05,83.35,83.14,0.0002379535990482129,83.4048,82.4035,1
84.07,84.05,83.35,0.001629594385631039,83.76339999999999,82.7242,0
84.207,84.07,84.05,-0.0009144132910565705,83.9614,83.0042,1
84.13,84.207,84.07,0.012361820991322992,84.3254,83.37719999999999,1
85.17,84.13,84.207,0.0016672537278383803,84.5778,83.7614,0
85.312,85.17,84.13,-0.004208083270817675,84.7544,84.0796,0
84.953,85.312,85.17,-0.0026249808717760947,84.85900000000001,84.31120000000001,0
84.73,84.953,85.312,-0.0003540658562493082,84.973,84.46719999999999,1
84.7,84.73,84.953,0.0040141676505314194,84.947,84.6362,0
85.04,84.7,84.73,-0.004938852304797736,84.8086,84.6932,0
84.62,85.04,84.7,-0.01239659654927916,84.53220000000002,84.6433,1
83.571,84.62,85.04,0.003099161192279709,84.35220000000001,84.60560000000001,0
83.83,83.571,84.62,-0.0031134438745078485,84.126,84.5495,0
83.569,83.83,83.571,-0.005492467302468662,83.74,84.3435,0
83.11,83.569,83.83,-0.00012032246420412562,83.436,84.12230000000001,1
83.1,83.11,83.569,0.0008423586040915421,83.3558,83.94399999999999,0
83.17,83.1,83.11,-0.009666947216544486,83.063,83.7076,1
82.366,83.17,83.1,0.002719568754097512,82.8672,83.4966,0
82.59,82.366,83.17,-0.0019372805424384687,82.7312,83.2356,0
82.43,82.59,82.366,-0.006551012980711035,82.48920000000001,82.96260000000001,0
81.89,82.43,82.59,-0.0004884601294420365,82.2252,82.7905,0
81.85,81.89,82.43,-0.00036652412950521907,82.116,82.5895,1
81.82,81.85,81.89,0.00068442923490597,81.97319999999999,82.4202,0
81.876,81.82,81.85,-0.0002931261908251104,81.8576,82.2944,0
81.852,81.876,81.82,-0.004899086155500276,81.7698,82.1295,1
81.451,81.852,81.876,0.009072939558753212,81.83779999999999,82.03150000000001,0
82.19,81.451,81.852,-0.00803017398710304,81.7798,81.9479,0
81.53,82.19,81.451,-0.004170244081933117,81.6426,81.80789999999999,0
81.19,81.53,82.19,-0.0011085109003572402,81.4922,81.6749,1
81.1,81.19,81.53,0.0018495684340320562,81.452,81.61089999999999,0
81.25,81.1,81.19,-0.0008492307692308243,81.2502,81.54400000000001,0
81.181,81.25,81.1,-0.0025991303383796627,81.1382,81.459,0
80.97,81.181,81.25,-0.0038285784858589356,81.0322,81.3374,0
80.66,80.97,81.181,-0.0038804859905777755,80.8816,81.1869,1
80.347,80.66,80.97,0.003273302052348104,80.7536,81.1028,0
80.61,80.347,80.66,-0.00037216226274661146,80.6334,80.94179999999999,1
80.58,80.61,80.347,0.0019856043683295077,80.5874,80.8628,0
80.74,80.58,80.61,-0.005821154322516731,80.5094,80.77079999999998,1
80.27,80.74,80.58,0.00934346580291523,80.64399999999999,80.7628,0
81.02,80.27,80.74,0.0,80.726,80.7398,1
81.02,81.02,80.27,0.00037027894347074763,80.82,80.7267,0
81.05,81.02,81.02,-0.0034546576187538536,80.826,80.70669999999998,1
80.77,81.05,81.02,0.0013618917915068085,80.94800000000001,80.72869999999999,0
80.88,80.77,81.05,-0.0008654797230464029,80.90599999999999,80.775,0
80.81,80.88,80.77,-0.0004949882440292708,80.85600000000001,80.791,1
80.77,80.81,80.88,0.007799925714993217,80.926,80.87299999999999,1
81.4,80.77,80.81,0.0029484029484028174,81.1,80.963,1
81.64,81.4,80.77,0.0010411562959333764,81.269,81.10849999999999,0
81.725,81.64,81.4,-0.0004282655246252709,81.445,81.17549999999999,0
81.69,81.725,81.64,0.0,81.62899999999999,81.24249999999999,1
81.69,81.69,81.725,0.000403966213734952,81.6936,81.3098,1
81.723,81.69,81.69,0.003010168496016874,81.7594,81.4297,1
81.969,81.723,81.69,0.0011101757981677451,81.8264,81.54769999999999,0
82.06,81.969,81.723,-0.0004874482086278942,81.8924,81.66869999999999,0
82.02,82.06,81.969,-0.00952206778834419,81.8022,81.7156,0
81.239,82.02,82.06,-0.005526902103669351,81.6156,81.6546,1
80.79,81.239,82.02,0.0003713330857777475,81.38579999999999,81.5726,0
80.82,80.79,81.239,-7.42390497401324e-05,81.1366,81.4815,1
80.814,80.82,80.79,0.0005815823990893421,80.9048,81.39860000000002,1
80.861,80.814,80.82,0.0071604358095991305,80.945,81.3736,0
81.44,80.861,80.814,-0.0066429273084478435,80.9668,81.2912,1
80.899,81.44,80.861,0.0007540266257926032,80.9948,81.19030000000001,0
80.96,80.899,81.44,-0.008522727272727293,80.886,81.0113,0
80.27,80.96,80.899,-0.0009966363523109534,80.7518,80.8283,1
80.19,80.27,80.96,0.00037411148522270565,80.5078,80.7264,0
80.22,80.19,80.27,-0.000997257541760166,80.356,80.66139999999999,1
80.14,80.22,80.19,0.000499126528574978,80.2,80.59740000000001,0
80.18,80.14,80.22,-0.0033923671738589345,80.1276,80.5068,1
79.908,80.18,80.14,0.005030785403213667,80.1516,80.45169999999999,0
80.31,79.908,80.18,0.0,80.1696,80.33869999999999,0
80.31,80.31,79.908,-0.0008716224629561342,80.18960000000001,80.27279999999999,1
80.24,80.31,80.31,0.0010219341974078144,80.218,80.20899999999999,0
80.322,80.24,80.31,-0.0017678842658299665,80.2724,80.2,1
80.18,80.322,80.24,0.004739336492890933,80.3224,80.237,1
80.56,80.18,80.322,0.003972194637537063,80.4364,80.303,0
80.88,80.56,80.18,-0.0037091988130563136,80.5044,80.34700000000001,0
80.58,80.88,80.56,-0.006825515016133044,80.446,80.332,0
80.03,80.58,80.88,-0.00024990628514298674,80.412,80.3422,1
80.01,80.03,80.58,0.0009998750156230418,80.318,80.3202,1
80.09,80.01,80.03,0.001797977275564966,80.18879999999999,80.3126,0
80.234,80.09,80.01,-0.0003240521474685565,80.1144,80.30940000000001,1
80.208,80.234,80.09,0.002269100339118424,80.1864,80.31620000000001,1
80.39,80.208,80.234,0.0007463614877472047,80.27439999999999,80.3432,1
80.45,80.39,80.208,0.00037290242386567307,80.3524,80.33520000000001,0
80.48,80.45,80.39,-0.0009940357852882276,80.38560000000001,80.28720000000001,1
80.4,80.48,80.45,0.0007462686567163423,80.436,80.2752,1
80.46,80.4,80.48,0.004722843649018316,80.526,80.3562,1
80.84,80.46,80.4,0.002968827313211131,80.652,80.4632,0
81.08,80.84,80.46,-0.004612728169708924,80.6972,80.5248,0
80.706,81.08,80.84,-0.0014125343840607485,80.7356,80.5606,1
80.592,80.706,81.08,0.0027049831248759926,80.8056,80.6208,0
80.81,80.592,80.706,-0.0001237470610073732,80.79759999999999,80.6618,1
80.8,80.81,80.592,0.001027227722772306,80.7582,80.70509999999999,0
80.883,80.8,80.81,-0.001755622318657779,80.76520000000001,80.73119999999999,1
80.741,80.883,80.8,0.004186225090102802,80.8626,80.7991,0
81.079,80.741,80.883,-0.0015787071868178515,80.89079999999998,80.84819999999999,1
80.951,81.079,80.741,0.0034465293819718745,80.9768,80.8872,0
81.23,80.951,81.079,-0.008248184168410666,80.9122,80.8352,1
80.56,81.23,80.951,0.0006206554121150898,80.886,80.8256,1
80.61,80.56,81.23,0.0006202704379107971,80.8022,80.83239999999999,0
80.66,80.61,80.56,-0.004512769650384163,80.6712,80.781,0
80.296,80.66,80.61,-0.012042941117864081,80.291,80.6339,0
79.329,80.296,80.66,-0.0049036291898296724,79.967,80.43960000000001,1
78.94,79.329,80.296,0.0030402837598177967,79.681,80.28349999999999,0
79.18,78.94,79.329,-0.0007577671129073149,79.373,80.0876,0
79.12,79.18,78.94,-0.0001263902932255867,79.13579999999999,79.9035,1
79.11,79.12,79.18,0.00011376564277587597,79.09380000000002,79.6924,0
79.119,79.11,79.12,-0.0008721040458044005,79.11580000000001,79.5414,1
79.05,79.119,79.11,0.0010120177103098982,79.1058,79.3934,0
79.13,79.05,79.119,-0.003993428535321697,79.0446,79.2088,0
78.814,79.13,79.05,-0.0036034207120561046,78.92859999999999,79.0322,0
78.53,78.814,79.13,-0.00012733987011337433,78.80879999999999,78.9513,0
78.52,78.53,78.814,0.0,78.7028,78.9093,0
78.52,78.52,78.53,-0.002037697401935823,78.5488,78.82730000000001,0
78.36,78.52,78.52,-0.0007146503318019581,78.4468,78.7457,0
78.304,78.36,78.52,-0.004776256640784626,78.3268,78.6277,1
77.93,78.304,78.36,0.0002566405748747336,78.2128,78.51079999999999,0
77.95,77.93,78.304,-0.0028479794740219333,78.0544,78.3786,0
77.728,77.95,77.93,-0.012196377109921719,77.7384,78.1436,0
76.78,77.728,77.95,-0.0006512112529304392,77.4236,77.93520000000001,1
76.73,76.78,77.728,0.006894304704809118,77.2894,77.8081,1
77.259,76.73,76.78,0.0028605081608614746,77.1954,77.7041,0
77.48,77.259,76.73,-0.0024522457408363563,77.1078,77.5811,0
77.29,77.48,77.259,-0.0021865700608101335,77.17600000000002,77.4572,1
77.121,77.29,77.48,0.027087304365866594,77.672,77.54780000000001,0
79.21,77.121,77.29,-0.009973488195934799,77.9042,77.5968,0
78.42,79.21,77.121,-0.0005100739607243332,78.0842,77.63980000000001,0
78.38,78.42,79.21,-0.0007910181168665487,78.28979999999999,77.6988,0
78.318,78.38,78.42,-0.009295436553538039,78.3836,77.7798,0
77.59,78.318,78.38,-0.006701894574043132,77.9556,77.81379999999999,0
77.07,77.59,78.318,-0.004411573893862597,77.6176,77.76089999999999,1
76.73,77.07,77.59,0.0018767105434640552,77.3164,77.7003,0
76.874,76.73,77.07,-0.0001821161901292001,77.0248,77.65729999999999,0
76.86,76.874,76.73,-0.001431173562321142,76.85679999999999,77.6202,0
76.75,76.86,76.874,-0.00247557003257326,76.7548,77.3552,1
76.56,76.75,76.86,0.0002612330198537016,76.7248,77.1712,0
76.58,76.56,76.75,-0.0006529119874640887,76.65599999999999,76.9862,0
76.53,76.58,76.56,-0.0011760094080752737,76.57199999999999,76.7984,1
76.44,76.53,76.58,0.004631083202511821,76.5808,76.7188,1
76.794,76.44,76.53,0.0004687866239549976,76.6348,76.6948,0
76.83,76.794,76.44,-0.0022126773395808597,76.65079999999999,76.68780000000001,1
76.66,76.83,76.794,0.005256978867727691,76.7574,76.7067,1
77.063,76.66,76.83,0.004762337308436004,76.95540000000001,76.7637,0
77.43,77.063,76.66,-0.012914890869172191,76.8826,76.7317,1
76.43,77.43,77.063,0.0023550961664267067,76.8386,76.73670000000001,1
76.61,76.43,77.43,0.0009137188356611592,76.8426,76.7467,1
76.68,76.61,76.43,0.0035080855503388797,76.8198,76.7886,0
76.949,76.68,76.61,-0.0030799620527881544,76.6762,76.8158,1
76.712,76.949,76.68,0.00010428616122637457,76.73420000000002,76.80839999999999,1
76.72,76.712,76.949,0.0017857142857142794,76.7836,76.81110000000001,0
76.857,76.72,76.712,-0.001652419428288865,76.7936,76.8181,0
76.73,76.857,76.72,0.0,76.74980000000001,76.78479999999999,1
76.73,76.73,76.857,0.0022155610582561547,76.7874,76.7318,1
76.9,76.73,76.73,3.90117035109494e-05,76.824,76.7791,1
76.903,76.9,76.73,0.009453467354979539,76.9786,76.88109999999999,0
77.63,76.903,76.9,-0.004250933917300026,77.0926,76.9431,1
77.3,77.63,76.903,0.002846054333764503,77.25059999999999,77.00019999999999,1
77.52,77.3,77.63,0.000902992776057987,77.3886,77.088,0
77.59,77.52,77.3,-0.00025776517592490666,77.522,77.173,0
77.57,77.59,77.52,-0.0013665076704910684,77.4888,77.2337,0
77.464,77.57,77.59,-0.003666219146958527,77.4648,77.27869999999999,0
77.18,77.464,77.57,-0.003109613889608842,77.34880000000001,77.2997,0
76.94,77.18,77.464,-0.0034702365479594155,77.1654,77.277,1
76.673,76.94,77.18,0.0004825688312704024,76.99340000000001,77.25769999999999,1
76.71,76.673,76.94,0.0007821666014862227,76.8546,77.17169999999999,0
76.77,76.71,76.673,0.0,76.77259999999998,77.1187,1
76.77,76.77,76.71,0.0019538882375929045,76.7686,77.0587,0
76.92,76.77,76.77,-0.004277171086843556,76.75219999999999,76.9588,0
76.591,76.92,76.77,-0.0017103837265475264,76.70219999999999,76.8478,1
76.46,76.591,76.92,0.001177086058069543,76.6582,76.7564,0
76.55,76.46,76.591,-0.0030698889614630964,76.5672,76.6699,1
76.315,76.55,76.46,0.003603485553298924,76.5012,76.63489999999999,0
76.59,76.315,76.55,-0.004047525786656236,76.439,76.59559999999999,1
76.28,76.59,76.315,0.0032773990561090205,76.453,76.5776,0
76.53,76.28,76.59,-0.0024696197569581413,76.4112,76.5347,1
76.341,76.53,76.28,0.006051793924627624,76.5088,76.53799999999998,0
76.803,76.341,76.53,-0.0035545486504432455,76.49680000000001,76.499,1
76.53,76.803,76.341,0.002874689664184027,76.59079999999999,76.5149,1
76.75,76.53,76.803,0.003517915309446229,76.6888,76.57090000000001,1
77.02,76.75,76.53,0.0002596728122565839,76.82860000000001,76.6199,1
77.04,77.02,76.75,0.0020768431983384517,76.908,76.70840000000001,0
77.2,77.04,77.02,-0.007836787564766912,76.92099999999999,76.7089,1
76.595,77.2,77.04,0.0023891898949017776,76.92660000000001,76.7587,1
76.778,76.595,77.2,5.209825731311568e-05,76.87899999999999,76.78389999999999,0
76.782,76.778,76.595,-0.0015107707535619852,76.80420000000001,76.81640000000002,1
76.666,76.782,76.778,0.0005739180340698091,76.7062,76.8071,0
76.71,76.666,76.782,-0.00013036110024755576,76.72720000000001,76.8241,1
76.7,76.71,76.666,0.0007822685788787531,76.7236,76.82509999999999,0
76.76,76.7,76.71,-0.0015633142261595179,76.6952,76.7871,1
76.64,76.76,76.7,0.0005219206680584509,76.69800000000001,76.75110000000001,1
76.68,76.64,76.76,0.006624934793948878,76.7936,76.7499,0
77.188,76.68,76.64,-0.004119811369642901,76.8276,76.7774,1
76.87,77.188,76.68,0.004292962143879198,76.91560000000001,76.81960000000001,1
77.2,76.87,77.188,0.0016839378238342473,77.0536,76.87440000000001,0
77.33,77.2,76.87,-0.0015517910254753131,77.1596,76.9288,0
77.21,77.33,77.2,-0.004921642274316795,77.08800000000001,76.9408,0
76.83,77.21,77.33,-0.0005206299622542154,77.072,76.94980000000001,1
76.79,76.83,77.21,0.0001302252897510403,76.99199999999999,76.9538,1
76.8,76.79,76.83,0.0007812499999999556,76.898,76.9758,0
76.86,76.8,76.79,-0.007936507936507908,76.706,76.9328,0
76.25,76.86,76.8,-0.002360655737705053,76.554,76.821,1
76.07,76.25,76.86,0.002129617457604871,76.44239999999999,76.7572,0
76.232,76.07,76.25,-0.0014298457340748971,76.30699999999999,76.6495,0
76.123,76.232,76.07,-0.00055173863352731,76.15119999999999,76.52459999999999,1
76.081,76.123,76.232,0.001169805864801976,76.1352,76.4206,0
76.17,76.081,76.123,-0.0028882762242352644,76.1112,76.3326,0
75.95,76.17,76.081,-0.0022383146807110066,76.02080000000001,76.23159999999999,0
75.78,75.95,76.17,0.0,75.95219999999999,76.12960000000001,0
75.78,75.78,75.95,-0.00026392187912371856,75.888,76.0196,1
75.76,75.78,75.78,0.03423970432946133,76.32480000000001,76.22999999999999,0
78.354,75.76,75.78,-0.000689179875947632,76.79480000000001,76.453,0
78.3,78.354,75.76,-0.0021711366538953447,77.2648,76.6428,0
78.13,78.3,78.354,-0.0010623320107513434,77.7182,76.83520000000001,1
78.047,78.13,78.3,0.0018322292977308585,78.2042,77.0461,1
78.19,78.047,78.13,0.00038368077759298735,78.17739999999999,77.2511,0
78.22,78.19,78.047,-0.0010994630529276295,78.1442,77.46950000000001,0
78.134,78.22,78.19,-0.0009470908951288992,78.1302,77.6975,0
78.06,78.134,78.22,-0.004560594414553032,78.0616,77.88989999999998,1
77.704,78.06,78.134,0.00046329661278710077,77.9716,78.08789999999999,0
77.74,77.704,78.06,-0.0010290712631849663,77.8596,78.0185,0
77.66,77.74,77.704,-0.006309554468194589,77.6668,77.90549999999999,0
77.17,77.66,77.74,-0.0003887521057406307,77.4828,77.8065,1
77.14,77.17,77.66,0.0003889032927144598,77.376,77.71880000000002,0
77.17,77.14,77.17,-0.001166256317221781,77.244,77.6078,0
77.08,77.17,77.14,-0.0002594706798131341,77.124,77.4918,0
77.06,77.08,77.17,0.0,77.102,77.3844,0
77.06,77.06,77.08,-0.0009083830781210223,77.072,77.2774,0
76.99,77.06,77.06,-0.001558643979737484,77.012,77.19399999999999,1
76.87,76.99,77.06,0.0005203590477429465,76.978,77.111,0
76.91,76.87,76.99,-0.0003900663112729186,76.94200000000001,77.03299999999999,1
76.88,76.91,76.87,0.0005332986472426082,76.91420000000001,77.0081,1
76.921,76.88,76.91,0.0006370171994642959,76.9102,76.9911,1
76.97,76.921,76.88,0.0044173054436793535,76.9982,77.0051,0
77.31,76.97,76.921,-0.0018108912171775904,77.0502,77.01410000000001,1
77.17,77.31,76.97,0.006738369832836488,77.2122,77.0771,0
77.69,77.17,77.31,-0.0007723001673317631,77.354,77.1341,1
77.63,77.69,77.17,0.0006440808965606504,77.49600000000001,77.20309999999999,1
77.68,77.63,77.69,0.005406797116374706,77.654,77.3261,0
78.1,77.68,77.63,-0.0015364916773366044,77.816,77.4331,0
77.98,78.1,77.68,-0.00487304437035152,77.798,77.5051,1
77.6,77.98,78.1,0.0019329896907216426,77.822,77.588,1
77.75,77.6,77.98,0.0025723472668810476,77.876,77.68599999999999,1
77.95,77.75,77.6,0.0003976908274534452,77.8522,77.75309999999999,1
77.981,77.95,77.75,0.000948949102986818,77.8672,77.8416,0
78.055,77.981,77.95,-0.0031516238549741393,77.90899999999999,77.8535,0
77.809,78.055,77.981,-0.0007582670385173351,77.90899999999999,77.8655,0
77.75,77.809,78.055,-0.0012475884244371738,77.8496,77.8628,0
77.653,77.75,77.809,-3.8633407595356495e-05,77.7834,77.8178,0
77.65,77.653,77.75,-0.0005151320025756911,77.6944,77.7808,0
77.61,77.65,77.653,-0.0005153975003222566,77.6466,77.7778,1
77.57,77.61,77.65,0.0005156632718834597,77.6186,77.7638,1
77.61,77.57,77.61,0.003736631877335528,77.668,77.75880000000001,1
77.9,77.61,77.57,0.0008985879332477076,77.732,77.7577,1
77.97,77.9,77.61,0.0019238168526356514,77.83399999999999,77.7642,0
78.12,77.97,77.9,-0.0035842293906810374,77.888,77.7673,0
77.84,78.12,77.97,-0.001284686536485169,77.91400000000002,77.7663,0
77.74,77.84,78.12,0.0,77.88199999999999,77.775,1
77.74,77.74,77.84,0.0009004373552869982,77.85,77.79100000000001,1
77.81,77.74,77.74,0.0026988818917876856,77.83,77.83200000000001,0
78.02,77.81,77.74,-0.0023071007433990154,77.83,77.859,1
77.84,78.02,77.81,0.0030832476875641834,77.898,77.90599999999999,1
78.08,77.84,78.02,0.0011526639344263678,77.98400000000001,77.93299999999999,0
78.17,78.08,77.84,-0.0012792631444289437,78.036,77.943,0
78.07,78.17,78.08,-0.0001280901754834307,78.044,77.93699999999998,0
78.06,78.07,78.17,0.0,78.088,77.959,0
78.06,78.06,78.07,-0.000768639508070712,78.072,77.985,0
78.0,78.06,78.06,-0.0016666666666665941,78.012,77.998,1
77.87,78.0,78.06,0.000770514960832136,77.98400000000001,78.00999999999999,0
77.93,77.87,78.0,-0.0035929680482484905,77.902,77.973,0
77.65,77.93,77.87,-0.00965872504829357,77.67,77.879,1
76.9,77.65,77.93,0.0006501950585175997,77.46000000000001,77.766,1
76.95,76.9,77.65,0.00103963612735547,77.292,77.652,0
77.03,76.95,76.9,-0.001350123328573316,77.0912,77.5376,0
76.926,77.03,76.95,-0.0024179081194914964,76.90920000000001,77.4056,1
76.74,76.926,77.03,1.3031013812891956e-05,76.8774,77.2737,1
76.741,76.74,76.926,0.005329615199176629,76.9174,77.18870000000001,0
77.15,76.741,76.74,-0.0024627349319509273,76.9034,77.0977,1
76.96,77.15,76.741,0.0011694386694387493,76.92819999999999,77.00970000000001,0
77.05,76.96,77.15,-0.001427644386761795,76.9682,76.9387,0
76.94,77.05,76.96,-0.00103977125032495,76.99199999999999,76.93469999999999,0
76.86,76.94,77.05,-0.0002732240437158806,76.92979999999999,76.9236,1
76.839,76.86,76.94,0.000403440960970336,76.9118,76.9076,0
76.87,76.839,76.86,-0.0013008976193574773,76.8558,76.89200000000001,1
76.77,76.87,76.839,0.0023446658851113966,76.8578,76.913,0
76.95,76.77,76.87,-0.000779727095516547,76.8638,76.9279,0
76.89,76.95,76.77,0.0,76.874,76.9019,0
76.89,76.89,76.95,-0.0009103914683314951,76.864,76.8879,1
76.82,76.89,76.89,9.112210361883477e-05,76.87539999999998,76.8656,0
76.827,76.82,76.89,-0.000611764093352507,76.8414,76.8496,1
76.78,76.827,76.82,0.00376400104193797,76.87719999999999,76.8705,0
77.069,76.78,76.827,-0.0007655477559069812,76.9012,76.88759999999999,0
77.01,77.069,76.78,-0.0005194130632386607,76.9312,76.8976,0
76.97,77.01,77.069,0.0,76.9598,76.9176,0
76.97,76.97,77.01,0.0,76.9978,76.9196,1
76.97,76.97,76.97,0.0089645316357021,77.116,76.9966,1
77.66,76.97,76.97,0.0010172546999742682,77.2618,77.08149999999999,0
77.739,77.66,76.97,-0.0036661135337476836,77.3586,77.1449,0
77.454,77.739,77.66,-0.009089265886848885,77.3146,77.1372,0
76.75,77.454,77.739,-0.0011726384364820763,77.2526,77.1252,1
76.66,76.75,77.454,0.0010435690060004443,77.06859999999999,77.0923,0
76.74,76.66,76.75,-0.004951785248892282,76.7928,77.0273,0
76.36,76.74,76.66,-0.0011786275536930235,76.556,76.9573,0
76.27,76.36,76.74,-0.0010489052051920744,76.44399999999999,76.8793,0
76.19,76.27,76.36,-0.0002625016406352376,76.34599999999999,76.79929999999999,1
76.17,76.19,76.27,0.005645267165550694,76.31800000000001,76.6933,0
76.6,76.17,76.19,0.0,76.366,76.57939999999999,0
76.6,76.6,76.17,-0.0007310704960835634,76.4208,76.48839999999998,1
76.544,76.6,76.6,0.00047031772575256703,76.4988,76.4714,1
76.58,76.544,76.6,0.002363541394619917,76.61699999999999,76.4815,1
76.761,76.58,76.544,0.0033741092481860413,76.701,76.50949999999999,1
77.02,76.761,76.58,0.008049857179953213,76.90899999999999,76.63749999999999,0
77.64,77.02,76.761,-0.00012879958784139944,77.1262,76.77349999999998,0
77.63,77.64,77.02,0.0,77.33619999999999,76.91749999999999,1
77.63,77.63,77.64,0.0007728970758726916,77.522,77.06949999999999,0
77.69,77.63,77.63,-0.0027030505856608933,77.614,77.1575,1
77.48,77.69,77.63,0.011706246773360851,77.76339999999999,77.33619999999999,1
78.387,77.48,77.69,0.0009567913046806265,77.9298,77.52799999999999,1
78.462,78.387,77.48,0.004154877520328171,78.1614,77.74879999999999,1
78.788,78.462,78.387,0.009544600700614359,78.53139999999999,78.0267,0
79.54,78.788,78.462,-0.0001257229067136434,78.9414,78.27770000000001,1
79.53,79.54,78.788,0.004149377593360981,79.236,78.4997,0
79.86,79.53,79.54,-0.0037565740045079066,79.45559999999999,78.6927,1
79.56,79.86,79.53,0.0033308195072900837,79.66300000000001,78.91220000000001,1
79.825,79.56,79.86,0.005198872533667354,79.803,79.16720000000001,0
80.24,79.825,79.56,-0.0038883349950149526,79.8826,79.412,1
79.928,80.24,79.825,0.01566409768791921,80.1466,79.6913,1
81.18,79.928,80.24,0.00024636610002448656,80.47460000000001,79.9651,1
81.2,81.18,79.928,0.0030788177339902134,80.7996,80.2313,0
81.45,81.2,81.18,-0.012203806015960716,80.84280000000001,80.32289999999999,1
80.456,81.45,81.2,0.000845182459978,80.96200000000002,80.42229999999999,1
80.524,80.456,81.45,0.009785902339675134,80.9884,80.5675,0
81.312,80.524,80.456,-0.00276711924439188,80.96579999999999,80.7202,1
81.087,81.312,80.524,0.008546376114543675,81.0318,80.91569999999999,0
81.78,81.087,81.312,-0.00012227928588903758,81.29459999999999,81.0687,0
81.77,81.78,81.087,-0.001968937263054915,81.5116,81.23679999999999,0
81.609,81.77,81.78,-0.0012131014961583864,81.55120000000001,81.2698,0
81.51,81.609,81.77,-0.010918905655747713,81.45779999999999,81.2118,1
80.62,81.51,81.609,0.00831059290498648,81.35979999999999,81.1958,1
81.29,80.62,81.51,0.003592077746340072,81.3222,81.3084,1
81.582,81.29,80.62,0.010517025814517966,81.4884,81.5,1
82.44,81.582,81.29,0.0003639010189229186,81.68039999999999,81.61580000000001,0
82.47,82.44,81.582,-0.001164059658057548,82.03119999999998,81.7445,0
82.374,82.47,82.44,-0.00021851555102336828,82.2444,81.8021,1
82.356,82.374,82.47,0.007224731652824223,82.51820000000001,81.9202,1
82.951,82.356,82.374,0.010958276572916592,82.8022,82.14529999999999,0
83.86,82.951,82.356,-0.004149773431910364,83.0106,82.3455,0
83.512,83.86,82.951,-0.0008621515470831342,83.2238,82.6275,0
83.44,83.512,83.86,0.0,83.4406,82.8425,0
83.44,83.44,83.512,-9.587727708526561e-05,83.5368,83.0275,0
83.432,83.44,83.44,-0.0009828363217950775,83.4348,83.1185,1
83.35,83.432,83.44,0.003839232153569405,83.4664,83.2385,0
83.67,83.35,83.432,-0.0053543683518585405,83.4228,83.32329999999999,0
83.222,83.67,83.35,-0.008002691595972222,83.246,83.3433,0
82.556,83.222,83.67,-0.002737535733320362,83.02560000000001,83.28119999999998,1
82.33,82.556,83.222,0.00012146240738508673,82.8236,83.1292,1
82.34,82.33,82.556,0.0021860578090842075,82.5936,83.03,1
82.52,82.34,82.33,0.0038657295201163233,82.517,82.96990000000001,1
82.839,82.52,82.34,0.003512838155941056,82.6318,82.9389,0
83.13,82.839,82.52,-0.0030073379044869286,82.74179999999998,82.8837,0
82.88,83.13,82.839,-0.004826254826254761,82.7698,82.79670000000002,1
82.48,82.88,83.13,0.0041222114451986425,82.8298,82.7117,1
82.82,82.48,82.88,0.0004829751267809712,82.834,82.6755,0
82.86,82.82,82.48,-0.0005792903692976026,82.7704,82.7011,0
82.812,82.86,82.82,-0.008561561126406825,82.615,82.6784,1
82.103,82.812,82.86,0.008367538335992686,82.67699999999999,82.7234,0
82.79,82.103,82.812,-0.005073076458509518,82.587,82.70840000000001,0
82.37,82.79,82.103,-0.000594876775525166,82.47919999999999,82.6566,0
82.321,82.37,82.79,-0.008393969946915103,82.24279999999999,82.50659999999999,0
81.63,82.321,82.37,-0.00012250398137925167,82.1462,82.38059999999999,0
81.62,81.63,82.321,-0.00487625581965212,81.8326,82.2548,1
81.222,81.62,81.63,0.004395360862820441,81.67439999999999,82.1307,0
81.579,81.222,81.62,-0.01121612179605036,81.34299999999999,81.9111,1
80.664,81.579,81.222,0.0030496875929781897,81.199,81.7209,1
80.91,80.664,81.579,7.415647015207583e-05,81.0582,81.60220000000001,0
80.916,80.91,80.664,-7.415097137775106e-05,80.9958,81.4142,1
80.91,80.916,80.91,0.0001235941169202004,80.86399999999999,81.26919999999998,0
80.92,80.91,80.916,-0.0006920415224913601,80.904,81.1235,0
80.864,80.92,80.91,-0.005861693707954196,80.8,80.9995,1
80.39,80.864,80.92,0.0070904341335986665,80.80879999999999,80.93350000000001,1
80.96,80.39,80.864,0.0043231225296442854,80.88879999999999,80.9423,1
81.31,80.96,80.39,0.004390603861763598,81.0382,80.9511,0
81.667,81.31,80.96,-0.0019224411328933044,81.1674,81.03569999999999,0
81.51,81.667,81.31,-0.0003680529996319404,81.3854,81.09270000000001,1
81.48,81.51,81.667,0.0017182130584192379,81.5174,81.1631,0
81.62,81.48,81.51,-0.006003430531732579,81.48140000000001,81.1851,1
81.13,81.62,81.48,0.0025884383088869978,81.41600000000001,81.22710000000001,0
81.34,81.13,81.62,-0.0005655274157856383,81.37280000000001,81.2701,0
81.294,81.34,81.13,-0.0028415381208944934,81.2894,81.3374,0
81.063,81.294,81.34,-0.009659153991340097,81.0214,81.26939999999999,0
80.28,81.063,81.294,-0.00037369207772797175,80.8454,81.1634,1
80.25,80.28,81.063,0.00012461059190038704,80.6294,81.0227,1
80.26,80.25,80.28,0.0006229753301769669,80.43260000000001,80.90270000000001,0
80.31,80.26,80.25,-0.0022413149047442182,80.24600000000001,80.7677,0
80.13,80.31,80.26,-0.00012479720454250387,80.21400000000001,80.6177,1
80.12,80.13,80.31,0.0014977533699449541,80.21200000000002,80.5287,0
80.24,80.12,80.13,-0.004860418743768746,80.13,80.3797,0
79.85,80.24,80.12,-0.0003757044458360115,80.032,80.2323,0
79.82,79.85,80.24,-0.00037584565271842063,79.964,80.10499999999999,1
79.79,79.82,79.85,0.0010151648076197617,79.9142,80.06410000000001,1
79.871,79.79,79.82,2.5040377608975817e-05,79.8408,80.0264,0
79.873,79.871,79.79,-0.0030172899477921566,79.7972,79.96360000000001,1
79.632,79.873,79.871,0.002863170584689545,79.8052,79.9186,1
79.86,79.632,79.873,0.0008765339343852485,79.8332,79.8986,0
79.93,79.86,79.632,-0.0002502189415739542,79.84100000000001,79.8776,1
79.91,79.93,79.86,0.00011262670504308403,79.8502,79.84549999999999,0
79.919,79.91,79.93,-0.0008633741663434114,79.8938,79.8455,1
79.85,79.919,79.91,0.004758922980588665,79.9678,79.8865,1
80.23,79.85,79.919,0.001769911504424737,80.0562,79.9447,0
80.372,80.23,79.85,-0.012715871198925033,79.9442,79.8926,0
79.35,80.372,80.23,-0.004410838059231148,79.76039999999999,79.8053,1
79.0,79.35,80.372,0.00012658227848105774,79.5924,79.7431,1
79.01,79.0,79.35,0.0017719276041008314,79.3764,79.6721,1
79.15,79.01,79.0,0.0021730890713833606,79.1664,79.6113,1
79.322,79.15,79.01,0.008093593202390226,79.28920000000001,79.61670000000001,0
79.964,79.322,79.15,-0.0059151618228202585,79.3874,79.57390000000001,1
79.491,79.964,79.322,0.0006164219848787678,79.49340000000001,79.5429,1
79.54,79.491,79.964,0.0017601206939903413,79.5994,79.4879,0
79.68,79.54,79.491,-0.00037650602409644573,79.665,79.4157,0
79.65,79.68,79.54,-0.0012554927809166339,79.5822,79.43570000000001,0
79.55,79.65,79.68,-0.0002514142049024892,79.59,79.48870000000001,0
79.53,79.55,79.65,-0.0007795800326920732,79.57560000000001,79.53450000000001,0
79.468,79.53,79.55,-0.004769215281622885,79.4574,79.5284,0
79.089,79.468,79.53,-0.009331259720062213,79.19760000000001,79.4313,0
78.351,79.089,79.468,-0.004352209927122708,78.8896,79.2359,1
78.01,78.351,79.089,0.00025637738751438377,78.58959999999999,79.0898,1
78.03,78.01,78.351,0.0015378700499808495,78.32600000000001,78.95079999999999,1
78.15,78.03,78.01,0.002546385156749764,78.17800000000001,78.8177,1
78.349,78.15,78.03,0.0052074691444690124,78.25919999999999,78.72840000000001,1
78.757,78.349,78.15,0.0071485709206799974,78.5212,78.7054,1
79.32,78.757,78.349,0.004084720121029006,78.84400000000001,78.7168,0
79.644,79.32,78.757,-0.0021847220129577183,79.10799999999999,78.71700000000001,0
79.47,79.644,79.32,-0.00025166729583481207,79.32820000000001,78.75309999999999,1
79.45,79.47,79.644,0.001246066708621818,79.4866,78.8729,0
79.549,79.45,79.47,-0.003507272247294302,79.4766,78.9989,1
79.27,79.549,79.45,0.004415289516841225,79.4718,79.15790000000001,0
79.62,79.27,79.549,-0.0022607385079126407,79.46579999999999,79.2869,0
79.44,79.62,79.27,-0.00017623363544805315,79.461,79.3946,0
79.426,79.44,79.62,-0.009266487044544691,79.28920000000001,79.3879,1
78.69,79.426,79.44,0.00025416190113092263,79.1772,79.3269,1
78.71,78.69,79.426,0.004446703087282566,79.06519999999999,79.26849999999999,0
79.06,78.71,78.69,-5.0594485201171935e-05,78.98839999999998,79.2271,0
79.056,79.06,78.71,-0.0005692167577413532,78.9054,79.1832,1
79.011,79.056,79.06,0.005935882345496246,79.0634,79.1763,1
79.48,79.011,79.056,0.009096628082536418,79.362,79.2696,1
80.203,79.48,79.011,0.0025809508372502954,79.63199999999999,79.3486,0
80.41,80.203,79.48,-0.0001243626414624277,79.9008,79.44460000000001,1
80.4,80.41,80.203,0.0019029850746268284,80.2092,79.5573,0
80.553,80.4,80.41,-0.011582436408327346,80.2372,79.6503,0
79.62,80.553,80.4,-0.0015071590052750938,80.0966,79.7293,1
79.5,79.62,80.553,0.0026415094339622414,79.9566,79.79429999999999,0
79.71,79.5,79.62,-0.004403462551750059,79.74839999999999,79.8246,1
79.359,79.71,79.5,0.00530500636348763,79.5938,79.90150000000001,1
79.78,79.359,79.71,0.0003760340937577489,79.6318,79.9345,1
79.81,79.78,79.359,0.0008269640395941469,79.707,79.90180000000001,0
79.876,79.81,79.78,-0.00534578596825086,79.6548,79.8057,1
79.449,79.876,79.81,0.0045815554632531175,79.7456,79.747,1
79.813,79.449,79.876,0.0010900479871700508,79.7696,79.6817,1
79.9,79.813,79.449,0.00012515644555688432,79.7896,79.7107,0
79.91,79.9,79.813,-0.003128519584532641,79.74640000000001,79.72670000000001,1
79.66,79.91,79.9,0.0001255335174492611,79.79060000000001,79.7227,1
79.67,79.66,79.91,0.00013806953683936918,79.76419999999999,79.75489999999999,0
79.681,79.67,79.66,-0.0013554046761461436,79.69879999999999,79.73420000000002,0
79.573,79.681,79.67,-0.001985598130018862,79.59979999999999,79.6947,1
79.415,79.573,79.681,0.0027072971101176346,79.5938,79.6701,0
79.63,79.415,79.573,-0.004018585960065213,79.5218,79.65619999999998,0
79.31,79.63,79.415,-0.0016391375614676074,79.4216,79.5929,1
79.18,79.31,79.63,0.00037888355645354643,79.349,79.5239,0
79.21,79.18,79.31,-0.000757480116146847,79.296,79.4479,0
79.15,79.21,79.18,-0.004459886291851012,79.1294,79.3616,1
78.797,79.15,79.21,0.003972232445397683,79.0894,79.3056,0
79.11,78.797,79.15,-0.004171406901782304,79.0094,79.21549999999999,0
78.78,79.11,78.797,-0.0016501650165016146,78.8974,79.1232,0
78.65,78.78,79.11,-0.0022886204704387625,78.76140000000001,79.0287,1
78.47,78.65,78.78,0.000254874474321376,78.7,78.91470000000001,0
78.49,78.47,78.65,-0.000509619059752775,78.56800000000001,78.8287,0
78.45,78.49,78.47,-0.0019120458891014325,78.47200000000001,78.7407,0
78.3,78.45,78.49,-0.0017369093231162092,78.37480000000001,78.6361,0
78.164,78.3,78.45,-0.0004349828565580749,78.3068,78.5341,1
78.13,78.164,78.3,0.0008959426596699682,78.2488,78.47439999999999,1
78.2,78.13,78.164,0.0031969309462915874,78.24879999999999,78.4084,1
78.45,78.2,78.13,0.00012746972593991046,78.2808,78.3764,0
78.46,78.45,78.2,-0.00015294417537603522,78.3376,78.3562,0
78.448,78.46,78.45,-0.003926167652457568,78.3396,78.3232,0
78.14,78.448,78.46,-0.0006654722293321091,78.31719999999999,78.28299999999999,1
78.088,78.14,78.448,0.003995492265136846,78.3072,78.27799999999999,0
78.4,78.088,78.14,-0.0024234693877552838,78.2572,78.26899999999999,1
78.21,78.4,78.088,0.0030686612965096227,78.2576,78.2976,0
78.45,78.21,78.4,-0.000254939451880154,78.31559999999999,78.32759999999999,1
78.43,78.45,78.21,0.0019252836924645855,78.41420000000001,78.3657,0
78.581,78.43,78.45,-0.004593985823545199,78.37819999999999,78.34270000000001,1
78.22,78.581,78.43,0.00515213500383549,78.4608,78.359,0
78.623,78.22,78.581,-0.002709130915889868,78.4528,78.3552,1
78.41,78.623,78.22,0.0024231603111848354,78.4868,78.40119999999999,0
78.6,78.41,78.623,-0.004198473282442716,78.4246,78.4194,1
78.27,78.6,78.41,0.00012776287210947146,78.4366,78.40740000000001,0
78.28,78.27,78.6,-8.942258559030414e-05,78.36659999999999,78.41369999999999,1
78.273,78.28,78.27,0.0004727045085790582,78.3466,78.3997,1
78.31,78.273,78.28,0.005618694930404677,78.3766,78.4317,1
78.75,78.31,78.273,0.003301587301587361,78.52459999999999,78.4746,1
79.01,78.75,78.31,0.004012150360713784,78.734,78.58529999999999,1
79.327,79.01,78.75,0.0028111487891890885,78.9894,78.678,0
79.55,79.327,79.01,-0.0001257071024511891,79.2354,78.791,0
79.54,79.55,79.327,-0.0006034699522252662,79.3838,78.8802,0
79.492,79.54,79.55,-0.0011699290494641135,79.4616,78.9931,0
79.399,79.492,79.54,-0.001372813259612804,79.4542,79.0941,0
79.29,79.399,79.492,-0.008954470929499414,79.26020000000001,79.12480000000001,0
78.58,79.29,79.399,-0.0008271824891830093,79.0552,79.14529999999999,1
78.515,78.58,79.29,0.0013373240782017515,78.8808,79.1323,1
78.62,78.515,78.58,0.0002543881963876782,78.729,79.0953,1
78.64,78.62,78.515,0.00025432349949139343,78.603,79.02860000000001,1
78.66,78.64,78.62,0.00118230358504956,78.63759999999999,78.94890000000001,0
78.753,78.66,78.64,-0.0025776795804605124,78.6446,78.8499,1
78.55,78.753,78.66,0.0021642266072565697,78.6646,78.77270000000001,0
78.72,78.55,78.753,-0.0017784552845528934,78.65259999999999,78.6908,0
78.58,78.72,78.55,-0.002545176889793832,78.5966,78.59979999999999,0
78.38,78.58,78.72,0.0,78.52199999999999,78.5798,0
78.38,78.38,78.58,-0.0008420515437611575,78.47479999999999,78.55969999999999,0
78.314,78.38,78.38,-0.00017876752560197495,78.39079999999998,78.52770000000001,1
78.3,78.314,78.38,0.001787994891443212,78.3628,78.50769999999999,0
78.44,78.3,78.314,-0.0005609382967872723,78.366,78.4813,1
78.396,78.44,78.3,0.006811572018980527,78.476,78.499,0
78.93,78.396,78.44,-0.008741923223109183,78.46119999999999,78.46799999999999,0
78.24,78.93,78.396,-0.00012781186094057428,78.4472,78.41900000000001,1
78.23,78.24,78.93,0.0002556563978013404,78.40920000000001,78.386,0
78.25,78.23,78.24,-7.667731629390495e-05,78.3788,78.3724,0
78.244,78.25,78.23,-0.006236899953990127,78.144,78.31,1
77.756,78.244,78.25,0.0011060239724265397,78.0644,78.2628,0
77.842,77.756,78.244,-0.003237326892936876,77.9364,78.1918,1
77.59,77.842,77.756,0.008119603041629064,77.93039999999999,78.16980000000001,1
78.22,77.59,77.842,0.002301201738685865,77.9616,78.1702,0
78.4,78.22,77.59,-0.0007015306122449827,78.07939999999999,78.1117,1
78.345,78.4,78.22,0.004403599463909558,78.249,78.1567,1
78.69,78.345,78.4,0.0013978904562206296,78.491,78.21369999999999,0
78.8,78.69,78.345,-0.0054060913705583635,78.5218,78.2261,0
78.374,78.8,78.69,-0.001556638681195266,78.4922,78.2269,0
78.252,78.374,78.8,-0.0010478965393855288,78.4572,78.2683,1
78.17,78.252,78.374,0.00012792631444291658,78.3552,78.3021,0
78.18,78.17,78.252,-0.0008953696597596705,78.2172,78.35409999999999,0
78.11,78.18,78.17,-0.003277429266419163,78.1132,78.3175,0
77.854,78.11,78.18,-0.0006165386492665847,78.024,78.25809999999998,0
77.806,77.854,78.11,-0.0015037400714598137,77.9278,78.1925,0
77.689,77.806,77.854,-0.0014030300299913145,77.8078,78.08149999999999,1
77.58,77.689,77.806,0.004382572828048437,77.76979999999999,77.99350000000001,1
77.92,77.58,77.689,0.0008983572895275849,77.797,77.9551,0
77.99,77.92,77.58,-0.0003590203872290143,77.8282,77.92609999999999,1
77.962,77.99,77.92,0.0006285113260304787,77.8926,77.9102,1
78.011,77.962,77.99,0.0019612618733255704,78.0094,77.9086,1
78.164,78.011,77.962,0.004029988229875547,78.1212,77.94550000000001,0
78.479,78.164,78.011,-0.0003822678678372382,78.213,78.005,1
78.449,78.479,78.164,0.002817116852987356,78.35459999999999,78.0914,0
78.67,78.449,78.479,-0.0006355662895639602,78.4764,78.1845,1
78.62,78.67,78.449,0.0009285169168149476,78.5822,78.29580000000001,0
78.693,78.62,78.67,-0.004485786537557268,78.55440000000002,78.33779999999999,0
78.34,78.693,78.62,-0.0012381924942559408,78.51320000000001,78.3631,0
78.243,78.34,78.693,-0.0018020781411755005,78.39959999999999,78.3771,1
78.102,78.243,78.34,0.0035594479014620095,78.35159999999999,78.414,1
78.38,78.102,78.243,0.0007655014034193552,78.301,78.44160000000001,0
78.44,78.38,78.102,-0.001147373788883299,78.303,78.42869999999999,1
78.35,78.44,78.38,0.0010210593490749265,78.3404,78.4268,1
78.43,78.35,78.44,0.0036593140379954647,78.46340000000001,78.4315,1
78.717,78.43,78.35,0.0018801529529834937,78.5604,78.45599999999999,1
78.865,78.717,78.43,0.0030304951499398047,78.6932,78.4971,1
79.104,78.865,78.717,0.0027558656957928918,78.88759999999999,78.5953,1
79.322,79.104,78.865,0.00010085474395493677,79.0676,78.704,0
79.33,79.322,79.104,-0.0003781671498802597,79.1842,78.8238,0
79.3,79.33,79.322,-0.001008827238335397,79.25519999999999,78.9078,1
79.22,79.3,79.33,0.00883615248674574,79.41839999999999,79.0558,0
79.92,79.22,79.3,-0.0007507507507508171,79.526,79.2068,0
79.86,79.92,79.22,-0.00037565740045075735,79.626,79.3468,1
79.83,79.86,79.92,0.005887510960791653,79.826,79.5051,0
80.3,79.83,79.86,-0.008219178082191747,79.91,79.5826,0
79.64,80.3,79.83,0.0,79.854,79.6362,0
79.64,79.64,80.3,-0.0001255650426922328,79.80799999999999,79.667,1
79.63,79.64,79.64,0.0017581313575285584,79.796,79.711,0
79.77,79.63,79.64,-0.0013789645230036784,79.66799999999999,79.74699999999999,1
79.66,79.77,79.63,0.0023976901832789554,79.7102,79.8101,1
79.851,79.66,79.77,0.0043831636422837494,79.82239999999999,79.8382,1
80.201,79.851,79.66,0.0029800127180459324,79.9844,79.8962,1
80.44,80.201,79.851,0.00024863252113371814,80.1224,79.9592,1
80.46,80.44,80.201,0.000497141436738735,80.2904,79.97919999999999,0
80.5,80.46,80.44,-0.004136645962732888,80.3536,80.0319,1
80.167,80.5,80.46,0.001659036760761845,80.37339999999999,80.0979,0
80.3,80.167,80.5,-0.004607721046077096,80.2714,80.1279,0
79.93,80.3,80.167,-0.005629926185412248,80.0754,80.0989,0
79.48,79.93,80.3,-0.00012581781580278673,79.8694,80.0799,1
79.47,79.48,79.93,0.00025166729583481207,79.734,80.0438,0
79.49,79.47,79.48,-0.00025160397534274015,79.56800000000001,79.9707,1
79.47,79.49,79.47,0.0016358374229268335,79.502,79.8867,0
79.6,79.47,79.49,-0.001695979899497324,79.499,79.7872,1
79.465,79.6,79.47,0.009324860001258317,79.6462,79.7578,1
80.206,79.465,79.6,0.011445527766002384,79.973,79.8535,1
81.124,80.206,79.465,0.0021695182683298952,80.339,79.95349999999999,1
81.3,81.124,80.206,0.0004920049200491938,80.687,80.0945,1
81.34,81.3,81.124,0.0008851733464469991,81.0764,80.2877,0
81.412,81.34,81.3,-0.0006387264776692714,81.30720000000001,80.47670000000001,1
81.36,81.412,81.34,0.004338741396263446,81.425,80.699,1
81.713,81.36,81.412,0.010365547709666911,81.67699999999999,81.008,0
82.56,81.713,81.36,-0.0023013565891472076,81.88300000000001,81.285,1
82.37,82.56,81.713,0.0002428068471529432,82.0786,81.57750000000001,0
82.39,82.37,82.56,0.0,82.2846,81.7959,1
82.39,82.39,82.37,0.0015171744143707144,82.44500000000001,81.935,0
82.515,82.39,82.39,-0.007731927528328297,82.3084,81.9927,1
81.877,82.515,82.39,0.002479328749221521,82.2504,82.0667,1
82.08,81.877,82.515,0.0009746588693957392,82.20439999999999,82.1415,1
82.16,82.08,81.877,2.4342745861938297e-05,82.1588,82.2217,1
82.162,82.16,82.08,0.0036269808427251693,82.14779999999999,82.29639999999999,1
82.46,82.162,82.16,0.0006063545961678685,82.27439999999999,82.29140000000001,0
82.51,82.46,82.162,-0.0009332202157313896,82.345,82.2977,0
82.433,82.51,82.46,-0.0033845668603594836,82.34380000000002,82.2741,0
82.154,82.433,82.51,-0.0038464347445043012,82.279,82.21889999999999,1
81.838,82.154,82.433,0.007600381240988385,82.279,82.21340000000001,0
82.46,81.838,82.154,-0.00048508367693422816,82.261,82.2677,1
82.42,82.46,81.838,0.0009706381946128495,82.27439999999999,82.30969999999999,0
82.5,82.42,82.46,-0.00024242424242415517,82.33959999999999,82.3417,1
82.48,82.5,82.42,0.0007880698351114823,82.481,82.38,0
82.545,82.48,82.5,-0.0022654309770427927,82.4606,82.3698,1
82.358,82.545,82.48,0.0023555695864396764,82.487,82.374,1
82.552,82.358,82.545,0.008152437251671474,82.632,82.4532,1
83.225,82.552,82.358,0.005106638630219429,82.866,82.6028,0
83.65,83.225,82.552,-0.0016736401673640433,83.059,82.77000000000001,0
83.51,83.65,83.225,-0.0004789845527481962,83.2814,82.87100000000001,1
83.47,83.51,83.65,0.008374266203426295,83.6048,83.0459,0
84.169,83.47,83.51,-0.003077142415853773,83.7418,83.18690000000001,1
83.91,84.169,83.47,0.005124538195685924,83.8798,83.3729,0
84.34,83.91,84.169,-0.0010315390087740628,84.0284,83.5437,1
84.253,84.34,83.91,0.0018753041434727002,84.2166,83.749,0
84.411,84.253,84.34,-0.002144270296525308,84.2288,83.9168,0
84.23,84.411,84.253,0.0,84.2928,84.0173,1
84.23,84.23,84.411,0.002113261308322345,84.30640000000001,84.09309999999999,1
84.408,84.23,84.23,0.00499952611126897,84.42179999999999,84.2251,1
84.83,84.408,84.23,0.002357656489449411,84.5456,84.38109999999999,1
85.03,84.83,84.408,0.006844643067152711,84.822,84.52539999999999,1
85.612,85.03,84.83,0.00990515348315646,85.268,84.7804,0
86.46,85.612,85.03,-0.005898681471200429,85.57639999999999,84.9414,1
85.95,86.46,85.612,0.0003490401396160081,85.8064,85.11410000000001,0
85.98,85.95,86.46,-0.00041870202372651377,85.9892,85.2674,1
85.944,85.98,85.95,0.009029135250860909,86.21079999999999,85.5164,0
86.72,85.944,85.98,-0.0009916974169741355,86.2456,85.7568,1
86.634,86.72,85.944,0.007456656739848189,86.51160000000002,86.04400000000001,1
87.28,86.634,86.72,0.004949587534372135,86.858,86.3322,1
87.712,87.28,86.634,0.0049936154688070555,87.2992,86.6442,0
88.15,87.712,87.28,-0.00011344299489512988,87.5832,86.89699999999999,1
88.14,88.15,87.712,0.0011685954163829226,87.905,87.0753,0
88.243,88.14,88.15,-0.011026370363654947,87.90299999999999,87.2073,0
87.27,88.243,88.14,-0.0047438982468201996,87.73179999999999,87.2949,1
86.856,87.27,88.243,0.014840655798102675,87.7308,87.515,1
88.145,86.856,87.27,0.01269499120766926,87.95559999999999,87.76939999999999,0
89.264,88.145,86.856,-0.0008290016131923261,88.145,88.025,0
89.19,89.264,88.145,-0.00022424038569346383,88.525,88.214,1
89.17,89.19,89.264,0.003880228776494299,89.05699999999999,88.39439999999999,0
89.516,89.17,89.19,-0.0006255864873320194,89.32000000000001,88.5254,0
89.46,89.516,89.17,-0.007690587972277951,89.2216,88.5886,0
88.772,89.46,89.516,-0.0013517775875276916,89.114,88.6295,1
88.652,88.772,89.46,0.014179037133962069,89.2618,88.8934,1
89.909,88.652,88.772,0.0020131466260329134,89.37660000000001,89.2168,1
90.09,89.909,88.652,0.00022200022200014047,89.5066,89.4133,1
90.11,90.09,89.909,0.001043169459549409,89.793,89.5073,0
90.204,90.11,90.09,-0.006573987849762597,89.9848,89.5494,0
89.611,90.204,90.11,-0.012509624934438968,89.701,89.4814,1
88.49,89.611,90.204,0.0010170640750366555,89.399,89.3878,1
88.58,88.49,89.611,0.022691352449762947,89.49499999999999,89.5008,1
90.59,88.58,88.49,0.0029804614195827472,89.6262,89.7096,1
90.86,90.59,88.58,0.0004402377283734271,89.88399999999999,89.93440000000001,1
90.9,90.86,90.59,0.0031573157315729627,90.42339999999999,90.0622,0
91.187,90.9,90.86,-0.008159057760426358,90.796,90.0975,1
90.443,91.187,90.9,0.0041020311135189225,90.8408,90.1679,1
90.814,90.443,91.187,0.002796925584161114,90.88239999999999,90.2543,1
91.068,90.814,90.443,0.007159485219835782,91.04639999999999,90.46520000000001,1
91.72,91.068,90.814,0.010684692542520802,91.349,90.8862,0
92.7,91.72,91.068,0.0,91.8004,91.2982,1
92.7,92.7,91.72,0.0010787486515642097,92.1976,91.5192,0
92.8,92.7,92.7,-0.006788793103448265,92.418,91.65020000000001,1
92.17,92.8,92.7,0.015601605728545076,92.79560000000001,91.92099999999999,0
93.608,92.17,92.8,-0.0015810614477396179,92.9476,92.14829999999999,1
93.46,93.608,92.17,0.00241814680077046,93.1448,92.4726,0
93.686,93.46,93.608,-0.010631257605191902,93.12280000000001,92.6602,1
92.69,93.686,93.46,0.00021577300679687106,93.2308,92.8244,0
92.71,92.69,93.686,-0.002049401359076719,93.0132,92.9044,1
92.52,92.71,92.69,0.018352788586251778,93.1648,93.0562,0
94.218,92.52,92.71,-0.009159608567365085,93.0986,93.1217,0
93.355,94.218,92.52,-0.00046060735900599337,93.22299999999998,93.1729,0
93.312,93.355,94.218,-0.003654406721536274,93.2752,93.253,1
92.971,93.312,93.355,0.005689946327349427,93.4712,93.2422,0
93.5,92.971,93.312,-0.00010695187165776776,93.3256,93.2452,1
93.49,93.5,92.971,0.0025885121403359523,93.401,93.2498,0
93.732,93.49,93.5,-0.0003627363120386473,93.4782,93.3506,1
93.698,93.732,93.49,0.0001280710367350668,93.626,93.4506,0
93.71,93.698,93.732,-0.0005335609860206425,93.65799999999999,93.5646,0
93.66,93.71,93.698,-0.005765534913516945,93.58399999999999,93.4548,1
93.12,93.66,93.71,0.0030068728522336663,93.5176,93.45930000000001,0
93.4,93.12,93.66,0.0,93.458,93.4681,1
93.4,93.4,93.12,0.008372591006423846,93.5524,93.5892,0
94.182,93.4,93.4,-0.019133167696587572,93.29639999999999,93.47720000000001,0
92.38,94.182,93.4,-0.0023814678501840048,93.1044,93.3442,1
92.16,92.38,94.182,0.001616753472222232,92.8862,93.2019,1
92.309,92.16,92.38,0.0033149530381653136,92.72919999999999,93.09360000000001,1
92.615,92.309,92.16,0.01041947848620639,92.6088,93.0806,0
93.58,92.615,92.309,0.0,92.84880000000001,93.0726,0
93.58,93.58,92.615,-0.0005343022013249987,93.1228,93.11359999999999,0
93.53,93.58,93.58,-0.0012830107986743222,93.343,93.1146,0
93.41,93.53,93.58,-0.001263248046247667,93.4784,93.1038,1
93.292,93.41,93.53,0.007256785147708111,93.5562,93.0825,1
93.969,93.292,93.41,0.010939778011897605,93.8396,93.34419999999999,1
94.997,93.969,93.292,0.010558228154573301,94.3336,93.72819999999999,0
96.0,94.997,93.969,-0.0004166666666667318,94.84360000000001,94.0933,1
95.96,96.0,94.997,0.0023968320133389565,95.4232,94.4508,1
96.19,95.96,96.0,0.004678240981391024,95.95739999999999,94.7568,0
96.64,96.19,95.96,-0.008805877483443747,96.1158,94.9777,1
95.789,96.64,96.19,0.0028917725417323403,96.12899999999999,95.2313,0
96.066,95.789,96.64,-0.0006870276684779464,96.137,95.4903,0
96.0,96.066,95.789,-0.007499999999999951,95.955,95.68910000000001,0
95.28,96.0,96.066,-0.00010495382031916467,95.68100000000001,95.8192,0
95.27,95.28,96.0,-0.004513487981526065,95.49119999999999,95.80350000000001,1
94.84,95.27,95.28,0.005314213412062285,95.3468,95.7379,0
95.344,94.84,95.27,-0.0030416177210940143,95.1576,95.6473,1
95.054,95.344,94.84,0.00980495297409889,95.2988,95.6269,0
95.986,95.054,95.344,-0.011314149980205412,95.2248,95.4529,0
94.9,95.986,95.054,-0.003898840885142252,95.1628,95.327,0
94.53,94.9,95.986,0.0,95.0,95.17339999999999,1
94.53,94.53,94.9,0.0031735956839098467,94.9552,95.0564,0
94.83,94.53,94.53,-0.009068860065380102,94.55199999999999,94.9254,1
93.97,94.83,94.53,0.006980951367457688,94.4972,94.861,0
94.626,93.97,94.83,-0.0034345740071439756,94.4514,94.80709999999999,0
94.301,94.626,93.97,-0.0015694425297716474,94.376,94.688,1
94.153,94.301,94.626,0.0008178178071862607,94.256,94.60560000000001,0
94.23,94.153,94.301,-0.00021224663058483362,94.304,94.428,1
94.21,94.23,94.153,0.0007430209107315289,94.23479999999999,94.366,0
94.28,94.21,94.23,-0.011455239711497645,94.0146,94.233,1
93.2,94.28,94.21,0.0016094420600858417,93.854,94.11500000000001,0
93.35,93.2,94.28,-0.003535083020889118,93.612,93.934,1
93.02,93.35,93.2,0.035056976994194855,94.02619999999999,94.1651,1
96.281,93.02,93.35,0.012972445238416563,94.67620000000001,94.4555,0
97.53,96.281,93.02,0.0,95.54220000000001,94.7784,1
97.53,97.53,96.281,0.009217676612324421,96.558,95.206,1
98.429,97.53,97.53,0.01149051600646156,97.86600000000001,95.739,0
99.56,98.429,97.53,-0.004389312977099213,98.43440000000001,96.2303,1
99.123,99.56,98.429,0.006708836496070347,98.886,96.78110000000001,0
99.788,99.123,99.56,-0.0007315508878822374,99.32300000000001,97.43260000000001,0
99.715,99.788,99.123,-0.013588727874442208,99.3092,97.9336,0
98.36,99.715,99.788,0.0,99.0692,98.46759999999999,1
98.36,98.36,99.715,0.00030500203334682396,98.9226,98.67850000000001,0
98.39,98.36,98.36,-0.014422197377782275,98.3592,98.6226,1
96.971,98.39,98.36,0.006403976446566428,97.9346,98.6288,1
97.592,96.971,98.39,0.004949176161980429,97.8776,98.5934,1
98.075,97.592,96.971,0.0025184807545246546,97.87,98.4696,1
98.322,98.075,97.592,0.011981041882793253,98.09200000000001,98.5073,0
99.5,98.322,98.075,-0.00020100502512554463,98.5938,98.4765,1
99.48,99.5,98.322,0.0036389223964614636,99.0438,98.4892,0
99.842,99.48,99.5,-0.005128102401794843,99.2948,98.58619999999999,1
99.33,99.842,99.48,0.0007449914426658211,99.5112,98.6906,1
99.404,99.33,99.842,0.0011669550521105077,99.51520000000001,98.8036,0
99.52,99.404,99.33,-0.001607717041800627,99.4912,99.0425,0
99.36,99.52,99.404,-0.01328502415458932,99.1308,99.0873,1
98.04,99.36,99.52,0.000203998368013103,98.8768,99.0858,0
98.06,98.04,99.36,-0.0012237405669998092,98.58399999999999,99.0476,0
97.94,98.06,98.04,-0.000694302634265842,98.2544,98.88480000000001,0
97.872,97.94,98.06,-0.005231322543730599,97.8544,98.67280000000001,0
97.36,97.872,97.94,-0.0007189811010681613,97.70439999999999,98.41760000000001,1
97.29,97.36,97.872,0.0068969061568506795,97.6846,98.2807,1
97.961,97.29,97.36,0.010504180234991445,97.8946,98.2393,0
98.99,97.961,97.29,0.0,98.1182,98.1863,1
98.99,98.99,97.961,0.0016264269118093644,98.4764,98.1654,1
99.151,98.99,98.99,0.0023600367116822785,98.8954,98.29990000000001,0
99.385,99.151,98.99,-0.005996880817024763,99.06099999999999,98.3728,1
98.789,99.385,99.151,0.0009211551893428815,99.039,98.4668,1
98.88,98.789,99.385,0.0183252427184466,99.3794,98.74879999999999,1
100.692,98.88,98.789,0.009116910976045833,99.8712,99.1738,0
101.61,100.692,98.88,-0.00019683102056877733,100.31219999999999,99.6038,1
101.59,101.61,100.692,0.0023329067821635796,100.9198,99.9904,0
101.827,101.59,101.61,-0.0005204906360788408,101.4986,100.2688,1
101.774,101.827,101.59,0.00494232318666854,101.81559999999999,100.5975,0
102.277,101.774,101.827,-0.000361762664137677,101.9416,100.90639999999999,0
102.24,102.277,101.774,-0.00018583724569631865,102.0678,101.19,1
102.221,102.24,102.277,0.009968597450621619,102.35040000000001,101.6351,0
103.24,102.221,102.24,0.0,102.64359999999999,102.0711,0
103.24,103.24,102.221,-0.004126307632700499,102.751,102.2833,0
102.814,103.24,103.24,-0.006652790476005199,102.729,102.33529999999999,1
102.13,102.814,103.24,0.002594732204053596,102.76379999999999,102.41579999999999,1
102.395,102.13,102.814,0.007500366228819777,102.74839999999999,102.54939999999999,0
103.163,102.395,102.13,-0.010943846146389657,102.50719999999998,102.57539999999999,0
102.034,103.163,102.395,-0.007095673991022622,102.2064,102.4787,0
101.31,102.034,103.163,0.0,102.0424,102.3857,0
101.31,101.31,102.034,-0.0010857763300760048,101.80340000000001,102.2836,0
101.2,101.31,101.31,-0.0006027667984190854,101.39860000000002,102.0735,1
101.139,101.2,101.31,0.011093643401655084,101.444,101.9756,0
102.261,101.139,101.2,-0.011157723863447377,101.40599999999999,101.8062,0
101.12,102.261,101.139,-0.001384493670886111,101.34,101.69120000000001,0
100.98,101.12,102.261,-0.005050505050505083,101.19399999999999,101.49870000000001,0
100.47,100.98,101.12,-0.0002985965959988457,101.05420000000001,101.2264,1
100.44,100.47,100.98,0.0016925527678215424,100.724,101.084,0
100.61,100.44,100.47,-0.011231487923665573,100.396,100.901,1
99.48,100.61,100.44,0.007137112987535055,100.238,100.789,0
100.19,99.48,100.61,-0.010539974049306289,99.97080000000001,100.58239999999999,0
99.134,100.19,99.48,-0.01900457965985436,99.33279999999999,100.1935,1
97.25,99.134,100.19,0.0029100257069409885,98.7174,99.7207,0
97.533,97.25,99.134,-3.075882009162534e-05,98.3274,99.3617,1
97.53,97.533,97.25,0.008469188967497043,97.9606,99.0993,1
98.356,97.53,97.533,0.005459758428565609,97.91239999999999,98.9416,0
98.893,98.356,97.53,-0.02756514616808059,97.6958,98.5143,0
96.167,98.893,98.356,-0.0023084841993615823,97.3782,98.0478,0
95.945,96.167,98.893,-0.004700609724321181,96.97099999999999,97.6492,0
95.494,95.945,96.167,-0.014911931639684184,96.1138,97.03720000000001,0
94.07,95.494,95.945,0.0,95.1492,96.5308,1
94.07,94.07,95.494,0.0016689699160201688,94.7612,96.2285,1
94.227,94.07,94.07,0.004860602587368756,94.50919999999999,95.9437,1
94.685,94.227,94.07,0.008755346675819675,94.51320000000001,95.74210000000001,1
95.514,94.685,94.227,0.011558514982096924,95.0228,95.5683,1
96.618,95.514,94.685,0.006137572709019157,95.651,95.4001,1
97.211,96.618,95.514,0.006984806246206787,96.3836,95.57239999999999,0
97.89,97.211,96.618,0.0,97.02459999999999,95.76689999999999,1
97.89,97.89,97.211,0.004607212176933162,97.59,96.0516,0
98.341,97.89,97.89,-0.007870572802798459,97.7798,96.40129999999999,1
97.567,98.341,97.89,0.005688398741377831,97.962,96.8065,0
98.122,97.567,98.341,-0.00399502659953932,97.92999999999999,97.1568,1
97.73,98.122,97.567,0.0075821139875165144,98.0462,97.5354,1
98.471,97.73,98.122,0.006631394014481318,98.2028,97.8964,1
99.124,98.471,97.73,6.0530244945677936e-05,98.5154,98.1476,1
99.13,99.124,98.471,0.0025219408857055647,98.767,98.36449999999999,1
99.38,99.13,99.124,0.0025960957939223928,99.1486,98.5393,1
99.638,99.38,99.13,0.010899456030831534,99.5992,98.82270000000001,0
100.724,99.638,99.38,-0.007465946546999835,99.7688,98.98580000000001,1
99.972,100.724,99.638,0.002510702996839198,99.98740000000001,99.2514,1
100.223,99.972,100.724,0.0094489288885784,100.34540000000001,99.5562,0
101.17,100.223,99.972,0.0,100.65180000000001,99.90020000000001,1
101.17,101.17,100.223,0.0018187209647129166,100.7778,100.1885,0
101.354,101.17,101.17,-0.005160131815221902,100.9496,100.3592,1
100.831,101.354,101.17,0.002657912745088309,101.12480000000001,100.5561,0
101.099,100.831,101.354,-0.025341496948535602,100.59819999999999,100.4718,1
98.537,101.099,100.831,0.005206166211676688,100.17420000000001,100.413,1
99.05,98.537,101.099,0.001615345784957034,99.74539999999999,100.2616,0
99.21,99.05,98.537,0.0,99.4212,100.18539999999999,1
99.21,99.21,99.05,0.00020159258139318403,99.0474,100.0861,1
99.23,99.21,99.21,0.006751990325506441,99.32000000000001,99.9591,0
99.9,99.23,99.21,-0.007557557557557604,99.339,99.7566,1
99.145,99.9,99.23,0.005154067275203067,99.4282,99.58680000000001,1
99.656,99.145,99.9,0.008970859757565952,99.6962,99.5587,1
100.55,99.656,99.145,0.0006961710591746328,99.97420000000001,99.51079999999999,1
100.62,100.55,99.656,9.938382031404736e-05,100.1202,99.72009999999999,0
100.63,100.62,100.55,-0.0025638477591175546,100.3656,99.8523,0
100.372,100.63,100.62,-0.007880683856055448,100.3506,99.8894,0
99.581,100.372,100.63,-0.0009539972484711168,100.1378,99.917,1
99.486,99.581,100.372,0.007950867458737854,100.0692,100.0217,0
100.277,99.486,99.581,-0.011039420804371924,99.7772,99.9487,0
99.17,100.277,99.486,-0.009176162145810185,99.35480000000001,99.8602,1
98.26,99.17,100.277,0.00020354162426206024,99.0946,99.7226,0
98.28,98.26,99.17,-0.0020757020757021794,98.8126,99.4752,0
98.076,98.28,98.26,-0.001458052938537291,98.3438,99.2065,1
97.933,98.076,98.28,0.0019503129690705556,98.1346,98.95590000000001,0
98.124,97.933,98.076,-0.002629326158737899,98.0558,98.7053,1
97.866,98.124,97.933,0.016216050518055303,98.2904,98.6925,0
99.453,97.866,98.124,-0.005459865464088609,98.4572,98.63489999999999,1
98.91,99.453,97.866,0.0004044080477201284,98.6606,98.5022,0
98.95,98.91,99.453,-0.0005356240525518086,98.81519999999999,98.4749,0
98.897,98.95,98.91,-0.006643275326855269,98.89,98.47290000000001,0
98.24,98.897,98.95,-0.005272801302931618,98.5438,98.4171,0
97.722,98.24,98.897,-0.012965350688688315,98.0528,98.255,1
96.455,97.722,98.24,0.001959462962003,97.5916,98.1261,0
96.644,96.455,97.722,-0.004387235627664521,97.0562,97.9357,1
96.22,96.644,96.455,0.00020785699438774508,96.6562,97.7731,1
96.24,96.22,96.644,0.0007481296758105049,96.3742,97.459,1
96.312,96.24,96.22,0.00960420300689413,96.53059999999999,97.2917,1
97.237,96.312,96.24,0.010335571850221825,96.8502,97.2209,0
98.242,97.237,96.312,-0.0024938417377496913,97.2056,97.1309,0
97.997,98.242,97.237,-0.0077247262671307215,97.40559999999999,97.0309,1
97.24,97.997,98.242,0.002663512957630676,97.643,97.00859999999999,1
97.499,97.24,97.997,0.00011282166996595677,97.6976,97.11410000000001,1
97.51,97.499,97.24,0.002153625269203152,97.5932,97.2217,0
97.72,97.51,97.499,-0.0006753990994678993,97.5246,97.3651,0
97.654,97.72,97.51,-0.0029389477133552333,97.55,97.4778,1
97.367,97.654,97.72,0.004488173611182367,97.611,97.627,1
97.804,97.367,97.654,0.009600834321704665,97.8576,97.77759999999999,0
98.743,97.804,97.367,-0.00047598310766328034,98.05279999999999,97.82300000000001,1
98.696,98.743,97.804,0.0003444921780011434,98.268,97.8963,0
98.73,98.696,98.743,-0.0002025726729465438,98.53659999999999,98.0433,0
98.71,98.73,98.696,-0.003292472900415233,98.6528,98.1319,0
98.385,98.71,98.73,-0.012959292575087766,98.3262,98.0919,1
97.11,98.385,98.71,0.005931417979610831,98.1242,98.0885,1
97.686,97.11,98.385,0.007155580124071026,98.0552,98.16159999999999,0
98.385,97.686,97.11,-0.0023885754942318815,97.9432,98.2399,0
98.15,98.385,97.686,0.0,97.89620000000001,98.2745,1
98.15,98.15,98.385,0.002353540499235862,98.15040000000002,98.23830000000001,1
98.381,98.15,98.15,0.011313160061394045,98.512,98.3181,1
99.494,98.381,98.15,0.001336764025971382,98.7604,98.4078,1
99.627,99.494,98.381,0.001304867154486411,99.08180000000002,98.5125,1
99.757,99.627,99.494,0.004039816754713765,99.4838,98.69,0
100.16,99.757,99.627,-0.010583067092651777,99.6276,98.889,0
99.1,100.16,99.757,0.0,99.5488,99.03040000000001,1
99.1,99.1,100.16,0.007981836528758945,99.60159999999999,99.18100000000001,0
99.891,99.1,99.1,-0.002312520647505867,99.58219999999999,99.332,1
99.66,99.891,99.1,0.00733493879189262,99.6284,99.5561,0
100.391,99.66,99.891,-0.004492434580789184,99.79639999999999,99.712,0
99.94,100.391,99.66,-0.0037022213327997378,99.8904,99.7196,0
99.57,99.94,100.391,-0.002209500853670776,99.7822,99.6919,0
99.35,99.57,99.94,-0.00010065425264205174,99.7182,99.6502,0
99.34,99.35,99.57,-0.0038554459432253996,99.4314,99.5299,1
98.957,99.34,99.35,0.0005052699657428494,99.2448,99.5206,1
99.007,98.957,99.34,0.0014443423192298521,99.16080000000001,99.5256,0
99.15,99.007,98.957,-0.009359556227937604,98.9352,99.3587,1
98.222,99.15,99.007,0.011993239803710143,98.9472,99.3327,0
99.4,98.222,99.15,-0.0008551307847083356,99.01880000000001,99.2251,1
99.315,99.4,98.222,5.0344862306817006e-05,99.0814,99.1631,0
99.32,99.315,99.4,-0.00010068465565837847,99.1134,99.1371,0
99.31,99.32,99.315,-0.005578491591984758,99.2202,99.07770000000001,1
98.756,99.31,99.32,0.0002430232087164974,99.0962,99.0217,0
98.78,98.756,99.31,-0.0031686576230006702,98.9266,98.9727,1
98.467,98.78,98.756,0.0052504900118821585,98.8594,98.9704,0
98.984,98.467,98.78,-0.007809342924108953,98.6396,98.8765,0
98.211,98.984,98.467,-0.00021382533524760827,98.5264,98.8733,0
98.19,98.211,98.984,-0.0029229045727670044,98.351,98.7236,1
97.903,98.19,98.211,0.004351245620665134,98.32339999999999,98.625,0
98.329,97.903,98.19,-0.0028272432344474963,98.1368,98.4981,0
98.051,98.329,97.903,-0.0061804571090555704,97.9836,98.3116,0
97.445,98.051,98.329,-0.0021037508338036526,97.7936,98.16,1
97.24,97.445,98.051,0.002211024269847872,97.704,98.0275,1
97.455,97.24,97.445,0.00025652865425063176,97.5342,97.9288,0
97.48,97.455,97.24,-0.002667213787443612,97.36800000000001,97.7524,0
97.22,97.48,97.455,-0.005451553178358326,97.217,97.60029999999999,1
96.69,97.22,97.48,0.002182231875064611,97.1492,97.4714,1
96.901,96.69,97.22,0.005459179987822749,97.1442,97.4241,1
97.43,96.901,96.69,0.007133326490813774,97.2732,97.40369999999999,1
98.125,97.43,96.901,0.004412738853503351,97.5408,97.45439999999999,1
98.558,98.125,97.43,2.0292619574258097e-05,97.9148,97.5659,0
98.56,98.558,98.125,-0.0029220779220778814,98.189,97.6691,1
98.272,98.56,98.558,0.003663301856072998,98.4294,97.7868,0
98.632,98.272,98.56,-0.003731040635899241,98.45720000000001,97.8652,1
98.264,98.632,98.272,0.006116176829764619,98.51859999999999,98.0297,0
98.865,98.264,98.632,-0.008445860516866355,98.4126,98.1637,0
98.03,98.865,98.264,-0.0029582780781394202,98.3062,98.2476,0
97.74,98.03,98.865,0.0,98.12780000000001,98.27860000000001,1
97.74,97.74,98.03,0.001319828115408317,98.0488,98.253,1
97.869,97.74,97.74,0.0030755397521176064,97.9098,98.2142,0
98.17,97.869,97.74,-0.0005093205663644351,97.9278,98.1702,0
98.12,98.17,97.869,-0.0076437015898899174,97.8538,98.08000000000001,0
97.37,98.12,98.17,-7.18907260963686e-05,97.7784,97.95309999999999,1
97.363,97.37,98.12,0.00034920863161569393,97.684,97.8664,1
97.397,97.363,97.37,0.00013347433699184563,97.532,97.7209,1
97.41,97.397,97.363,0.002083974951237133,97.4306,97.67920000000001,1
97.613,97.41,97.397,7.171175970421828e-05,97.48060000000001,97.66720000000001,1
97.62,97.613,97.41,0.0056238475722187875,97.6418,97.7101,1
98.169,97.62,97.613,0.003524534221597486,97.8654,97.7747,0
98.515,98.169,97.62,-0.0019184895701163107,98.04860000000001,97.7903,1
98.326,98.515,98.169,0.003600268494599712,98.26199999999999,97.8463,0
98.68,98.326,98.515,0.0,98.474,97.9773,1
98.68,98.68,98.326,0.00014187271990273587,98.579,98.1104,0
98.694,98.68,98.68,-0.0006586013334143326,98.6018,98.2336,0
98.629,98.694,98.68,-0.0014701558365187717,98.6334,98.34100000000001,1
98.484,98.629,98.694,0.0015941675805208888,98.62559999999999,98.4438,0
98.641,98.484,98.629,-0.0046025486359627665,98.527,98.5005,1
98.187,98.641,98.484,0.00875879698941806,98.5976,98.5883,1
99.047,98.187,98.641,0.0006360616676930331,98.6938,98.6478,1
99.11,99.047,98.187,0.0005852083543538278,98.8306,98.732,0
99.168,99.11,99.047,-0.0003327686350436121,98.9294,98.7775,1
99.135,99.168,99.11,0.004892318555505204,99.216,98.8715,0
99.62,99.135,99.168,-0.003814495081309044,99.25460000000001,98.92609999999999,1
99.24,99.62,99.135,0.009764207980653028,99.4744,99.0841,0
100.209,99.24,99.62,-0.0006087277589837958,99.6704,99.2505,1
100.148,100.209,99.24,0.0003195270998923583,99.8794,99.4044,1
100.18,100.148,100.209,0.0015971251746855764,100.02340000000001,99.6197,0
100.34,100.18,100.148,-0.005032888180187434,100.1424,99.6985,1
99.835,100.34,100.18,0.0037461811989785154,100.1424,99.80839999999999,0
100.209,99.835,100.34,-0.00023949944615753171,100.1498,99.9101,1
100.185,100.209,99.835,0.011059539851275169,100.3724,100.1259,0
101.293,100.185,100.209,-0.00048374517488880553,100.5532,100.28829999999999,0
101.244,101.293,100.185,-3.9508514084851676e-05,100.83420000000001,100.48830000000001,1
101.24,101.244,101.293,0.0005926511260372358,101.0524,100.59740000000001,1
101.3,101.24,101.244,0.0014313919052320045,101.3044,100.7271,0
101.445,101.3,101.24,-0.0021686628222189475,101.2908,100.83160000000001,1
101.225,101.445,101.3,0.009632007903185968,101.482,101.01759999999999,1
102.2,101.225,101.445,0.001027397260274121,101.695,101.2646,1
102.305,102.2,101.225,0.0009285958653046933,101.915,101.4837,1
102.4,102.305,102.2,0.0002929687499999556,102.11200000000001,101.7082,1
102.43,102.4,102.305,0.0005271893000096117,102.3638,101.8273,1
102.484,102.43,102.4,0.0044104445571993,102.51100000000001,101.9965,0
102.936,102.484,102.43,-0.005790005440273638,102.518,102.10650000000001,1
102.34,102.936,102.484,0.0004983388704318248,102.5162,102.2156,0
102.391,102.34,102.936,-0.00608451914719077,102.3838,102.2479,1
101.768,102.391,102.34,0.010975945287320155,102.46400000000001,102.41390000000001,1
102.885,101.768,102.391,0.0001457938474995757,102.4568,102.48389999999999,1
102.9,102.885,101.768,0.0027891156462585,102.6262,102.5721,1
103.187,102.9,102.885,0.0006977623150203893,102.7998,102.65800000000002,0
103.259,103.187,102.9,-0.003980282590379525,103.01579999999998,102.69980000000001,0
102.848,103.259,103.187,-0.003490588052271315,102.9366,102.70030000000001,1
102.489,102.848,103.259,0.01047917337470361,103.0692,102.763,0
103.563,102.489,102.848,-0.003698231994051837,103.06779999999999,102.84700000000001,0
103.18,103.563,102.489,0.0,103.05199999999999,102.9259,1
103.18,103.18,103.563,0.0007559604574529644,103.13400000000001,103.0749,0
103.258,103.18,103.18,-0.002208061360863045,103.2422,103.0894,0
103.03,103.258,103.18,-0.0038823643598951962,103.0556,103.0624,1
102.63,103.03,103.258,0.015892039364708177,103.27179999999998,103.16980000000001,1
104.261,102.63,103.03,1.9182628211877883e-05,103.4884,103.2702,0
104.263,104.261,102.63,-0.0019469994149411418,103.64880000000001,103.3914,0
104.06,104.263,104.261,0.0,103.8548,103.54850000000002,0
104.06,104.06,104.263,-0.00034595425715933104,104.1336,103.59460000000001,1
104.024,104.06,104.06,0.0013170037683611913,104.11359999999999,103.69269999999999,1
104.161,104.024,104.06,0.0011616631944777467,104.1174,103.8029,1
104.282,104.161,104.024,0.0025507757810552256,104.215,103.9319,1
104.548,104.282,104.161,0.003194704824578176,104.37939999999999,104.11710000000001,1
104.882,104.548,104.282,0.002555252569554467,104.6046,104.3691,0
105.15,104.882,104.548,0.0,104.8024,104.45800000000001,1
105.15,105.15,104.882,0.0015501664289110373,105.0086,104.56300000000002,0
105.313,105.15,105.15,-0.003589300466229295,105.08600000000001,104.65050000000001,1
104.935,105.313,105.15,0.0034783437365988323,105.16959999999999,104.77450000000002,1
105.3,104.935,105.313,0.0002564102564102111,105.205,104.9048,0
105.327,105.3,104.935,-0.004680661178994905,105.14179999999999,104.9721,1
104.834,105.327,105.3,5.723334032858851e-05,105.0472,105.0279,0
104.84,104.834,105.327,0.0,105.0282,105.05710000000002,1
104.84,104.84,104.834,0.00031476535673413686,104.94279999999999,105.05619999999999,0
104.873,104.84,104.84,-0.006321932241854511,104.7194,104.96220000000001,1
104.21,104.873,104.84,0.004394971691776384,104.68620000000001,104.91400000000002,1
104.668,104.21,104.873,0.0019299117208697592,104.6922,104.8697,0
104.87,104.668,104.21,-0.00028606846571943567,104.6922,104.8602,0
104.84,104.87,104.668,-0.006676840900419756,104.54560000000001,104.7442,0
104.14,104.84,104.87,0.0,104.5316,104.62550000000002,0
104.14,104.14,104.84,-0.0015363933166890886,104.394,104.54010000000001,0
103.98,104.14,104.14,-0.008097711098288163,104.04760000000002,104.3699,1
103.138,103.98,104.14,0.010102968837867765,103.9156,104.3039,1
104.18,103.138,103.98,0.003839508542906378,104.0036,104.2746,0
104.58,104.18,103.138,-0.0032224134633773716,104.0242,104.2779,1
104.243,104.58,104.18,0.0006427290081829629,104.09020000000001,104.24210000000001,0
104.31,104.243,104.58,0.0,104.32459999999999,104.18609999999998,0
104.31,104.31,104.243,-0.0006519029814974209,104.33700000000002,104.12630000000001,1
104.242,104.31,104.31,0.00010552368527072531,104.27159999999999,104.13759999999999,0
104.253,104.242,104.31,-0.00042205020479024746,104.2648,104.1445,1
104.209,104.253,104.242,0.004193495763321842,104.332,104.21109999999999,0
104.646,104.209,104.253,-0.012384610974141452,104.14000000000001,104.23230000000001,0
103.35,104.646,104.209,-0.010353168843734828,103.7476,104.0423,0
102.28,103.35,104.646,0.0,103.353,103.81230000000001,0
102.28,102.28,103.35,-0.001984747751270999,102.92660000000001,103.5957,1
102.077,102.28,102.28,0.005407682435808248,102.5232,103.42760000000001,1
102.629,102.077,102.28,0.006255541805922249,102.5074,103.3237,0
103.271,102.629,102.077,-0.009489595336541812,102.5096,103.1286,1
102.291,103.271,102.629,0.0047413750965383805,102.6088,102.98089999999999,0
102.776,102.291,103.271,-0.007482291585584111,102.5948,102.7607,1
102.007,102.776,102.291,0.00022547472232292698,102.475,102.4991,1
102.03,102.007,102.776,0.0013721454474173722,102.2548,102.3811,0
102.17,102.03,102.007,-0.009983361064891838,102.0266,102.2681,1
101.15,102.17,102.03,0.005279288185862541,101.80820000000001,102.2085,0
101.684,101.15,102.17,-0.002448762833877405,101.69380000000001,102.1443,1
101.435,101.684,101.15,0.005737664514220864,101.69120000000001,102.0831,1
102.017,101.435,101.684,0.003293568718939044,101.7278,101.9913,0
102.353,102.017,101.435,-0.0001270114212577056,101.9658,101.9962,1
102.34,102.353,102.017,0.0019542700801251645,102.13699999999999,101.9726,0
102.54,102.34,102.353,-0.0039009167154281377,102.278,101.98589999999999,1
102.14,102.54,102.34,0.003779126688858492,102.3798,102.0355,0
102.526,102.14,102.54,-0.0007022608899206473,102.4,102.0639,0
102.454,102.526,102.14,-0.002732933804438953,102.3668,102.1663,0
102.174,102.454,102.526,-0.00375829467379174,102.21679999999999,102.1769,0
101.79,102.174,102.454,0.0,102.1468,102.2124,0
101.79,101.79,102.174,-0.0015423911975637195,101.9682,102.174,1
101.633,101.79,101.79,0.004329302490332809,101.89200000000001,102.146,1
102.073,101.633,101.79,0.0027725255454429387,101.9284,102.1476,0
102.356,102.073,101.633,-0.0005373402633943591,102.03059999999999,102.12370000000001,1
102.301,102.356,102.073,0.0002834771898612143,102.1386,102.1427,1
102.33,102.301,102.356,0.001446301182448817,102.3076,102.13789999999999,1
102.478,102.33,102.301,0.00021468022404813603,102.393,102.1425,1
102.5,102.478,102.33,0.00039024390243902474,102.4298,102.1791,0
102.54,102.5,102.478,-0.0004778622976400193,102.46779999999998,102.2492,0
102.491,102.54,102.5,-0.003522260491165108,102.4278,102.2832,1
102.13,102.491,102.54,0.0020072456672868277,102.3992,102.3534,0
102.335,102.13,102.491,-0.0023550105047148717,102.318,102.35549999999999,0
102.094,102.335,102.13,-0.0029776480498363567,102.16799999999999,102.2989,0
101.79,102.094,102.335,0.0,102.0278,102.24780000000001,0
101.79,101.79,102.094,-0.004784359956773843,101.86240000000001,102.1451,1
101.303,101.79,101.79,0.001312893004155935,101.68260000000001,102.0409,1
101.436,101.303,101.79,0.007413541543436208,101.7014,102.00970000000001,1
102.188,101.436,101.303,0.001614670998551615,101.814,101.991,1
102.353,102.188,101.436,0.006809766201283818,102.066,102.04690000000001,1
103.05,102.353,102.188,0.002037845705967989,102.4574,102.15990000000001,0
103.26,103.05,102.353,0.0,102.8222,102.2524,0
103.26,103.26,103.05,-0.0002711601781910655,103.03099999999999,102.3662,1
103.232,103.26,103.26,8.718226906379023e-05,103.2086,102.5113,0
103.241,103.232,103.26,-0.003980976550014059,103.1646,102.6153,0
102.83,103.241,103.232,-0.00016532140425939978,103.0752,102.7663,0
102.813,102.83,103.241,-0.010164084308404542,102.77680000000001,102.7995,0
101.768,102.813,102.83,-0.004274428110997541,102.397,102.71399999999998,1
101.333,101.768,102.813,6.907917460252655e-05,102.0168,102.61269999999999,0
101.34,101.333,101.768,0.0,101.71880000000002,102.44170000000001,1
101.34,101.34,101.333,0.005072034734556974,101.527,102.30109999999999,0
101.854,101.34,101.34,-0.004310090914446119,101.4564,102.11659999999999,1
101.415,101.854,101.34,0.010235172311788165,101.68039999999999,102.0387,0
102.453,101.415,101.854,-0.00022449318223960457,101.89840000000001,101.9576,0
102.43,102.453,101.415,-0.0017572976666992979,102.0804,101.89959999999999,0
102.25,102.43,102.453,0.0,102.1596,101.8433,0
102.25,102.25,102.43,-0.0005476772616136438,102.3154,101.88589999999999,0
102.194,102.25,102.25,-3.9141241168771934e-05,102.2628,101.9716,1
102.19,102.194,102.25,0.0010372834915355345,102.236,102.0672,0
102.296,102.19,102.194,-0.003929772425119271,102.1648,102.1226,1
101.894,102.296,102.19,0.0024829725008341796,102.1442,102.1519,1
102.147,101.894,102.296,0.006471066208503462,102.26700000000001,102.2912,0
102.808,102.147,101.894,-7.781495603464972e-05,102.38900000000001,102.3259,1
102.8,102.808,102.147,0.001021400778210113,102.51080000000002,102.3734,1
102.905,102.8,102.808,0.0030707934502696155,102.77620000000002,102.47049999999999,1
103.221,102.905,102.8,0.003797676829327301,103.0694,102.60679999999999,1
103.613,103.221,102.905,0.0022391012710760716,103.27680000000001,102.7719,1
103.845,103.613,103.221,0.0006837113004958262,103.5,102.94449999999999,0
103.916,103.845,103.613,-0.006216559528850252,103.57300000000001,103.04189999999998,0
103.27,103.916,103.845,0.0,103.58279999999999,103.1795,1
103.27,103.27,103.916,0.0007068848649172121,103.5288,103.2991,0
103.343,103.27,103.27,-0.0024384815614023614,103.378,103.32740000000001,0
103.091,103.343,103.27,-0.011960306913309515,102.9664,103.23319999999998,1
101.858,103.091,103.343,0.0016886253411612095,102.7184,103.14569999999999,0
102.03,101.858,103.091,-0.00574340880133295,102.3532,102.968,1
101.444,102.03,101.858,0.0015673672173810438,102.00519999999999,102.76699999999998,1
101.603,101.444,102.03,0.0002657401848371599,101.713,102.54549999999999,0
101.63,101.603,101.444,-0.0017317721145331255,101.6322,102.29929999999999,1
101.454,101.63,101.603,0.004060953732726302,101.59939999999999,102.15889999999999,0
101.866,101.454,101.63,-6.87177272102879e-05,101.6824,102.0178,1
101.859,101.866,101.454,0.0034753924542749726,101.80439999999999,101.9048,1
102.213,101.859,101.866,0.0019566982673437927,101.96099999999998,101.837,0
102.413,102.213,101.859,-0.000322224717565156,102.1462,101.88919999999999,0
102.38,102.413,102.213,0.0,102.249,101.9242,1
102.38,102.38,102.413,0.00042977143973432774,102.362,102.0222,1
102.424,102.38,102.38,0.0018062172928219322,102.44120000000001,102.1228,0
102.609,102.424,102.38,-0.00012669453946523301,102.4778,102.2194,0
102.596,102.609,102.424,-0.001325587742212253,102.49380000000001,102.32000000000001,0
102.46,102.596,102.609,-0.0019812609798944836,102.4692,102.3591,0
102.257,102.46,102.596,-0.0008899146268716018,102.4176,102.3898,0
102.166,102.257,102.46,-0.0002544877943738699,102.32379999999999,102.38250000000001,1
102.14,102.166,102.257,0.00027413354219696373,102.23819999999999,102.358,1
102.168,102.14,102.166,0.003024430350011764,102.2416,102.3677,1
102.477,102.168,102.14,0.0014735013710394096,102.3158,102.3925,0
102.628,102.477,102.168,-0.0036832053630587724,102.3326,102.3751,1
102.25,102.628,102.477,0.0005965770171150186,102.36680000000001,102.3453,0
102.311,102.25,102.628,-0.0012706356110292472,102.36940000000001,102.3038,1
102.181,102.311,102.25,8.807899707385936e-05,102.312,102.2768,1
102.19,102.181,102.311,0.00028378510617477204,102.2302,102.273,0
102.219,102.19,102.181,-0.0007728504485466914,102.2082,102.27040000000001,0
102.14,102.219,102.19,-0.00443508909340129,102.08340000000001,102.2251,1
101.687,102.14,102.219,0.001475114813102918,102.0146,102.192,0
101.837,101.687,102.14,-0.002219232695385709,101.8988,102.1054,1
101.611,101.837,101.687,0.0023521075474111086,101.825,102.02759999999999,0
101.85,101.611,101.837,0.0,101.767,101.98760000000001,0
101.85,101.85,101.611,-0.00015709376534112085,101.79639999999999,101.9399,1
101.834,101.85,101.85,0.0036726437142799995,101.8706,101.9426,1
102.208,101.834,101.85,0.00027395115842199225,101.9956,101.9472,0
102.236,102.208,101.834,-0.004049454203998604,101.99,101.9075,0
101.822,102.236,102.208,-0.0029364970242188315,101.92460000000001,101.8458,0
101.523,101.822,102.236,-2.9549954197571893e-05,101.8618,101.8291,0
101.52,101.523,101.822,0.0,101.7242,101.7974,0
101.52,101.52,101.523,-0.0002068557919622238,101.5768,101.7862,0
101.499,101.52,101.52,-0.00013793239342252406,101.5094,101.74969999999999,0
101.485,101.499,101.52,-0.0017342464403606872,101.4666,101.69559999999998,1
101.309,101.485,101.499,0.0012733320830331518,101.4502,101.65599999999999,1
101.438,101.309,101.485,0.0032926516689997243,101.50059999999999,101.61240000000001,1
101.772,101.438,101.309,0.0017490075855834952,101.59080000000002,101.5838,0
101.95,101.772,101.438,-0.0004904364884746881,101.6738,101.5916,1
101.9,101.95,101.772,0.000588812561334473,101.804,101.6353,0
101.96,101.9,101.95,-0.00026480972930542634,101.90299999999999,101.67660000000001,1
101.933,101.96,101.9,0.0004610871847192666,101.94460000000001,101.72260000000001,0
101.98,101.933,101.96,-0.002029809766621038,101.90920000000001,101.75,0
101.773,101.98,101.933,-0.00042250891690320813,101.87519999999999,101.7745,1
101.73,101.773,101.98,0.0003931976801336834,101.83720000000001,101.8206,0
101.77,101.73,101.773,-9.826078412100703e-05,101.80260000000001,101.8528,1
101.76,101.77,101.73,0.00026533018867924696,101.76400000000001,101.8543,1
101.787,101.76,101.77,0.005924135695128063,101.8874,101.89829999999999,1
102.39,101.787,101.76,0.001171989452094957,102.04339999999999,101.95930000000001,1
102.51,102.39,101.787,0.0016583747927032544,102.22540000000001,102.0313,0
102.68,102.51,102.39,-0.0025808336579664637,102.35640000000001,102.0795,1
102.415,102.68,102.51,0.0007323146023530125,102.497,102.1305,0
102.49,102.415,102.68,-9.75704946822864e-05,102.51500000000001,102.2012,0
102.48,102.49,102.415,0.0,102.50900000000001,102.2762,1
102.48,102.48,102.49,0.0005854800936768711,102.481,102.3532,0
102.54,102.48,102.48,-0.0022527794031598214,102.4598,102.40809999999999,0
102.309,102.54,102.48,-0.003235296992444514,102.3574,102.4272,0
101.978,102.309,102.54,-0.0027554962835120156,102.2008,102.3579,1
101.697,101.978,102.309,0.0032744328741260986,102.1108,102.3099,0
102.03,101.697,101.978,0.0,102.0088,102.2449,0
102.03,102.03,101.697,-0.00022542389493285242,101.9484,102.20410000000001,0
102.007,102.03,102.03,-0.0018332075249738455,101.9168,102.1371,1
101.82,102.007,102.03,0.0033392260852485034,102.0094,102.10510000000001,0
102.16,101.82,102.007,-0.0024471417384495098,101.9854,102.0481,1
101.91,102.16,101.82,0.000255127072907646,101.9666,101.9877,1
101.936,101.91,102.16,0.001137968921676391,101.9756,101.962,1
102.052,101.936,101.91,7.839140830157021e-05,102.0236,101.9702,1
102.06,102.052,101.936,0.0003331373701742635,102.01039999999999,102.0099,0
102.094,102.06,102.052,-0.001988363664857773,102.0066,101.99600000000001,1
101.891,102.094,102.06,0.00048090606628647947,102.00739999999999,101.98700000000001,0
101.94,101.891,102.094,-0.0013733568765941229,101.95700000000001,101.9663,0
101.8,101.94,101.891,-0.0014734774066796907,101.875,101.94930000000001,0
101.65,101.8,101.94,-0.002498770290211505,101.7354,101.8729,0
101.396,101.65,101.8,-0.0002564203716122204,101.6312,101.81890000000001,1
101.37,101.396,101.65,0.0005622965374372235,101.52860000000001,101.768,0
101.427,101.37,101.396,-0.0012225541522474792,101.42920000000001,101.69309999999999,1
101.303,101.427,101.37,0.0023395161051500413,101.40720000000002,101.64110000000001,1
101.54,101.303,101.427,0.002235572188300061,101.48140000000001,101.60839999999999,1
101.767,101.54,101.303,0.004353081057710151,101.6494,101.6403,0
102.21,101.767,101.54,-0.001369728989335739,101.77799999999999,101.65329999999999,1
102.07,102.21,101.767,0.00019594396002742265,101.93539999999999,101.6823,1
102.09,102.07,102.21,0.00029385836027029377,102.05139999999999,101.7293,0
102.12,102.09,102.07,-0.002643948296122356,102.06800000000001,101.7747,0
101.85,102.12,102.09,-0.0032400589101619914,101.92999999999999,101.7897,1
101.52,101.85,102.12,0.0007880220646176994,101.83599999999998,101.807,0
101.6,101.52,101.85,-0.0034251968503936636,101.66839999999999,101.8019,1
101.252,101.6,101.52,0.00037530122861784143,101.5024,101.7769,1
101.29,101.252,101.6,0.00029617928719516406,101.3964,101.7322,1
101.32,101.29,101.252,0.00031583103039878324,101.3628,101.6464,1
101.352,101.32,101.29,0.0018253216512746917,101.3502,101.5931,1
101.537,101.352,101.32,0.001211381072909301,101.4318,101.5501,0
101.66,101.537,101.352,-0.00017706079087154158,101.50219999999999,101.5023,0
101.642,101.66,101.537,-0.005234056787548402,101.4602,101.42830000000001,1
101.11,101.642,101.66,0.0020769459005043345,101.45379999999999,101.4083,0
101.32,101.11,101.642,0.0,101.4104,101.3803,1
101.32,101.32,101.11,0.0002862218712988973,101.34819999999999,101.39,1
101.349,101.32,101.32,0.00038480892756709295,101.29740000000001,101.3998,1
101.388,101.349,101.32,0.0007101432122142981,101.3674,101.41380000000001,1
101.46,101.388,101.349,0.0006899270648532685,101.4094,101.4316,1
101.53,101.46,101.388,0.0024623264059884242,101.5014,101.4559,1
101.78,101.53,101.46,0.0004126547455296503,101.596,101.4721,1
101.822,101.78,101.53,7.856848225329394e-05,101.68440000000001,101.4909,0
101.83,101.822,101.78,-0.0005499361681232662,101.74719999999999,101.5573,1
101.774,101.83,101.822,0.0006386699943010665,101.809,101.6092,1
101.839,101.774,101.83,0.0021700920079734676,101.86500000000001,101.6832,1
102.06,101.839,101.774,0.007642563198118735,102.0686,101.8323,0
102.84,102.06,101.839,-0.00029171528588101125,102.2646,101.9745,0
102.81,102.84,102.06,-0.0023344032681646976,102.42379999999999,102.0855,1
102.57,102.81,102.84,0.0003899775762894464,102.578,102.1935,0
102.61,102.57,102.81,-0.00038007991423838483,102.68019999999999,102.2726,0
102.571,102.61,102.57,-9.749344356579925e-05,102.6244,102.3465,1
102.561,102.571,102.61,0.0004777644523745739,102.5844,102.4245,0
102.61,102.561,102.571,-0.00477536302504622,102.4944,102.45909999999999,0
102.12,102.61,102.561,-0.0006462984723853982,102.3832,102.48060000000001,0
102.054,102.12,102.61,-0.000470339232171213,102.2702,102.4752,1
102.006,102.054,102.12,0.0003333137266436914,102.166,102.39520000000002,1
102.04,102.006,102.054,0.0008134065072520347,102.06860000000002,102.3265,1
102.123,102.04,102.006,0.0011456772715254804,102.0926,102.2935,1
102.24,102.123,102.04,0.0002934272300469942,102.13579999999999,102.2595,1
102.27,102.24,102.123,0.001368925393566034,102.2166,102.2434,1
102.41,102.27,102.24,0.00048823357094041064,102.3006,102.2333,0
102.46,102.41,102.27,-0.0009759906304899202,102.348,102.2083,0
102.36,102.46,102.41,-0.0006838608831574167,102.358,102.22529999999999,1
102.29,102.36,102.46,0.0010460455567504745,102.3834,102.2596,1
102.397,102.29,102.36,0.0018848208443607017,102.4194,102.31800000000001,1
102.59,102.397,102.29,0.003021737011404735,102.5074,102.404,1
102.9,102.59,102.397,0.007978620019436278,102.7796,102.56379999999999,1
103.721,102.9,102.59,0.0013401336277127918,103.0936,102.7258,1
103.86,103.721,102.9,0.0005969574427113766,103.39860000000002,102.891,1
103.922,103.86,103.721,7.698081253249e-05,103.66659999999999,103.043,1
103.93,103.922,103.86,0.0029346675647068388,103.9336,103.22049999999999,0
104.235,103.93,103.922,-0.0019667098383460146,103.99539999999999,103.3875,1
104.03,104.235,103.93,0.0003845044698644884,104.0374,103.5655,0
104.07,104.03,104.235,-0.001700778322282992,104.0316,103.7151,0
103.893,104.07,104.03,-0.0018576804982048944,103.9856,103.8261,1
103.7,103.893,104.07,0.0035679845708773694,103.9526,103.9431,0
104.07,103.7,103.893,-0.0006726241952531575,103.94660000000002,103.971,1
104.0,104.07,103.7,0.001134615384615234,103.9562,103.99680000000001,1
104.118,104.0,104.07,0.0019401064177182459,104.04159999999999,104.03659999999999,1
104.32,104.118,104.0,0.007361963190184007,104.3192,104.15239999999999,0
105.088,104.32,104.118,-0.002264768574908649,104.4752,104.2139,1
104.85,105.088,104.32,0.0049403910348115865,104.7488,104.3477,0
105.368,104.85,105.088,-0.002742768202870005,104.94099999999999,104.44859999999998,0
105.079,105.368,104.85,-0.00037114932574522363,105.085,104.56329999999998,1
105.04,105.079,105.368,0.001389946686976451,105.1046,104.71189999999999,1
105.186,105.04,105.079,0.007719658509687477,105.33420000000001,104.9047,1
105.998,105.186,105.04,0.001717013528557132,105.49660000000002,105.12269999999998,1
106.18,105.998,105.186,0.006084008287813081,105.846,105.39349999999999,1
106.826,106.18,105.998,0.0020032576339095165,106.24600000000001,105.6655,1
107.04,106.826,106.18,0.0027279521674139495,106.67519999999999,105.88989999999998,0
107.332,107.04,106.826,-0.00011180263108856447,106.9396,106.1369,0
107.32,107.332,107.04,-7.45434215430052e-05,107.16600000000001,106.33130000000001,0
107.312,107.32,107.332,-0.0014071119725659331,107.23299999999999,106.5395,0
107.161,107.312,107.32,-0.00019596681628575308,107.253,106.74949999999998,1
107.14,107.161,107.312,0.013160350942691856,107.49659999999999,107.0859,1
108.55,107.14,107.161,0.0017503454629201887,107.7806,107.36010000000002,1
108.74,108.55,107.14,0.002666911899944946,108.1242,107.6451,0
109.03,108.74,108.55,0.0,108.498,107.8655,0
109.03,109.03,108.74,-0.0008621480326514996,108.85719999999999,108.0551,0
108.936,109.03,109.03,-0.0013310567672762952,108.90540000000001,108.201,0
108.791,108.936,109.03,-9.191936832908532e-06,108.9154,108.348,1
108.79,108.791,108.936,0.0033091276771761713,108.9394,108.5318,0
109.15,108.79,108.791,-0.004571690334402301,108.86359999999999,108.6808,1
108.651,109.15,108.79,0.00568793660435718,108.93019999999999,108.8937,1
109.269,108.651,109.15,0.00010066899120508843,109.02799999999999,108.96670000000002,1
109.28,109.269,108.651,0.00176610541727662,109.16460000000002,109.04,0
109.473,109.28,109.269,-0.0004841376412448861,109.2186,109.079,1
109.42,109.473,109.28,0.0016724547614694885,109.40899999999999,109.1363,0
109.603,109.42,109.473,-0.005018110818134525,109.3658,109.148,0
109.053,109.603,109.42,-0.006180481050498288,109.1856,109.10679999999999,1
108.379,109.053,109.603,0.012650052131870426,109.24100000000001,109.2028,1
109.75,108.379,109.053,9.111617312074216e-05,109.309,109.26379999999999,1
109.76,109.75,108.379,0.0007288629737609575,109.35640000000001,109.3827,0
109.84,109.76,109.75,-0.009650400582665752,109.3018,109.3338,0
108.78,109.84,109.76,-0.006499356499356623,109.2406,109.21310000000001,1
108.073,108.78,109.84,0.0009900715257280535,108.92660000000001,109.0838,0
108.18,108.073,108.78,-0.0024958402662230705,108.5566,108.9328,0
107.91,108.18,108.073,-0.0025947548883328286,108.1146,108.7355,0
107.63,107.91,108.18,0.0,107.8846,108.5932,0
107.63,107.63,107.91,-0.0034098299730557224,107.72259999999999,108.4816,0
107.263,107.63,107.63,-0.002451917250123614,107.4866,108.20660000000001,1
107.0,107.263,107.63,0.002373831775700941,107.3554,107.95599999999999,0
107.254,107.0,107.263,-0.011673224308650587,107.0298,107.5722,1
106.002,107.254,107.0,0.0033772947680232868,106.7758,107.33020000000002,1
106.36,106.002,107.254,0.004795035727717334,106.6972,107.20990000000002,0
106.87,106.36,106.002,0.0,106.6712,107.0789,1
106.87,106.87,106.36,0.0024422195190418883,106.64659999999999,107.001,0
107.131,106.87,106.87,-0.0019695512970101525,106.83020000000002,106.92999999999999,1
106.92,107.131,106.87,0.0010101010101011276,106.96379999999999,106.86980000000001,1
107.028,106.92,107.131,0.0013547856635647282,107.02440000000001,106.8608,1
107.173,107.028,106.92,0.009489330335065604,107.2884,106.9798,0
108.19,107.173,107.028,-0.0005176079120066124,107.489,107.06779999999999,1
108.134,108.19,107.173,0.00024044241404186373,107.73700000000001,107.2836,1
108.16,108.134,108.19,0.0005177514792900073,107.97460000000001,107.4692,0
108.216,108.16,108.134,-0.0031788275301248836,108.1144,107.5694,1
107.872,108.216,108.16,0.0022804805695639807,108.1,107.6942,1
108.118,107.872,108.216,0.006788878817588273,108.24359999999999,107.8663,1
108.852,108.118,107.872,0.003536912505052614,108.45899999999999,108.098,1
109.237,108.852,108.118,0.028131493907741945,109.2778,108.6262,0
112.31,109.237,108.852,-0.00035615706526581636,110.15740000000001,109.13589999999999,1
112.27,112.31,109.237,0.005023603812238431,111.10059999999999,109.60029999999999,1
112.834,112.27,112.31,0.007293900774589135,112.0616,110.1526,0
113.657,112.834,112.27,-0.0018740596707637058,112.90299999999999,110.681,1
113.444,113.657,112.834,0.01075420471774624,113.3738,111.3258,1
114.664,113.444,113.657,0.004168701597711433,113.9482,112.0528,0
115.142,114.664,113.444,-0.005315176043494074,114.2874,112.694,1
114.53,115.142,114.664,0.00026194010302971193,114.468,113.2648,0
114.56,114.53,115.142,-0.0001833100558659151,114.68699999999998,113.795,1
114.539,114.56,114.53,0.0016326316800390206,114.69940000000001,114.03659999999999,1
114.726,114.539,114.56,0.009004061851716205,114.8228,114.38550000000001,0
115.759,114.726,114.539,-0.0010798296460750034,115.0436,114.6655,1
115.634,115.759,114.726,0.0017987789058582226,115.3,114.88399999999999,1
115.842,115.634,115.759,0.003642892905854511,115.64500000000001,115.16599999999998,1
116.264,115.842,115.634,0.0001376178352714419,115.9558,115.32759999999999,1
116.28,116.264,115.842,0.005598555211558276,116.1902,115.50649999999999,0
116.931,116.28,116.264,-0.002026836339379612,116.4022,115.72289999999998,1
116.694,116.931,116.28,0.0015853428625294264,116.6096,115.9548,1
116.879,116.694,116.931,0.011430624834230185,116.99980000000001,116.32239999999999,1
118.215,116.879,116.694,0.0003722031891044697,117.39560000000002,116.6757,0
118.259,118.215,116.879,-0.0036529989260859486,117.57480000000001,116.88250000000001,0
117.827,118.259,118.215,-5.940913373003731e-05,117.8,117.1011,0
117.82,117.827,118.259,-0.0005941266338481688,117.9742,117.29189999999998,1
117.75,117.82,117.827,0.0057834394904459074,118.0174,117.5086,0
118.431,117.75,117.82,-0.0049818037507072255,117.93379999999999,117.66470000000001,0
117.841,118.431,117.75,-0.001841464346025612,117.89320000000001,117.73400000000001,1
117.624,117.841,118.431,0.0020744065836904024,117.9028,117.85140000000001,1
117.868,117.624,117.841,0.006464858994807754,118.0788,118.02649999999998,1
118.63,117.868,117.624,0.000252887128045165,118.12460000000002,118.071,1
118.66,118.63,117.868,0.0013989549974717796,118.32159999999999,118.1277,0
118.826,118.66,118.63,-0.004300405635130344,118.4598,118.1765,1
118.315,118.826,118.66,0.007277183789037744,118.72139999999999,118.31210000000002,1
119.176,118.315,118.826,0.005739410619587826,118.9674,118.5231,0
119.86,119.176,118.315,-0.0004588686801267894,119.1964,118.6605,1
119.805,119.86,119.176,0.013396769750845028,119.7132,119.0174,0
121.41,119.805,119.86,0.0,120.33220000000001,119.39599999999999,1
121.41,121.41,119.805,0.0018696977184746721,120.8244,119.7729,0
121.637,121.41,121.41,-0.007703248189284473,120.9924,119.9799,0
120.7,121.637,121.41,-0.011996685998343026,120.8818,120.0391,0
119.252,120.7,121.637,-0.012125582799449863,120.16099999999999,119.93709999999999,1
117.806,119.252,120.7,0.010704038843522445,119.69239999999999,120.01229999999998,0
119.067,117.806,119.252,-0.0022424349315931513,119.125,119.97470000000001,0
118.8,119.067,117.806,-8.417508417501995e-05,118.74299999999998,119.86770000000001,0
118.79,118.8,119.067,-0.005345567808738183,118.52360000000002,119.70270000000001,0
118.155,118.79,118.8,-0.0031737971308873902,118.5184,119.3397,0
117.78,118.155,118.79,-0.009577177789098279,118.03540000000001,118.86390000000002,1
116.652,117.78,118.155,0.01798511812913617,118.02540000000002,118.5752,1
118.75,116.652,117.78,0.002012631578947488,118.0652,118.40410000000001,1
118.989,118.75,116.652,0.004210473237021839,118.33220000000001,118.4279,1
119.49,118.989,118.75,0.00033475604653121493,118.68220000000001,118.60030000000002,0
119.53,119.49,118.989,-0.0003764745252238244,119.2488,118.6421,1
119.485,119.53,119.49,0.005741306440139038,119.53299999999999,118.77919999999999,1
120.171,119.485,119.53,0.004418703347729425,119.87559999999999,118.9704,0
120.702,120.171,119.485,-0.002013222647512025,120.0694,119.2008,0
120.459,120.702,120.171,-0.0007388406013664195,120.23740000000001,119.4598,1
120.37,120.459,120.702,0.0009969261443880661,120.4384,119.8436,0
120.49,120.37,120.459,-0.000331977757490165,120.4942,120.0136,0
120.45,120.49,120.37,-0.00016604400166042588,120.43980000000002,120.1577,1
120.43,120.45,120.49,0.001826787345345915,120.478,120.27369999999999,0
120.65,120.43,120.45,-0.010252797347700016,120.28659999999999,120.26199999999999,1
119.413,120.65,120.43,0.002177317377505039,120.1232,120.2808,1
119.673,119.413,120.65,0.0016461524320439125,120.00720000000001,120.25070000000001,1
119.87,119.673,119.413,0.005172269959122344,120.0192,120.2295,0
120.49,119.87,119.673,-0.0011619221512159106,119.95920000000001,120.2186,1
120.35,120.49,119.87,0.0006979642708766498,120.1634,120.225,0
120.434,120.35,120.49,-0.008378032781440448,120.1138,120.1185,0
119.425,120.434,120.35,-0.006296839020305645,119.8744,119.9408,1
118.673,119.425,120.434,0.005190734202388025,119.6342,119.82669999999999,1
119.289,118.673,119.425,0.004216650319811555,119.52259999999998,119.74090000000001,0
119.792,119.289,118.673,-0.010518231601442496,119.1422,119.6528,0
118.532,119.792,119.289,-0.000860527115040588,118.9432,119.52850000000001,0
118.43,118.532,119.792,-0.0018407498100143638,118.851,119.36269999999999,1
118.212,118.43,118.532,0.000981287855716939,118.6588,119.14649999999999,0
118.328,118.212,118.43,-0.004504428368602542,118.2594,118.891,0
117.795,118.328,118.212,-0.0034381764930599967,118.03099999999999,118.5866,0
117.39,117.795,118.328,-0.01073345259391778,117.571,118.25710000000001,1
116.13,117.39,117.795,0.01283044863515026,117.4526,118.15180000000001,0
117.62,116.13,117.39,-0.0006801564359802947,117.295,117.9769,1
117.54,117.62,116.13,0.00017015484090521227,117.248,117.75370000000001,1
117.56,117.54,117.62,0.001292956788023103,117.3124,117.67170000000002,1
117.712,117.56,117.54,0.007960106021476232,117.81620000000001,117.69359999999999,0
118.649,117.712,117.56,-0.00664986641269627,117.86420000000001,117.6584,1
117.86,118.649,117.712,0.007559816731715685,118.10640000000001,117.70070000000001,0
118.751,117.86,118.649,-0.0081767732482253,118.15040000000002,117.69919999999999,0
117.78,118.751,117.86,-0.000679232467311941,118.148,117.73020000000001,0
117.7,117.78,118.751,-0.0028802039082412856,117.8904,117.85329999999999,1
117.361,117.7,117.78,0.009875512308177292,118.02240000000002,117.9433,0
118.52,117.361,117.7,-0.006285858926763366,117.82719999999999,117.96679999999999,0
117.775,118.52,117.361,-0.0015538102313734647,117.7896,117.97,1
117.592,117.775,118.52,0.0055786107898496695,117.8992,118.02359999999999,0
118.248,117.592,117.775,-0.006748528516338559,117.917,117.9037,0
117.45,118.248,117.592,0.0,117.703,117.86269999999999,0
117.45,117.45,118.248,-0.002264793529161424,117.5848,117.70599999999999,1
117.184,117.45,117.45,0.0033366329874386924,117.5814,117.6855,1
117.575,117.184,117.45,0.0006038698702954814,117.46100000000001,117.6801,0
117.646,117.575,117.184,-0.0030430273872464886,117.4286,117.67280000000001,1
117.288,117.646,117.575,0.0021059272900894044,117.44559999999998,117.57430000000002,1
117.535,117.288,117.646,0.01351086910282051,117.83340000000001,117.7091,0
119.123,117.535,117.288,-0.0005288651226044161,118.13040000000001,117.85589999999999,0
119.06,119.123,117.535,-0.0007559213841761281,118.3952,117.92810000000001,0
118.97,119.06,119.123,-0.0034210305118936857,118.6502,118.0394,1
118.563,118.97,119.06,0.0067052959186255645,119.01480000000001,118.23020000000001,1
119.358,118.563,118.97,0.006803063054005687,119.2242,118.5288,0
120.17,119.358,118.563,-0.010435216776233713,119.19540000000002,118.6629,0
118.916,120.17,119.358,-0.0015641293013555213,119.14739999999999,118.7713,0
118.73,118.916,120.17,0.0,119.1808,118.9155,0
118.73,118.73,118.916,-0.0013475953844859223,119.0232,119.019,0
118.57,118.73,118.73,-0.0006578392510752096,118.6876,118.9559,1
118.492,118.57,118.73,0.006042602032204636,118.74600000000001,118.9707,0
119.208,118.492,118.57,-0.004353734648681384,118.7378,118.9426,1
118.689,119.208,118.492,0.002519188804354311,118.7894,118.98510000000002,1
118.988,118.689,119.208,0.00018489259421117232,118.87740000000001,118.9503,0
119.01,118.988,118.689,0.0,118.981,118.83430000000001,1
119.01,119.01,118.988,0.0005545752457776221,118.9546,118.85030000000002,0
119.076,119.01,119.01,-0.0014528536396921643,118.99740000000001,118.86760000000001,0
118.903,119.076,119.01,-9.251238404417439e-05,118.97820000000002,118.88380000000002,0
118.892,118.903,119.076,-0.0005887696396729147,118.94059999999999,118.90899999999999,1
118.822,118.892,118.903,0.004670852199087694,119.01399999999998,118.99749999999999,1
119.377,118.822,118.892,0.0015329586101175963,119.1108,119.0327,1
119.56,119.377,118.822,8.364001338234672e-05,119.2442,119.1208,1
119.57,119.56,119.377,0.0021410052688801695,119.431,119.2046,1
119.826,119.57,119.56,0.003154574132492094,119.7074,119.324,0
120.204,119.826,119.57,-0.004716981132075415,119.7594,119.38669999999999,1
119.637,120.204,119.826,0.00011702065414542773,119.77759999999998,119.4442,1
119.651,119.637,120.204,0.0032929102138721245,119.87259999999999,119.55839999999998,1
120.045,119.651,119.637,0.006272647757091132,120.06700000000001,119.749,0
120.798,120.045,119.651,-0.000124174241295405,120.1828,119.9451,0
120.783,120.798,120.045,-0.0003642896765273518,120.4032,120.08130000000001,1
120.739,120.783,120.798,0.005540877429828006,120.75460000000001,120.26610000000001,0
121.408,120.739,120.783,-0.0030475751186083144,120.95320000000001,120.4129,1
121.038,121.408,120.739,0.003081676828764479,121.0758,120.5714,0
121.411,121.038,121.408,-0.0007659931966625955,121.1828,120.6828,1
121.318,121.411,121.038,0.0005110535946850625,121.31099999999999,120.85709999999999,0
121.38,121.318,121.411,0.0,121.30539999999999,121.03,0
121.38,121.38,121.318,-0.00030482781347829224,121.3664,121.15980000000002,1
121.343,121.38,121.38,0.00019778644009127433,121.3576,121.21670000000002,0
121.367,121.343,121.38,-0.0007168340652731198,121.35,121.2664,0
121.28,121.367,121.343,-0.010026385224274459,121.0868,121.19890000000001,1
120.064,121.28,121.367,0.0058135660980811465,120.9632,121.13430000000001,0
120.762,120.064,121.28,-0.006144316920885795,120.69860000000001,121.0325,0
120.02,120.762,120.064,-0.0007582069655056589,120.41099999999999,120.88429999999998,1
119.929,120.02,120.762,0.0008171501471703202,120.16040000000001,120.75519999999999,0
120.027,119.929,120.02,-0.0023078140751664478,120.09760000000001,120.5922,1
119.75,120.027,119.929,0.0003423799582462639,119.9034,120.4333,0
119.791,119.75,120.027,-0.002278969204698167,119.803,120.25079999999998,0
119.518,119.791,119.75,-0.0028029250824143093,119.6538,120.03239999999998,0
119.183,119.518,119.791,-0.0004446942936493503,119.47439999999999,119.81739999999999,0
119.13,119.183,119.518,-0.0002518257365903276,119.3444,119.721,1
119.1,119.13,119.183,0.0012594458438288658,119.23620000000001,119.56979999999999,1
119.25,119.1,119.13,0.006398322851153049,119.33519999999999,119.5691,1
120.013,119.25,119.1,7.499187588022593e-05,119.503,119.57840000000002,0
120.022,120.013,119.25,-0.0037326490143474444,119.59179999999999,119.53310000000002,1
119.574,120.022,120.013,0.0010286517135833506,119.7112,119.5278,1
119.697,119.574,120.022,2.506328479401354e-05,119.80120000000002,119.51870000000001,0
119.7,119.697,119.574,-0.006265664160400974,119.5886,119.46190000000001,0
118.95,119.7,119.697,-0.0010676754939050737,119.34880000000001,119.4259,1
118.823,118.95,119.7,0.00550398491874482,119.32939999999999,119.4606,1
119.477,118.823,118.95,0.006804656963264932,119.44800000000001,119.5796,0
120.29,119.477,118.823,-0.001629395627234298,119.52680000000001,119.66400000000002,1
120.094,120.29,119.477,0.00379702566323048,119.8468,119.7177,0
120.55,120.094,120.29,-0.002903359601824973,120.12219999999999,119.7355,0
120.2,120.55,120.094,-0.0007487520798669101,120.2488,119.78909999999999,1
120.11,120.2,120.55,0.0008242444425943241,120.2326,119.8403,0
120.209,120.11,120.2,-0.001247826701827659,120.22559999999999,119.8762,0
120.059,120.209,120.11,-0.005014201351002501,120.00700000000002,119.9269,0
119.457,120.059,120.209,-0.0026285609047606018,119.7956,119.95890000000001,0
119.143,119.457,120.059,-0.0008309342554745358,119.58239999999998,119.9156,0
119.044,119.143,119.457,-0.0012096367729578228,119.32060000000001,119.7766,0
118.9,119.044,119.143,-0.0005550883095037928,119.07560000000001,119.65060000000001,0
118.834,118.9,119.044,-0.00013464160088871857,118.9478,119.47740000000002,1
118.818,118.834,118.9,0.0031729199279570963,118.95819999999999,119.3769,1
119.195,118.818,118.834,0.0036746507823315344,119.076,119.32920000000001,1
119.633,119.195,118.818,0.0026497705482602107,119.28600000000002,119.3033,0
119.95,119.633,119.195,-0.0031596498541058837,119.4334,119.25450000000001,0
119.571,119.95,119.633,-0.005168477306370267,119.4604,119.2041,0
118.953,119.571,119.95,-0.00036148731011409474,119.40339999999999,119.1808,1
118.91,118.953,119.571,0.0001429652678497373,119.2622,119.1691,1
118.927,118.91,118.953,0.0016732953828819674,119.0974,119.1917,0
119.126,118.927,118.91,-0.0025435253429143545,118.9478,119.19059999999999,1
118.823,119.126,118.927,0.0012371342248556072,118.9512,119.2058,1
118.97,118.823,119.126,0.004051441539884015,119.0596,119.23150000000001,0
119.452,118.97,118.823,-0.0007701838395338667,119.1462,119.20419999999999,1
119.36,119.452,118.97,0.006618632707774852,119.351,119.22420000000002,0
120.15,119.36,119.452,-0.00011652101539749715,119.61359999999999,119.2807,0
120.136,120.15,119.36,-0.0002996603848971491,119.83959999999999,119.3954,0
120.1,120.136,120.15,-0.0014820982514570646,119.9336,119.49659999999999,0
119.922,120.1,120.136,-0.004377845599639718,119.941,119.5436,1
119.397,119.922,120.1,0.0026131309831904925,119.8528,119.6019,1
119.709,119.397,119.922,0.0006766408540710422,119.7836,119.69859999999998,0
119.79,119.709,119.397,-0.0003339176892896978,119.7136,119.77659999999999,1
119.75,119.79,119.709,0.00025052192066810086,119.68520000000001,119.80939999999998,1
119.78,119.75,119.79,0.002930372349307042,119.832,119.8865,0
120.131,119.78,119.75,-0.0024639768252990857,119.8572,119.85499999999999,0
119.835,120.131,119.78,-0.005632745024408581,119.73119999999999,119.7574,1
119.16,119.835,120.131,0.0002601544142331047,119.6194,119.6665,1
119.191,119.16,119.835,0.0009983975300147385,119.52539999999999,119.60530000000001,0
119.31,119.191,119.16,-0.0004190763557120336,119.35119999999999,119.59160000000001,1
119.26,119.31,119.191,0.0005869528760691356,119.25019999999999,119.5537,1
119.33,119.26,119.31,0.004776669739378292,119.3982,119.56470000000002,1
119.9,119.33,119.26,0.006271893244370164,119.6904,119.6549,1
120.652,119.9,119.33,0.004641448131817105,120.0708,119.79810000000002,0
121.212,120.652,119.9,-0.0014272514272514192,120.42660000000001,119.8889,1
121.039,121.212,120.652,0.004221779756937716,120.87060000000001,120.0604,0
121.55,121.039,121.212,-0.00032908268202380686,121.19260000000001,120.2954,1
121.51,121.55,121.039,0.0007406797794420328,121.38219999999998,120.53630000000001,1
121.6,121.51,121.55,0.011398026315789567,121.737,120.9039,1
122.986,121.6,121.51,0.006130779113069806,122.2772,121.3519,1
123.74,122.986,121.6,0.0006465168902536345,122.73119999999999,121.8009,1
123.82,123.74,122.986,0.002503634307866376,123.25519999999999,122.22389999999999,0
124.13,123.82,123.74,-8.056070248896319e-06,123.761,122.57160000000002,1
124.129,124.13,123.82,0.0057843050375012695,124.13319999999999,122.93509999999999,0
124.847,124.129,124.13,-0.006495951044077852,124.19239999999999,123.23479999999999,1
124.036,124.847,124.129,0.0021606630333128596,124.28920000000001,123.51019999999998,1
124.304,124.036,124.847,0.0006114042991376412,124.3392,123.7972,1
124.38,124.304,124.036,0.009969448464383524,124.6374,124.19919999999999,0
125.62,124.38,124.304,-0.000398025792071377,124.782,124.4576,0
125.57,125.62,124.38,-0.008019431392848553,124.8874,124.53989999999999,0
124.563,125.57,125.62,-0.001798286810690164,124.89439999999999,124.59179999999999,0
124.339,124.563,125.57,-0.011846645059072403,124.5916,124.4654,1
122.866,124.339,124.563,0.005819347907476402,124.18379999999999,124.4106,0
123.581,122.866,124.339,-0.0017073822027657837,123.74380000000001,124.26289999999999,1
123.37,123.581,122.866,0.00040528491529534527,123.51520000000001,124.20129999999999,1
123.42,123.37,123.581,0.00015394587587103103,123.33519999999999,124.11480000000002,1
123.439,123.42,123.37,0.0007372062314179306,123.468,124.0298,0
123.53,123.439,123.42,-0.004274265360641238,123.3522,123.768,0
123.002,123.53,123.439,-0.002780442594429333,123.21019999999999,123.477,1
122.66,123.002,123.53,0.0058617316158486865,123.202,123.3586,1
123.379,122.66,123.002,0.0038985564804383532,123.28620000000001,123.3107,0
123.86,123.379,122.66,-7.266268367511763e-05,123.3504,123.40920000000001,0
123.851,123.86,123.379,-0.0020427772080968687,123.46959999999999,123.4109,1
123.598,123.851,123.86,0.002119775400896362,123.7096,123.45990000000002,0
123.86,123.598,123.851,-0.009607621508154307,123.5678,123.38489999999999,0
122.67,123.86,123.598,-0.0023151544794979273,123.273,123.27959999999999,1
122.386,122.67,123.86,0.0076315918487408485,123.1668,123.2586,0
123.32,122.386,122.67,-0.002116445021083324,123.059,123.2643,0
123.059,123.32,122.386,-0.0021046814942425884,122.84699999999998,123.27829999999999,0
122.8,123.059,123.32,-0.0015390879478827113,122.83520000000001,123.20150000000001,0
122.611,122.8,123.059,-0.000986860885238805,122.856,123.0645,0
122.49,122.611,122.8,-0.013290880888235823,122.3644,122.76559999999999,1
120.862,122.49,122.611,0.006933527494166869,122.09259999999999,122.5758,1
121.7,120.862,122.49,0.008545603944124736,122.0806,122.46379999999999,1
122.74,121.7,120.862,0.006762261691380056,122.27239999999999,122.5538,0
123.57,122.74,121.7,-0.0020231447762402155,122.4384,122.6472,1
123.32,123.57,122.74,0.004459941615309937,123.04,122.70219999999999,1
123.87,123.32,123.57,0.0022523613465730286,123.5298,122.81119999999999,0
124.149,123.87,123.32,-0.000797428895923491,123.7918,122.93620000000001,0
124.05,124.149,123.87,-2.4183796856092066e-05,123.8872,123.07979999999998,1
124.047,124.05,124.149,0.001991180762130451,124.082,123.26020000000001,0
124.294,124.047,124.05,-0.0034917212415723764,124.08,123.55999999999999,1
123.86,124.294,124.047,0.0016793153560470397,124.06379999999999,123.79679999999999,0
124.068,123.86,124.294,-0.0015475384466582254,124.029,123.91040000000001,0
123.876,124.068,123.86,-0.0006942426297265047,123.97760000000001,123.9324,0
123.79,123.876,124.068,-0.004443008320542896,123.76680000000002,123.92440000000002,1
123.24,123.79,123.876,0.0027263875365139967,123.71,123.89500000000001,1
123.576,123.24,123.79,0.0029455557713471414,123.68440000000001,123.8741,1
123.94,123.576,123.24,0.0010569630466354951,123.7234,123.8762,0
124.071,123.94,123.576,-0.0012976440908835096,123.7474,123.8625,0
123.91,124.071,123.94,-0.00024211120974904077,123.87539999999998,123.8211,1
123.88,123.91,124.071,0.0005247013238618425,123.94919999999999,123.8296,1
123.945,123.88,123.91,0.002654403162693164,124.016,123.85020000000002,1
124.274,123.945,123.88,0.0036693113603811778,124.1478,123.9356,1
124.73,124.274,123.945,3.2069269622292396e-05,124.3126,124.03,0
124.734,124.73,124.274,-0.004120768996424329,124.3806,124.128,1
124.22,124.734,124.73,0.00316374174851064,124.51419999999999,124.2317,1
124.613,124.22,124.734,0.0036673541283813726,124.67339999999999,124.34470000000002,0
125.07,124.613,124.22,-0.006516350843527641,124.57840000000002,124.36309999999999,1
124.255,125.07,124.613,0.0008691803146754218,124.5042,124.4084,0
124.363,124.255,125.07,-0.0005869913077040101,124.51820000000001,124.4494,1
124.29,124.363,124.255,0.0011907635368895164,124.48319999999998,124.49870000000001,0
124.438,124.29,124.363,-0.0005384207396454954,124.3434,124.50839999999998,0
124.371,124.438,124.29,-0.0038111778469256397,124.27180000000001,124.4251,0
123.897,124.371,124.438,-0.003849972154289505,124.0832,124.29369999999999,0
123.42,123.897,124.371,-0.01126235618214233,123.63119999999999,124.07469999999998,0
122.03,123.42,123.897,-0.0003687617798902032,123.14059999999999,123.81190000000001,0
121.985,122.03,123.42,-0.02542115833914005,122.0432,123.1933,0
118.884,121.985,122.03,-0.002893576932135433,120.97179999999999,122.62180000000001,1
118.54,118.884,121.985,0.012805803948034322,120.29940000000002,122.1913,1
120.058,118.54,118.884,0.007871195588798674,120.09400000000001,121.8626,1
121.003,120.058,118.54,0.005760187763939717,120.03699999999999,121.58879999999999,1
121.7,121.003,120.058,8.216926869342167e-05,120.6022,121.32270000000001,0
121.71,121.7,121.003,-0.005102292334237091,121.112,121.04189999999998,0
121.089,121.71,121.7,-0.011347025741396788,121.04339999999999,120.67140000000002,1
119.715,121.089,121.71,0.007225493881301448,120.9588,120.52640000000001,0
120.58,119.715,121.089,-0.004345662630618641,120.63,120.3335,0
120.056,120.58,119.715,-0.008712600786299651,120.09,120.3461,0
119.01,120.056,120.58,-0.0009831106629695219,119.6508,120.38140000000001,1
118.893,119.01,120.056,0.004289571295198247,119.58840000000001,120.31590000000001,1
119.403,118.893,119.01,0.005745249281843723,119.4902,120.2245,1
120.089,119.403,118.893,0.001573832740717318,119.5346,120.0823,1
120.278,120.089,119.403,0.002835098688039217,119.85640000000001,119.97319999999999,0
120.619,120.278,120.089,-0.00033991328066051985,120.1934,119.9221,0
120.578,120.619,120.278,-0.0018079583340244731,120.3848,119.9866,1
120.36,120.578,120.619,0.0006148222000663672,120.4538,119.97200000000001,1
120.434,120.36,120.578,0.0007389939718018823,120.50280000000001,120.0187,0
120.523,120.434,120.36,-0.003957750802751292,120.38820000000001,120.1223,0
120.046,120.523,120.434,-0.0005497892474551902,120.26860000000002,120.231,0
119.98,120.046,120.523,-0.0008334722453743337,120.17260000000002,120.27869999999999,1
119.88,119.98,120.046,0.005155155155155189,120.1854,120.3196,0
120.498,119.88,119.98,-0.0034689372437717303,120.0968,120.2998,1
120.08,120.498,119.88,0.0009993337774816258,120.1276,120.25789999999999,1
120.2,120.08,120.498,0.00033277870216297245,120.17960000000001,120.22409999999999,1
120.24,120.2,120.08,0.00288589487691282,120.321,120.24679999999998,1
120.587,120.24,120.2,9.12204466483324e-05,120.34100000000001,120.26320000000001,0
120.598,120.587,120.24,-0.006285344698917061,120.29299999999998,120.1949,1
119.84,120.598,120.587,0.00016688918558083188,120.225,120.1763,0
119.86,119.84,120.598,-8.343066911442598e-06,120.14879999999998,120.16420000000001,0
119.859,119.86,119.84,-0.0004088136894183636,119.9934,120.15720000000002,1
119.81,119.859,119.86,0.000609298055254115,119.85040000000001,120.09570000000001,1
119.883,119.81,119.859,0.0003086342517288898,119.8664,120.0797,1
119.92,119.883,119.81,0.004511340893929239,119.9866,120.1058,0
120.461,119.92,119.883,-0.0018346186732636216,120.0628,120.1058,0
120.24,120.461,119.92,-0.0027029274783765267,120.0838,120.03860000000002,1
119.915,120.24,120.461,0.0001167493641329731,120.093,119.97169999999998,1
119.929,119.915,120.24,0.002676583645323527,120.15899999999999,120.0127,0
120.25,119.929,119.915,-0.001987525987526051,120.069,120.0278,0
120.011,120.25,119.929,-0.002424777728708194,119.96499999999999,120.01389999999999,0
119.72,120.011,120.25,-0.007434012696291403,119.748,119.91590000000001,1
118.83,119.72,120.011,0.001851384330556316,119.5722,119.8326,1
119.05,118.83,119.72,0.0032423351532970823,119.4094,119.78419999999998,1
119.436,119.05,118.83,0.0005609698918247474,119.3078,119.6884,1
119.503,119.436,119.05,0.0023179334410015073,119.31979999999999,119.6424,1
119.78,119.503,119.436,0.0005176156286526012,119.5222,119.6351,1
119.842,119.78,119.503,0.008494517781745925,119.8842,119.72820000000002,1
120.86,119.842,119.78,0.004881681284130357,120.287,119.84819999999999,0
121.45,120.86,119.842,-0.004125154384520435,120.5762,119.94200000000001,0
120.949,121.45,120.86,-0.00390247128955179,120.7156,120.01770000000002,1
120.477,120.949,121.45,0.003179030022327778,120.9192,120.22070000000001,1
120.86,120.477,120.949,0.0011583650504716214,120.9472,120.41569999999999,0
121.0,120.86,120.477,-0.0033057851239669533,120.7772,120.53209999999999,0
120.6,121.0,120.86,-0.0003482587064675968,120.699,120.63760000000002,1
120.558,120.6,121.0,0.001907795417972924,120.7612,120.73839999999998,1
120.788,120.558,120.6,0.002541643209590383,120.80820000000001,120.8637,1
121.095,120.788,120.558,0.003261901812626311,120.90619999999998,120.92670000000001,1
121.49,121.095,120.788,0.0014816034241502685,121.1202,120.9487,1
121.67,121.49,121.095,0.012081860770937869,121.6366,121.16779999999999,0
123.14,121.67,121.49,0.0,122.107,121.43409999999999,0
123.14,123.14,121.67,-0.0005116127984408081,122.50340000000001,121.6558,1
123.077,123.14,123.14,5.687496445316853e-05,122.8222,121.86420000000001,0
123.084,123.077,123.14,-0.002656722238471243,123.0396,122.07990000000002,0
122.757,123.084,123.077,-0.0016047964678185256,122.92360000000001,122.28009999999999,1
122.56,122.757,123.084,0.00025293733681452935,122.81379999999999,122.4604,1
122.591,122.56,122.757,0.005506113825648029,122.8516,122.67750000000001,1
123.266,122.591,122.56,0.0014521441435593196,122.9238,122.873,1
123.445,123.266,122.591,0.0006480618899105117,123.07740000000001,123.05850000000001,0
123.525,123.445,123.266,-0.004962558186601851,123.1478,123.03570000000002,0
122.912,123.525,123.445,-0.0011552980994533613,123.1836,122.99870000000001,1
122.77,122.912,123.525,0.0012462327930276018,123.11500000000001,122.98330000000001,0
122.923,122.77,122.912,-6.508139241634403e-05,123.00899999999999,122.9664,0
122.915,122.923,122.77,-0.0033356384493350433,122.80499999999999,122.94119999999998,1
122.505,122.915,122.923,0.0014285131219133884,122.7586,122.9532,0
122.68,122.505,122.915,-0.00037495924356056864,122.73140000000001,122.95750000000001,1
122.634,122.68,122.505,0.0015982517083352743,122.71279999999999,122.91389999999998,0
122.83,122.634,122.68,0.0,122.6958,122.85240000000002,1
122.83,122.83,122.634,0.0030937067491654258,122.8368,122.82090000000001,0
123.21,122.83,122.83,-0.0023942861780699154,122.8838,122.8212,1
122.915,123.21,122.83,0.0025302037993735205,123.00219999999999,122.86679999999998,0
123.226,122.915,123.21,-0.004649992696346472,122.96679999999999,122.8398,1
122.653,123.226,122.915,0.004133612712285739,123.0328,122.8643,1
123.16,122.653,123.226,0.0009743423189347844,123.0468,122.94180000000001,0
123.28,123.16,122.653,-0.0029850746268655914,123.0462,122.965,0
122.912,123.28,123.16,-0.009860713355896888,122.74100000000001,122.87160000000002,1
121.7,122.912,123.28,8.216926869342167e-05,122.55239999999999,122.7596,0
121.71,121.7,122.912,-0.007065976501519966,122.0904,122.5616,1
120.85,121.71,121.7,0.0007447248655358951,121.6224,122.3346,1
120.94,120.85,121.71,0.0012402844385646095,121.258,122.15209999999999,1
121.09,120.94,120.85,0.004831117350730718,121.253,121.997,1
121.675,121.09,120.94,0.006476268748715874,121.40360000000001,121.978,0
122.463,121.675,121.09,-0.00010615451197493186,121.7236,121.907,0
122.45,122.463,121.675,-0.010755410371580343,121.7622,121.6923,1
121.133,122.45,122.463,0.000800772704382835,121.7902,121.5241,0
121.23,121.133,122.45,-0.00019797079930705674,121.6964,121.47469999999998,0
121.206,121.23,121.133,-0.0014520733297032073,121.40979999999999,121.4067,0
121.03,121.206,121.23,-0.0007849293563578774,121.10679999999999,121.4152,0
120.935,121.03,121.206,-0.006325712159424457,120.91420000000001,121.33819999999999,1
120.17,120.935,121.03,0.0020803861196638795,120.75219999999999,121.2712,0
120.42,120.17,120.935,-0.0028815811327023155,120.52560000000001,121.11100000000002,1
120.073,120.42,120.17,0.0023069299509466124,120.3896,120.89970000000001,1
120.35,120.073,120.42,0.0014873286248442419,120.30839999999998,120.7076,0
120.529,120.35,120.073,-0.0006554439180611604,120.3644,120.6393,0
120.45,120.529,120.35,-0.0013449564134495606,120.338,120.5451,0
120.288,120.45,120.529,-0.00031590848629947654,120.37339999999999,120.44950000000001,1
120.25,120.288,120.45,0.00025779625779631665,120.3596,120.37460000000002,1
120.281,120.25,120.288,0.0002494159509813798,120.316,120.31219999999999,0
120.311,120.281,120.25,-0.007015152396705249,120.1194,120.24190000000002,0
119.467,120.311,120.281,-0.0030552370110573657,119.88220000000001,120.11010000000002,0
119.102,119.467,120.311,-0.004130912998942082,119.5542,119.96379999999999,0
118.61,119.102,119.467,-0.009021161790742749,119.006,119.6828,0
117.54,118.61,119.102,-0.002637400034031012,118.38980000000001,119.3529,0
117.23,117.54,118.61,-8.530239699744424e-05,117.9404,119.0299,0
117.22,117.23,117.54,-0.0011943354376385829,117.53600000000002,118.70909999999999,1
117.08,117.22,117.23,0.004868466006149763,117.34400000000001,118.4491,1
117.65,117.08,117.22,0.0015299617509560992,117.402,118.204,0
117.83,117.65,117.08,-0.0034371552236273084,117.441,117.9154,1
117.425,117.83,117.65,0.006625505641899121,117.63759999999999,117.78899999999999,0
118.203,117.425,117.83,-0.010355067130275897,117.6174,117.5767,0
116.979,118.203,117.425,-0.0011369562058146654,117.45660000000001,117.40029999999999,1
116.846,116.979,118.203,0.0012323913527205743,117.2886,117.3453,1
116.99,116.846,116.979,0.0033678092144628913,117.28040000000001,117.3607,1
117.384,116.99,116.846,0.001541947795270282,117.1528,117.3952,0
117.565,117.384,116.99,-0.0036660570748096033,117.18379999999999,117.40060000000001,1
117.134,117.565,117.384,0.006744412382399645,117.39940000000001,117.428,1
117.924,117.134,117.565,0.007148672026050518,117.7548,117.52170000000001,0
118.767,117.924,117.134,-5.89389308477406e-05,118.03,117.65520000000001,0
118.76,118.767,117.924,-0.0015830245874032256,118.23140000000001,117.69210000000001,0
118.572,118.76,118.767,-0.0029011908376346263,118.4502,117.81700000000001,1
118.228,118.572,118.76,0.0012856514531245367,118.5414,117.97040000000001,1
118.38,118.228,118.572,0.0007349214394323234,118.48140000000001,118.1181,1
118.467,118.38,118.228,0.003908261372365329,118.5154,118.27270000000001,1
118.93,118.467,118.38,0.01836374337845781,119.02380000000001,118.6276,1
121.114,118.93,118.467,0.001866010535528595,119.6462,119.0482,0
121.34,121.114,118.93,-0.004120652711389505,120.13820000000001,119.3398,0
120.84,121.34,121.114,-0.008142999006951368,120.41600000000001,119.44869999999999,0
119.856,120.84,121.34,-0.014484047523695032,120.25399999999999,119.3847,0
118.12,119.856,120.84,-0.01061632238401633,119.40439999999998,119.2141,0
116.866,118.12,119.856,-0.00043639724128485824,118.49940000000001,119.0728,1
116.815,116.866,118.12,0.0011556735008346752,117.72139999999999,118.9298,0
116.95,116.815,116.866,-0.0109619495510902,116.8838,118.6499,0
115.668,116.95,116.815,-0.004123871770930654,116.298,118.276,0
115.191,115.668,116.95,-0.01683291229349526,115.5752,117.48979999999999,0
113.252,115.191,115.668,-0.0066665489351180884,114.7116,116.6055,1
112.497,113.252,115.191,0.006337946789692017,113.9636,115.84250000000002,1
113.21,112.497,113.252,0.004063245296352047,113.56400000000001,115.2239,1
113.67,113.21,112.497,0.0057359021729568305,113.39020000000001,114.8441,0
114.322,113.67,113.21,-0.002116827907139518,113.5558,114.5655,1
114.08,114.322,113.67,0.001753155680224383,113.9124,114.31199999999998,0
114.28,114.08,114.322,-0.00901295064753238,113.9204,113.94199999999998,0
113.25,114.28,114.08,-0.006083885209712925,113.69860000000001,113.63130000000001,0
112.561,113.25,114.28,-0.000639653165839027,113.33200000000002,113.3611,1
112.489,112.561,113.25,0.004284863408866579,113.11019999999999,113.333,0
112.971,112.489,112.561,-0.00965734569048704,112.63020000000002,113.2713,1
111.88,112.971,112.489,0.0019753307114767082,112.40039999999999,113.16040000000001,1
112.101,111.88,112.971,0.009072175984157216,112.5118,113.1052,1
113.118,112.101,111.88,0.007540798104634261,112.80819999999999,113.0701,0
113.971,113.118,112.101,-0.0027287643347869706,112.946,113.0281,0
113.66,113.971,113.118,-0.010821749076192044,113.056,112.8431,1
112.43,113.66,113.971,0.013341634794983515,113.4218,112.9111,0
113.93,112.43,113.66,-0.004072676204687209,113.4914,113.00160000000001,1
113.466,113.93,112.43,0.0017978954047910278,113.43119999999999,113.11970000000001,1
113.67,113.466,113.93,0.000914929180962476,113.454,113.2,1
113.774,113.67,113.466,0.00025489127568678605,113.7286,113.3923,0
113.803,113.774,113.67,-0.003084277215890663,113.633,113.52739999999999,0
113.452,113.803,113.774,-0.006980925854105702,113.4718,113.4816,1
112.66,113.452,113.803,0.005263625066572075,113.3884,113.40979999999999,0
113.253,112.66,113.452,-0.0034701067521389906,113.2056,113.3298,1
112.86,113.253,112.66,0.008302321460216255,113.20439999999999,113.4665,0
113.797,112.86,113.253,-0.0001669639797181599,113.2696,113.45129999999999,1
113.778,113.797,112.86,0.0004570303573625534,113.5036,113.48769999999999,0
113.83,113.778,113.797,-0.0063691469735570605,113.474,113.43119999999999,0
113.105,113.83,113.778,-0.00312099376685393,113.45239999999998,113.329,0
112.752,113.105,113.83,-0.012434369235135523,112.96300000000001,113.0837,1
111.35,112.752,113.105,0.001885945217781737,112.51939999999999,112.8945,0
111.56,111.35,112.752,-0.0010308354248835805,112.0424,112.773,1
111.445,111.56,111.35,0.006227287002557258,111.8492,112.66159999999999,1
112.139,111.445,111.56,0.0010076779710894712,111.7492,112.6008,1
112.252,112.139,111.445,0.0013184620318569262,111.95920000000001,112.46109999999999,1
112.4,112.252,112.139,0.0038256227758006744,112.2132,112.3663,1
112.83,112.4,112.252,0.002029602056190738,112.53599999999999,112.28920000000001,1
113.059,112.83,112.4,0.003458371292864859,112.7982,112.3237,0
113.45,113.059,112.83,-0.0007580431908329466,113.02060000000002,112.38489999999999,0
113.364,113.45,113.059,-0.006033661479834862,113.07660000000001,112.51790000000001,0
112.68,113.364,113.45,-0.002786652467163697,112.9838,112.59850000000002,1
112.366,112.68,113.364,0.00101454176530269,112.86800000000001,112.702,0
112.48,112.366,112.68,-0.00785917496443811,112.49719999999999,112.64770000000001,1
111.596,112.48,112.366,0.0011290727266208833,112.16879999999999,112.59470000000002,0
111.722,111.596,112.48,-0.004224772202431004,111.8828,112.47970000000001,0
111.25,111.722,111.596,-0.007838202247191006,111.48519999999999,112.2345,0
110.378,111.25,111.722,-0.006151588178803791,110.929,111.89850000000001,0
109.699,110.378,111.25,-0.011595365500141175,110.2952,111.3962,0
108.427,109.699,110.378,-0.003412434172300305,109.5622,110.8655,1
108.057,108.427,109.699,0.0023506112514690702,108.97439999999999,110.4286,0
108.311,108.057,108.427,-0.0035176482536399822,108.48479999999999,109.98500000000001,1
107.93,108.311,108.057,0.006578337811544488,108.273,109.601,1
108.64,107.93,108.311,0.007179675994108958,108.4716,109.38340000000001,0
109.42,108.64,107.93,-0.0009504660939498866,108.72340000000001,109.14280000000001,0
109.316,109.42,108.64,-0.00521424128215453,108.8104,108.8924,0
108.746,109.316,109.42,-0.00670369484854616,108.8278,108.65630000000002,1
108.017,108.746,109.316,0.009776238925354397,108.9144,108.59370000000001,1
109.073,108.017,108.746,0.0015310846864027283,108.87839999999998,108.675,1
109.24,109.073,108.017,0.0054741852801172275,108.9828,108.8531,0
109.838,109.24,109.073,-0.0036508312241664287,109.12100000000001,108.9657,1
109.437,109.838,109.24,0.02144612882297592,109.8744,109.3511,0
111.784,109.437,109.838,-0.0031131467830816106,110.34700000000001,109.6307,0
111.436,111.784,109.437,-0.0026921282170933036,110.72619999999999,109.80229999999999,1
111.136,111.436,111.784,0.0008458105384394621,111.00460000000001,109.99369999999999,1
111.23,111.136,111.436,0.0026072102849949985,111.4212,110.2711,0
111.52,111.23,111.136,-0.030882352941176472,110.67960000000001,110.277,0
108.076,111.52,111.23,-0.01615529812354266,109.65839999999999,110.0027,1
106.33,108.076,111.52,0.0011567760744850553,108.7218,109.724,0
106.453,106.33,108.076,-0.0005354475684105076,107.755,109.3798,1
106.396,106.453,106.33,0.002669273280950568,106.78699999999999,109.10410000000002,1
106.68,106.396,106.453,0.0022497187851517886,106.5558,108.61769999999999,1
106.92,106.68,106.396,0.0033202394313505135,106.74480000000001,108.20160000000001,0
107.275,106.92,106.68,-0.0016686087159170082,106.87340000000002,107.79760000000002,1
107.096,107.275,106.92,0.0024650780608053147,107.06620000000001,107.4106,1
107.36,107.096,107.275,0.009044336810730247,107.3964,107.09170000000002,1
108.331,107.36,107.096,0.007966325428547583,107.85119999999999,107.2035,0
109.194,108.331,107.36,-0.007134091616755489,108.07920000000001,107.412,1
108.415,109.194,108.331,0.006318313886454652,108.47999999999999,107.67670000000001,0
109.1,108.415,109.194,-0.004289642529789139,108.73440000000001,107.90030000000002,1
108.632,109.1,108.415,0.0002669563296266997,108.8004,108.0984,1
108.661,108.632,109.1,0.0038560293021414616,108.7776,108.3144,0
109.08,108.661,108.632,-0.0011917858452511476,108.8846,108.4819,1
108.95,109.08,108.661,0.010922441486920675,109.09259999999999,108.78630000000001,0
110.14,108.95,109.08,-0.0023515525694570716,109.3424,109.0384,1
109.881,110.14,108.95,0.001938460698391875,109.62899999999999,109.2147,0
110.094,109.881,110.14,-0.00039965847366796314,109.82300000000001,109.3003,0
110.05,110.094,109.881,-0.006142662426169898,109.9078,109.3962,1
109.374,110.05,110.094,0.00727778082542474,109.9138,109.50319999999999,0
110.17,109.374,110.05,-0.0005355359898339129,109.9598,109.6511,0
110.111,110.17,109.374,-0.003614534424353666,109.8836,109.75629999999998,1
109.713,110.111,110.17,0.004675836044953696,109.91879999999999,109.8709,1
110.226,109.713,110.111,0.004935314717035899,110.19800000000001,110.0529,1
110.77,110.226,109.713,0.0006409677710570438,110.33219999999999,110.123,0
110.841,110.77,110.226,-0.0015427504262862657,110.444,110.2019,0
110.67,110.841,110.77,-0.010779795789283453,110.39679999999998,110.14020000000001,0
109.477,110.67,110.841,-0.005635886989961425,110.12359999999998,110.0212,0
108.86,109.477,110.67,-0.02132096270439099,109.27739999999999,109.73769999999999,1
106.539,108.86,109.477,0.001708294615117456,108.45340000000002,109.3928,1
106.721,106.539,108.86,0.006718452788111007,107.80700000000002,109.12549999999999,0
107.438,106.721,106.539,-0.001712615648094662,107.36240000000001,108.87960000000001,0
107.254,107.438,106.721,-0.004419415592891718,106.9464,108.535,1
106.78,107.254,107.438,0.002903165386776596,107.0566,108.167,0
107.09,106.78,107.254,-0.0015687739284714342,107.0968,107.7751,0
106.922,107.09,106.78,-0.003909391893155645,106.91000000000001,107.3585,0
106.504,106.922,107.09,-0.0026102306016676513,106.7044,107.0334,0
106.226,106.504,106.922,-0.0013085308681489716,106.56580000000001,106.75610000000002,0
106.087,106.226,106.504,-0.0022340154778626165,106.31779999999999,106.6872,0
105.85,106.087,106.226,-0.010458195559754357,105.88199999999999,106.4894,0
104.743,105.85,106.087,-0.006043363279646385,105.4032,106.1566,1
104.11,104.743,105.85,0.005167611180482146,105.0876,105.896,0
104.648,104.11,104.743,-0.007874015748031482,104.63499999999999,105.6004,1
103.824,104.648,104.11,0.008148404993065128,104.399,105.3584,0
104.67,103.824,104.648,-0.00019107671730200781,104.38040000000001,105.1312,1
104.65,104.67,103.824,0.0023506927854752835,104.5376,104.9704,0
104.896,104.65,104.67,-0.02560631482611353,104.05,104.56880000000001,0
102.21,104.896,104.65,-0.0008120536151061675,103.7106,104.17280000000001,0
102.127,102.21,104.896,-0.003084394920050526,103.13899999999998,103.769,1
101.812,102.127,102.21,0.008731780143794499,102.7492,103.56480000000002,1
102.701,101.812,102.127,0.0007497492721590948,102.3256,103.4316,1
102.778,102.701,101.812,0.0028702640642936927,102.4982,103.2741,0
103.073,102.778,102.701,-0.005394235153725946,102.5762,103.1434,0
102.517,103.073,102.778,-0.0002828799125997872,102.7114,102.92519999999999,1
102.488,102.517,103.073,0.00029271719615953096,102.6748,102.71199999999999,0
102.518,102.488,102.517,-0.013431787588521038,102.3474,102.3365,1
101.141,102.518,102.488,8.898468474693999e-05,101.9628,102.2305,0
101.15,101.141,102.518,-0.0035590706870983757,101.6174,102.0968,0
100.79,101.15,101.141,-0.0022621291794822085,101.2322,101.9718,1
100.562,100.79,101.15,0.0012927348302538277,100.86699999999999,101.77090000000001,1
100.692,100.562,100.79,0.018194096849799557,101.14359999999999,101.7455,1
102.524,100.692,100.562,0.021770512270297582,101.8648,101.91380000000001,0
104.756,102.524,100.692,-0.006491274962770688,102.522,102.0697,1
104.076,104.756,102.524,0.010713324877973829,103.44779999999999,102.34,0
105.191,104.076,104.756,-0.003336787367740568,104.27740000000001,102.5722,1
104.84,105.191,104.076,0.005904235024799753,104.8644,103.00399999999999,1
105.459,104.84,105.191,0.00651437999601745,105.1424,103.5036,0
106.146,105.459,104.84,-8.478887569951521e-05,105.55460000000001,104.0383,1
106.137,106.146,105.459,0.010053044649839249,105.95719999999999,104.70249999999999,0
107.204,106.137,106.146,-0.01299391813738282,106.15140000000001,105.2144,1
105.811,107.204,106.137,0.0023532524973772784,106.2716,105.56800000000001,1
106.06,105.811,107.204,0.0025080143315103776,106.30760000000001,105.725,0
106.326,106.06,105.811,-0.007034967928822633,106.1958,105.87519999999999,0
105.578,106.326,106.06,-0.006904847600825881,105.7248,105.84100000000001,1
104.849,105.578,106.326,0.000972827590153269,105.5528,105.8521,0
104.951,104.849,105.578,-0.001962820744918936,105.28980000000001,105.7807,0
104.745,104.951,104.849,-0.025538211847821013,104.4386,105.3731,1
102.07,104.745,104.951,0.0025668658763593477,103.7894,104.9926,1
102.332,102.07,104.745,0.0002638470859555042,103.2914,104.50809999999998,0
102.359,102.332,102.07,-0.012612471790462987,102.5148,104.0338,1
101.068,102.359,102.332,0.0026615743855622487,101.8332,103.5615,0
101.337,101.068,102.359,-0.0013617928298647053,101.65899999999999,103.0488,1
101.199,101.337,101.068,0.005968438423304523,101.55319999999999,102.6713,1
101.803,101.199,101.337,0.00335942948636081,101.5104,102.40090000000001,1
102.145,101.803,101.199,0.0013999706299867576,101.7544,102.13459999999999,0
102.288,102.145,101.803,-0.003646566557171771,101.86999999999999,101.85159999999999,0
101.915,102.288,102.145,-0.00767306088407016,101.85679999999999,101.75789999999999,1
101.133,101.915,102.288,0.00667437928272685,101.8578,101.7055,0
101.808,101.133,101.915,-0.005088008800880117,101.68679999999999,101.5986,0
101.29,101.808,101.133,-6.910850034558269e-05,101.4858,101.62010000000001,0
101.283,101.29,101.808,-0.0004245529851999441,101.3508,101.6104,0
101.24,101.283,101.29,-0.010272619517976977,101.1642,101.51050000000001,0
100.2,101.24,101.283,-0.0029341317365269015,100.7838,101.3208,1
99.906,100.2,101.24,0.002061938221928461,100.54820000000001,101.1175,1
100.112,99.906,100.2,0.0006892280645676152,100.3278,100.9068,1
100.181,100.112,99.906,0.0037232608977750825,100.19059999999999,100.7707,0
100.554,100.181,100.112,-0.003013306283191075,100.2008,100.6825,1
100.251,100.554,100.181,0.0005984977705957295,100.2818,100.53280000000001,1
100.311,100.251,100.554,0.0024025281374924212,100.3698,100.459,1
100.552,100.311,100.251,2.9835309093728668e-05,100.44460000000001,100.3862,1
100.555,100.552,100.311,0.01248073193774557,100.69579999999999,100.44320000000002,1
101.81,100.555,100.552,0.001080443964247113,101.0296,100.6152,0
101.92,101.81,100.555,-0.0010890894819466368,101.32919999999999,100.8055,1
101.809,101.92,101.81,0.010401830879391838,101.7924,101.0811,1
102.868,101.809,101.92,0.004218999105650045,102.3418,101.39320000000001,0
103.302,102.868,101.809,-0.0004259356062806807,102.63140000000001,101.6636,1
103.258,103.302,102.868,0.006895349512870741,103.0414,102.0355,0
103.97,103.258,103.302,-4.8090795421673604e-05,103.47260000000001,102.40090000000001,0
103.965,103.97,103.258,-0.0002981772711970754,103.6858,102.73910000000001,0
103.934,103.965,103.97,-0.004079511997998608,103.72740000000002,103.0346,0
103.51,103.934,103.965,-0.01917689112163079,103.3808,103.00609999999999,1
101.525,103.51,103.934,0.0029943363703519577,102.9526,102.997,1
101.829,101.525,103.51,0.004684323719176264,102.62079999999999,103.04670000000002,1
102.306,101.829,101.525,0.0037534455457157723,102.372,103.0289,0
102.69,102.306,101.829,-4.8690232739234673e-05,102.20700000000001,102.9672,0
102.685,102.69,102.306,-0.002405414617519641,102.3896,102.88520000000001,0
102.438,102.685,102.69,-0.006706495636384924,102.374,102.6633,1
101.751,102.438,102.685,0.007400418669103903,102.4136,102.5172,1
102.504,101.751,102.438,0.00042925154140327493,102.3852,102.3786,0
102.548,102.504,101.751,-0.005265826734797474,102.24980000000001,102.2284,1
102.008,102.548,102.504,0.002490000784252322,102.21459999999999,102.30210000000001,1
102.262,102.008,102.548,0.0004400461559523894,102.3258,102.3499,0
102.307,102.262,102.008,-0.004506045529631408,102.1942,102.30390000000001,0
101.846,102.307,102.262,-0.002935805038980499,101.994,102.1896,0
101.547,101.846,102.307,-0.011364195889588036,101.67099999999999,101.9604,1
100.393,101.547,101.846,0.0043628539838436176,101.3848,101.7997,1
100.831,100.393,101.547,0.0016760718429846833,101.1234,101.7246,1
101.0,100.831,100.393,0.0002970297029702973,100.96020000000001,101.57719999999999,0
101.03,101.0,100.831,-0.0013956250618628596,100.8286,101.4113,0
100.889,101.03,101.0,-0.005253298179187071,100.82180000000001,101.24640000000001,1
100.359,100.889,101.03,0.0010861008977771647,100.7492,101.067,1
100.468,100.359,100.889,0.0046482462077477305,100.7362,100.9298,1
100.935,100.468,100.359,0.0026155446574527286,100.77,100.8651,1
101.199,100.935,100.468,0.0011956639887744647,100.8562,100.8424,1
101.32,101.199,100.935,9.869719699961976e-05,101.0504,100.9361,1
101.33,101.32,101.199,0.0022994177440047725,101.26939999999999,101.0093,1
101.563,101.33,101.32,0.0025009107647468998,101.44579999999999,101.091,1
101.817,101.563,101.33,0.010440299753479376,101.782,101.276,1
102.88,101.817,101.563,0.005637636080870978,102.21,101.5331,1
103.46,102.88,101.817,0.002947999226754261,102.697,101.8737,0
103.765,103.46,102.88,-0.008133763793186422,102.96860000000001,102.119,1
102.921,103.765,103.46,0.0009424704384914939,103.2088,102.3273,1
103.018,102.921,103.765,0.006591081170280955,103.37219999999999,102.5771,0
103.697,103.018,102.921,-0.0034234355863719257,103.34859999999999,102.7793,1
103.342,103.697,103.018,0.009308896673182243,103.4564,103.0767,0
104.304,103.342,103.697,-0.005579843534284423,103.61659999999999,103.2926,1
103.722,104.304,103.342,0.004473496461695703,103.8502,103.52950000000001,0
104.186,103.722,104.304,-9.598218570716632e-06,103.9478,103.66,0
104.185,104.186,103.722,-0.0014013533618083551,104.08720000000001,103.71790000000001,0
104.039,104.185,104.186,-0.0018070146771883566,103.99660000000002,103.72650000000002,1
103.851,104.039,104.185,0.00013480852375025165,104.0252,103.82089999999998,0
103.865,103.851,104.039,-0.004563616232609591,103.8662,103.85820000000001,1
103.391,103.865,103.851,0.006944511611262083,103.851,103.89940000000001,0
104.109,103.391,103.865,-0.002689488901055581,103.809,103.9481,0
103.829,104.109,103.391,-0.0003756176020185409,103.7968,103.89669999999998,1
103.79,103.829,104.109,0.0012236246266499329,103.80720000000001,103.9162,1
103.917,103.79,103.829,0.0038877180827006086,103.9932,103.9297,0
104.321,103.917,103.79,-0.001600828212919736,104.00219999999999,103.92660000000001,1
104.154,104.321,103.917,0.0039268775083050045,104.149,103.979,1
104.563,104.154,104.321,0.006178093589510603,104.4328,104.11479999999999,0
105.209,104.563,104.154,-0.004809474474617215,104.59,104.19860000000001,1
104.703,105.209,104.563,0.00019101649427422096,104.6704,104.3318,0
104.723,104.703,105.209,-0.0015087421101381837,104.75259999999999,104.3774,1
104.565,104.723,104.703,0.002438674508678851,104.804,104.47650000000002,0
104.82,104.565,104.723,-0.006945239458118646,104.5806,104.5067,0
104.092,104.82,104.565,-0.006859316758252354,104.31559999999999,104.4528,0
103.378,104.092,104.82,-0.003153475594420363,103.98140000000001,104.3259,1
103.052,103.378,104.092,0.0003784497147070187,103.6866,104.21959999999999,1
103.091,103.052,103.378,0.00011640201375473502,103.3432,104.07360000000001,1
103.103,103.091,103.052,0.010591350397175736,103.3638,103.9722,1
104.195,103.103,103.091,0.0023321656509429634,103.57579999999999,103.94569999999999,1
104.438,104.195,103.103,0.005668434860874427,103.97139999999999,103.97640000000001,1
105.03,104.438,104.195,0.007835856421974707,104.52380000000001,104.1052,1
105.853,105.03,104.438,0.009475404570489232,105.27439999999999,104.30879999999999,0
106.856,105.853,105.03,-0.0019278281051132717,105.7654,104.5646,1
106.65,106.856,105.853,0.0020721987810594644,106.252,104.91390000000001,1
106.871,106.65,106.856,0.012454267294214505,106.88640000000001,105.4289,1
108.202,106.871,106.65,0.00772628971738043,107.5234,106.02359999999999,0
109.038,108.202,106.871,-0.0023202920082906475,107.90920000000001,106.5918,1
108.785,109.038,108.202,0.013522084846256499,108.63039999999998,107.1979,1
110.256,108.785,109.038,0.005831882165142854,109.43599999999999,107.84400000000001,1
110.899,110.256,108.785,0.0006672738257333943,109.9902,108.4383,0
110.973,110.899,110.256,-0.002910617898047252,110.3126,108.91799999999998,1
110.65,110.973,110.899,0.0032173520108449427,110.7568,109.333,1
111.006,110.65,110.973,0.014197430769507857,111.22200000000001,109.9262,1
112.582,111.006,110.65,0.006306514362864446,111.70059999999998,110.5683,0
113.292,112.582,111.006,-0.0005472584118914048,112.152,111.0711,0
113.23,113.292,112.582,-0.00141305307780637,112.636,111.4743,0
113.07,113.23,113.292,-0.003696824975678692,112.96520000000001,111.86100000000002,0
112.652,113.07,113.23,-0.008539573198877992,112.7868,112.0044,1
111.69,112.652,113.07,0.006983615363953755,112.6224,112.1615,1
112.47,111.69,112.652,0.019774161998755257,112.9152,112.5336,0
114.694,112.47,111.69,-0.006844298742741506,113.083,112.8595,0
113.909,114.694,112.47,-0.0037398274060873593,113.2492,113.1072,1
113.483,113.909,114.694,0.00014980217301263643,113.61120000000001,113.199,1
113.5,113.483,113.909,4.405286343600601e-05,113.8182,113.2203,1
113.505,113.5,113.483,0.0031540460772654377,113.652,113.2836,1
113.863,113.505,113.5,0.001659889516348656,113.6806,113.3818,0
114.052,113.863,113.505,-0.0029723284116018878,113.72659999999999,113.4879,1
113.713,114.052,113.863,0.0031834530792433924,113.8416,113.72639999999998,1
114.075,113.713,114.052,0.011439842209072904,114.2166,114.0174,0
115.38,114.075,113.713,0.0,114.52000000000001,114.08599999999998,1
115.38,115.38,114.075,0.0002773444271104708,114.792,114.2363,0
115.412,115.38,115.38,-0.003552490208990511,115.0498,114.38819999999998,1
115.002,115.412,115.38,0.001930401210413768,115.2796,114.5606,1
115.224,115.002,115.412,0.017244671249045274,115.64580000000001,114.93120000000002,1
117.211,115.224,115.002,0.008787571132402361,116.218,115.369,0
118.241,117.211,115.224,-0.00298542806640667,116.7132,115.7526,1
117.888,118.241,117.211,0.00014420466883824368,117.2938,116.1718,0
117.905,117.888,118.241,-0.0009668801153471795,117.8072,116.54339999999999,0
117.791,117.905,117.888,-0.006401168170742988,117.77240000000002,116.70909999999999,1
117.037,117.791,117.905,0.007160128848141989,117.69920000000002,116.9586,0
117.875,117.037,117.791,-0.0022990455991516168,117.6424,117.1778,0
117.604,117.875,117.037,-0.0005271929526206032,117.56980000000001,117.4318,0
117.542,117.604,117.875,-0.0023906348369093777,117.46379999999999,117.63550000000001,1
117.261,117.542,117.604,5.116790748838085e-05,117.5098,117.64109999999998,1
117.267,117.261,117.542,0.00036668457451805025,117.39680000000001,117.548,0
117.31,117.267,117.261,-0.0010058818515046308,117.3144,117.47840000000001,1
117.192,117.31,117.267,0.0024575056317839294,117.30199999999999,117.43589999999999,0
117.48,117.192,117.31,-0.0033452502553625862,117.2672,117.36550000000003,0
117.087,117.48,117.192,-0.0070033393972004365,117.0672,117.2885,1
116.267,117.087,117.48,0.005272347269646538,116.98119999999999,117.18900000000001,1
116.88,116.267,117.087,8.555783709796039e-05,116.92080000000001,117.1176,0
116.89,116.88,116.267,-0.0008127299170159752,116.7838,117.0429,1
116.795,116.89,116.88,0.005993407252022909,116.8654,117.0663,1
117.495,116.795,116.89,0.0013958040767692026,117.14380000000001,117.1055,0
117.659,117.495,116.795,-0.004640528986307957,117.1904,117.08579999999999,0
117.113,117.659,117.495,-0.015779631637819924,116.8654,116.8931,1
115.265,117.113,117.659,0.01427146141500013,116.8884,116.83610000000002,1
116.91,115.265,117.113,8.55358823026453e-05,116.7734,116.8194,1
116.92,116.91,115.265,0.001967157030448252,116.67160000000001,116.9077,0
117.15,116.92,116.91,-0.009944515578318436,116.446,116.8182,0
115.985,117.15,116.92,-0.0009742639134370235,116.56739999999999,116.7164,0
115.872,115.985,117.15,-0.006679784589892268,116.205,116.54670000000002,0
115.098,115.872,115.985,-0.0037706997515161156,115.7538,116.26360000000003,0
114.664,115.098,115.872,-0.0013430544896392282,115.2258,115.9487,1
114.51,114.664,115.098,0.0005327045672867126,114.94300000000001,115.69449999999999,0
114.571,114.51,114.664,-0.003002504996901467,114.61399999999999,115.59070000000001,0
114.227,114.571,114.51,-0.0006565873217365681,114.4248,115.31490000000001,0
114.152,114.227,114.571,-0.011160557852687658,114.0676,114.91069999999999,1
112.878,114.152,114.227,0.01669058629670972,114.11800000000001,114.67190000000001,1
114.762,112.878,114.152,0.0018995834858228644,114.19980000000001,114.5714,0
114.98,114.762,112.878,-0.0039746042790050895,114.25899999999999,114.4365,1
114.523,114.98,114.762,5.2391222723713327e-05,114.3344,114.37959999999998,0
114.529,114.523,114.98,-0.006277885950283335,114.52079999999998,114.2942,0
113.81,114.529,114.523,-0.0090501713381953,114.12440000000001,114.1212,1
112.78,113.81,114.529,0.00939882957971272,113.8964,114.0481,0
113.84,112.78,113.81,-0.00480498945888963,113.65039999999999,113.9547,1
113.293,113.84,112.78,0.010256591316321284,113.6356,113.98499999999999,1
114.455,113.293,113.84,0.005347079638285734,113.88699999999999,114.2039,0
115.067,114.455,113.293,-6.0834122728392614e-05,114.343,114.2337,0
115.06,115.067,114.455,-0.0034069181296714213,114.5086,114.20250000000001,0
114.668,115.06,115.067,-0.008877803746468071,114.58,114.1152,0
113.65,114.668,115.06,-0.007980642322921394,114.2376,113.93660000000003,1
112.743,113.65,114.668,0.005038006794213512,113.88640000000001,113.88669999999999,0
113.311,112.743,113.65,-0.0046067901615907125,113.43220000000001,113.88759999999999,0
112.789,113.311,112.743,-0.0019860092739540924,113.0116,113.76010000000001,1
112.565,112.789,113.311,0.0011104695065073944,112.8196,113.69980000000001,0
112.69,112.565,112.789,-0.00045256899458689936,112.7988,113.51820000000001,0
112.639,112.69,112.565,-0.007208870817390078,112.502,113.1942,1
111.827,112.639,112.69,0.005007735162348981,112.42159999999998,112.9269,0
112.387,111.827,112.639,-0.0038705544235543288,112.299,112.65530000000001,1
111.952,112.387,111.827,0.013237816206945752,112.4478,112.6337,0
113.434,111.952,112.387,-0.001992347973270747,112.5616,112.68019999999999,0
113.208,113.434,111.952,-0.00024733234400386994,112.83219999999999,112.6671,1
113.18,113.208,113.434,0.006485244742887364,113.13759999999999,112.7796,0
113.914,113.18,113.208,-0.0018347174184033532,113.4882,112.89359999999999,1
113.705,113.914,113.18,0.005241634053031907,113.66159999999999,113.0547,0
114.301,113.705,113.914,-0.0016535288405176152,113.8424,113.202,0
114.112,114.301,113.705,-0.007071999439147381,113.8674,113.3498,0
113.305,114.112,114.301,-0.0042363532059486175,113.6496,113.39360000000002,1
112.825,113.305,114.112,0.000310214934633235,113.48060000000001,113.48440000000001,1
112.86,112.825,113.305,0.0004518872939924812,113.20259999999999,113.43209999999999,1
112.911,112.86,112.825,0.0032680606849642135,113.03620000000001,113.4393,1
113.28,112.911,112.86,0.0034339689265536766,113.109,113.4882,0
113.669,113.28,112.911,-0.002216963288143581,113.22740000000002,113.4385,0
113.417,113.669,113.28,-0.006480509976458548,113.19180000000001,113.3362,0
112.682,113.417,113.669,-0.004818870804565112,113.0374,113.12,1
112.139,112.682,113.417,0.0004102051917709293,112.8184,112.92729999999999,1
112.185,112.139,112.682,2.6741542987096523e-05,112.5222,112.81559999999999,1
112.188,112.185,112.139,0.004964880379363157,112.38780000000001,112.80760000000001,1
112.745,112.188,112.185,0.002944698212780983,112.4668,112.82930000000002,1
113.077,112.745,112.188,0.009232646780512388,112.8632,112.9503,1
114.121,113.077,112.745,0.0019365410397735872,113.29459999999999,113.0565,0
114.342,114.121,113.077,-0.002859841528047413,113.66,113.09110000000001,0
114.015,114.342,114.121,-0.00013156163662675358,113.91099999999999,113.14939999999999,0
114.0,114.015,114.342,-0.0013421052631579222,114.06500000000001,113.26589999999999,1
113.847,114.0,114.015,0.0006148602949573867,114.0242,113.4437,1
113.917,113.847,114.0,7.900488952472529e-05,113.941,113.61779999999999,1
113.926,113.917,113.847,0.004257149377666192,114.0202,113.8401,1
114.411,113.926,113.917,0.006450428717518442,114.25,114.08049999999999,0
115.149,114.411,113.926,-0.0035519196866669045,114.4286,114.24680000000001,0
114.74,115.149,114.411,-6.9722851664622e-05,114.5916,114.30789999999999,1
114.732,114.74,115.149,0.0015950214412718822,114.7894,114.36519999999999,0
114.915,114.732,114.74,-0.0022277335421833078,114.83899999999998,114.42960000000001,0
114.659,114.915,114.732,-0.010962942289746147,114.4896,114.36980000000001,0
113.402,114.659,114.915,-0.000546727570942318,114.2096,114.3191,0
113.34,113.402,114.659,-0.005734956767249,113.8012,114.1964,1
112.69,113.34,113.402,0.000177478037092893,113.36019999999999,114.07480000000001,0
112.71,112.69,113.34,-0.0003194037796112603,112.9632,113.9011,0
112.674,112.71,112.69,-0.0008963913591424344,112.7974,113.64349999999999,0
112.573,112.674,112.71,-0.009247332841800349,112.4358,113.32270000000001,0
111.532,112.573,112.674,-0.0014614639744646718,112.17159999999998,112.9864,0
111.369,111.532,112.573,-0.0032773931704512815,111.83040000000001,112.5953,1
111.004,111.369,111.532,0.002828726892724509,111.5592,112.2612,1
111.318,111.004,111.369,0.00017966546290804075,111.31219999999999,112.0548,0
111.338,111.318,111.004,-0.0070595843288004945,111.1162,111.776,1
110.552,111.338,111.318,0.001980968232144109,110.99659999999999,111.58409999999999,1
110.771,110.552,111.338,0.004107573281815657,111.04100000000001,111.4357,0
111.226,110.771,110.552,-0.0006473306600974782,111.00820000000002,111.2837,1
111.154,111.226,110.771,0.005595840005757857,111.09580000000001,111.204,0
111.776,111.154,111.226,-0.0034086029201260137,111.2644,111.19030000000001,0
111.395,111.776,111.154,-0.00025135778086982086,111.3836,111.1901,0
111.367,111.395,111.776,-0.0009158907037093433,111.3914,111.2162,0
111.265,111.367,111.395,-0.004997079045521935,111.3024,111.15530000000001,1
110.709,111.265,111.367,0.001309739948874844,111.11800000000001,111.1069,0
110.854,110.709,111.265,-0.00426687354538402,110.9152,111.08980000000001,1
110.381,110.854,110.709,0.004674717569146836,110.8212,111.10239999999999,1
110.897,110.381,110.854,0.0016050930142383901,110.78320000000001,111.0873,0
111.075,110.897,110.381,-0.00013504388926399713,110.8534,111.0779,1
111.06,111.075,110.897,0.0014856834143706088,110.92760000000001,111.0228,0
111.225,111.06,111.075,-0.004567318498538975,110.99480000000001,110.955,0
110.717,111.225,111.06,-0.010206201396352865,110.7328,110.777,0
109.587,110.717,111.225,-0.006250741420058992,110.2982,110.54069999999999,1
108.902,109.587,110.717,0.001827330994839338,109.90639999999999,110.37989999999999,0
109.101,108.902,109.587,-0.004344598124673471,109.3868,110.15719999999999,1
108.627,109.101,108.902,7.36465151389698e-05,108.97040000000001,109.9826,0
108.635,108.627,109.101,-0.0028720025774383595,108.71759999999999,109.7252,1
108.323,108.635,108.627,0.007283771682837559,108.7596,109.5289,0
109.112,108.323,108.635,-0.005288144292103558,108.6464,109.2764,1
108.535,109.112,108.323,0.0027548717003731404,108.6878,109.0373,1
108.834,108.535,109.112,0.004970873072752902,108.83579999999999,108.9031,0
109.375,108.834,108.535,-0.0027885714285714736,108.9852,108.85139999999998,0
109.07,109.375,108.834,0.0,108.9768,108.8682,1
109.07,109.07,109.375,0.008324928944714483,109.2654,108.9559,0
109.978,109.07,109.07,-0.00306424921347892,109.4268,109.05729999999998,1
109.641,109.978,109.07,0.012814549301812361,109.76100000000001,109.29839999999999,1
111.046,109.641,109.978,0.0013057651783945357,110.18520000000001,109.58520000000001,1
111.191,111.046,109.641,0.0003147736777255883,110.6164,109.79660000000001,1
111.226,111.191,111.046,0.002625285454839643,110.92440000000002,110.09490000000001,1
111.518,111.226,111.191,0.00010760594702197146,111.3022,110.36449999999999,0
111.53,111.518,111.226,-0.002044293015332155,111.35340000000001,110.55720000000001,1
111.302,111.53,111.518,0.00458212790426038,111.47759999999998,110.83139999999999,1
111.812,111.302,111.53,0.0014041426680500013,111.6262,111.12129999999999,1
111.969,111.812,111.302,0.007269869338834889,111.8792,111.40180000000001,0
112.783,111.969,111.812,-0.002181179787733911,112.0806,111.6914,1
112.537,112.783,111.969,0.001537272186036498,112.3622,111.8578,0
112.71,112.537,112.783,-0.00026616981634275394,112.5358,112.0067,1
112.68,112.71,112.537,3.5498757543495074e-05,112.6788,112.1525,1
112.684,112.68,112.71,0.004845408398707951,112.76820000000001,112.3237,1
113.23,112.684,112.68,0.004133180252583246,113.00039999999998,112.5405,1
113.698,113.23,112.684,0.005540994564548374,113.324,112.8431,0
114.328,113.698,113.23,-0.004539570358967238,113.5498,113.04279999999999,0
113.809,114.328,113.698,-0.004077006212162448,113.68199999999999,113.18039999999999,1
113.345,113.809,114.328,0.00013233931801148735,113.708,113.2381,0
113.36,113.345,113.809,-0.0007851093860268277,113.6226,113.3115,1
113.271,113.36,113.345,0.0032753308437287743,113.4854,113.4047,0
113.642,113.271,113.36,-0.008764365287481701,113.25280000000001,113.40129999999999,0
112.646,113.642,113.271,-0.013493599417644608,112.809,113.24550000000002,1
111.126,112.646,113.642,0.002474668394434998,112.41720000000001,113.0626,0
111.401,111.126,112.646,-0.0013375104352744138,112.0134,112.81799999999998,0
111.252,111.401,111.126,-1.7977204904151556e-05,111.535,112.51019999999998,1
111.25,111.252,111.401,0.00030561797752803876,111.26259999999999,112.2577,0
111.284,111.25,111.252,-0.00353150497825383,111.2156,112.01230000000001,1
110.891,111.284,111.25,0.009613043439052671,111.3268,111.872,0
111.957,110.891,111.284,-0.0038675562939342045,111.38119999999999,111.6973,1
111.524,111.957,110.891,0.0018471360424661132,111.4772,111.50609999999999,0
111.73,111.524,111.957,-0.00369641099078144,111.4838,111.3732,0
111.317,111.73,111.524,-8.983353845248843e-06,111.56879999999998,111.3922,0
111.316,111.317,111.73,-0.0005390060728017732,111.4286,111.3777,0
111.256,111.316,111.317,-0.0007370389012726353,111.3586,111.3699,0
111.174,111.256,111.316,-0.003013294475327055,111.18039999999999,111.3288,0
110.839,111.174,111.256,-0.00038795008976977297,111.07620000000001,111.28,1
110.796,110.839,111.174,0.005785407415429988,111.1004,111.3346,0
111.437,110.796,110.839,-0.009126232759316899,110.93320000000001,111.1809,0
110.42,111.437,110.796,-0.00027168991124792985,110.7764,111.0675,1
110.39,110.42,111.437,0.0006612917836759102,110.7012,110.94080000000001,0
110.463,110.39,110.42,-0.0007423300109538067,110.6182,110.8472,0
110.381,110.463,110.39,-0.007899910310651292,110.2326,110.6665,1
109.509,110.381,110.463,0.0035704827913687343,110.1286,110.5309,0
109.9,109.509,110.381,-0.00037306642402190615,110.02239999999999,110.39940000000001,1
109.859,109.9,109.509,0.004269108584640469,109.99539999999999,110.3483,0
110.328,109.859,109.9,-0.00016314988035670552,109.98119999999999,110.29969999999999,0
110.31,110.328,109.859,-0.00019943794760224343,110.13699999999999,110.1848,0
110.288,110.31,110.328,-0.003327651240388696,110.1412,110.13489999999999,1
109.921,110.288,110.31,0.0012190573229864388,110.1804,110.10139999999998,0
110.055,109.921,110.288,-0.005533596837944743,110.00399999999999,109.9997,1
109.446,110.055,109.921,0.013760210514774496,110.1324,110.0568,0
110.952,109.446,110.055,-0.000748071238012793,110.24859999999998,110.1928,1
110.869,110.952,109.446,9.019653825825813e-06,110.4384,110.28979999999999,1
110.87,110.869,110.952,0.0007576440876702062,110.6182,110.3993,1
110.954,110.87,110.869,0.006480162950411872,111.0636,110.5338,0
111.673,110.954,110.87,-0.0030356487244006525,111.14000000000001,110.6362,0
111.334,111.673,110.954,-0.00021556757145169136,111.22819999999999,110.7384,0
111.31,111.334,111.673,-0.00017967837570742606,111.3122,110.87530000000001,0
111.29,111.31,111.334,-6.289873303988447e-05,111.37800000000001,110.9981,0
111.283,111.29,111.31,-2.695829551679907e-05,111.29940000000002,111.1815,0
111.28,111.283,111.29,-0.00036843997124369476,111.28040000000001,111.21019999999999,1
111.239,111.28,111.283,0.0055645951509812885,111.39000000000001,111.30910000000002,1
111.858,111.239,111.28,0.0029501689642223994,111.56960000000001,111.44090000000001,1
112.188,111.858,111.239,0.0014796591435803919,111.7838,111.5809,0
112.354,112.188,111.858,-0.0030706516901934933,111.92960000000001,111.61449999999999,1
112.009,112.354,112.188,0.0033122338383522187,112.1578,111.7191,1
112.38,112.009,112.354,0.000177967609895191,112.2662,111.82809999999999,0
112.4,112.38,112.009,-0.0012277580071174965,112.28099999999999,111.9253,1
112.262,112.4,112.38,0.010012292672498146,112.48740000000001,112.1356,0
113.386,112.262,112.4,-0.003739438731413025,112.678,112.3038,1
112.962,113.386,112.262,0.0019918202581399314,112.8394,112.49860000000001,0
113.187,112.962,113.386,-0.00033572760122624334,112.98920000000001,112.6277,1
113.149,113.187,112.962,0.006716807042042028,113.31859999999999,112.7998,0
113.909,113.149,113.187,-7.90104381567236e-05,113.42139999999999,112.9544,1
113.9,113.909,113.149,0.0007462686567163423,113.626,113.152,1
113.985,113.9,113.909,0.0007544852392857848,113.8028,113.3211,0
114.071,113.985,113.9,-0.002831569811783785,113.92260000000002,113.4559,0
113.748,114.071,113.985,-0.003630833069592554,113.8078,113.56320000000001,1
113.335,113.748,114.071,0.0007323421714386935,113.7114,113.5664,0
113.418,113.335,113.748,-0.007829445061630524,113.4204,113.5232,0
112.53,113.418,113.335,-0.0003554607660180009,113.10419999999999,113.4535,0
112.49,112.53,113.418,-0.0008267401546803166,112.83399999999999,113.37830000000001,1
112.397,112.49,112.53,0.0016370543697785678,112.68319999999999,113.24549999999999,0
112.581,112.397,112.49,-0.00520514118723403,112.39859999999999,113.05499999999999,0
111.995,112.581,112.397,-0.0010536184651100955,112.268,112.8442,1
111.877,111.995,112.581,7.150710154912865e-05,112.147,112.6256,0
111.885,111.877,111.995,-0.006712249184430474,111.89439999999999,112.36420000000001,0
111.134,111.885,111.877,-0.00012597404934577838,111.6022,112.14270000000002,0
111.12,111.134,111.885,-0.0015748740100792746,111.3922,111.8954,1
110.945,111.12,111.134,0.002586867366713319,111.26320000000001,111.76559999999999,1
111.232,110.945,111.12,0.006931458573072424,111.2868,111.71689999999998,0
112.003,111.232,110.945,-0.007812290742212236,111.2856,111.59,0
111.128,112.003,111.232,-0.0002789575984450954,111.28099999999999,111.4416,0
111.097,111.128,112.003,-0.003762477834684974,111.2278,111.30999999999999,0
110.679,111.097,111.128,-0.0001716676153561414,111.1134,111.1883,0
110.66,110.679,111.097,-0.0013555033435748154,110.81479999999999,111.05080000000001,0
110.51,110.66,110.679,-0.001366392181703091,110.66099999999999,110.9733,1
110.359,110.51,110.66,0.0006614775414783836,110.52799999999999,110.90450000000001,1
110.432,110.359,110.51,0.0029429875398434557,110.54360000000001,110.8857,0
110.757,110.432,110.359,-0.007737659922171902,110.3916,110.75250000000001,1
109.9,110.757,110.432,0.007015468607825204,110.4238,110.6193,0
110.671,109.9,110.757,-9.035790767275564e-06,110.48599999999999,110.57350000000001,1
110.67,110.671,109.9,0.0010481611999637597,110.5568,110.5424,0
110.786,110.67,110.671,-0.00032495080605854376,110.5554,110.5495,0
110.75,110.786,110.67,-0.005851015801354387,110.59580000000001,110.49370000000002,0
110.102,110.75,110.786,-0.0004813718188588778,110.47139999999999,110.44760000000001,0
110.049,110.102,110.75,-0.008568910212723546,110.1586,110.3223,1
109.106,110.049,110.102,0.0007423973017066654,109.83879999999999,110.1978,0
109.187,109.106,110.049,-6.41101962687296e-05,109.5248,110.04010000000001,1
109.18,109.187,109.106,0.00045795933321124416,109.35040000000001,109.9731,1
109.23,109.18,109.187,0.006426805822576265,109.327,109.8992,1
109.932,109.23,109.18,0.0060400975148273695,109.625,109.89180000000002,0
110.596,109.932,109.23,-0.0053980252450360755,109.7874,109.8131,0
109.999,110.596,109.932,-0.006100055455049547,109.81700000000001,109.6709,0
109.328,109.999,110.596,-0.001170788818966817,109.811,109.58070000000001,1
109.2,109.328,109.999,9.157509157509125e-05,109.66659999999999,109.49680000000001,1
109.21,109.2,109.328,0.0010072337698012745,109.4114,109.51820000000001,0
109.32,109.21,109.2,-0.00343944383461392,109.20039999999999,109.49390000000001,1
108.944,109.32,109.21,0.007223894845058032,109.28099999999999,109.549,0
109.731,108.944,109.32,-0.007481933090922377,109.223,109.51699999999998,1
108.91,109.731,108.944,0.005545863557065545,109.2838,109.4752,0
109.514,108.91,109.731,-0.0016071004620413776,109.2874,109.34939999999999,1
109.338,109.514,108.91,0.0009328870109202025,109.3866,109.2935,0
109.44,109.338,109.514,-0.0008589181286549064,109.3096,109.2953,0
109.346,109.44,109.338,-0.005569476706966947,109.275,109.249,1
108.737,109.346,109.44,0.009683916238263146,109.33019999999999,109.30699999999999,1
109.79,108.737,109.346,0.006102559431642174,109.55460000000001,109.421,0
110.46,109.79,108.737,-0.0029965598406661575,109.69239999999999,109.5395,1
110.129,110.46,109.79,0.0010987115110461243,109.8732,109.5914,0
110.25,110.129,110.46,0.0,110.17580000000001,109.7254,0
110.25,110.25,110.129,-0.00412698412698409,110.1768,109.75349999999999,1
109.795,110.25,110.25,0.0001366182430893037,110.04679999999999,109.8007,0
109.81,109.795,110.25,-0.011000819597486555,109.7414,109.71689999999998,1
108.602,109.81,109.795,0.0048986206515533315,109.51820000000001,109.69569999999999,0
109.134,108.602,109.81,-0.007916872835230127,109.12219999999999,109.649,0
108.27,109.134,108.602,-0.003999261106492957,108.73060000000001,109.4537,0
107.837,108.27,109.134,-0.00015764533508921819,108.3326,109.18969999999999,1
107.82,107.837,108.27,0.003811908736783609,108.25840000000001,108.9999,1
108.231,107.82,107.837,0.010754774510075782,108.3106,108.9144,1
109.395,108.231,107.82,0.007596325243384161,108.7018,108.91199999999999,1
110.226,109.395,108.231,0.002621885943425273,109.23740000000001,108.984,0
110.515,110.226,109.395,-0.005392933086006413,109.65719999999999,108.9949,1
109.919,110.515,110.226,0.00837889718792928,110.179,109.21869999999998,0
110.84,109.919,110.515,-0.0002706604114038891,110.46199999999999,109.38629999999998,1
110.81,110.84,109.919,0.0034924645790090914,110.65619999999998,109.679,1
111.197,110.81,110.84,0.0026889214637084713,110.85240000000002,110.04490000000001,1
111.496,111.197,110.81,0.0007354523929110623,111.1842,110.42070000000001,1
111.578,111.496,111.197,0.00867554535840398,111.52539999999999,110.8522,0
112.546,111.578,111.496,-0.000835214045812438,111.8538,111.15790000000001,0
112.452,112.546,111.578,-0.00411731227545975,112.0122,111.33419999999998,0
111.989,112.452,112.546,-6.250613899583257e-05,112.10940000000001,111.48089999999999,1
111.982,111.989,112.452,0.004125663052990669,112.2826,111.7334,0
112.444,111.982,111.989,-0.006074134680374321,112.1256,111.8255,1
111.761,112.444,111.982,0.005511761705782936,112.1106,111.9822,1
112.377,111.761,112.444,0.004298032515550387,112.28479999999999,112.14849999999998,0
112.86,112.377,111.761,-0.003482190324295642,112.3818,112.24560000000001,1
112.467,112.86,112.377,0.004170112121778091,112.4802,112.38140000000001,0
112.936,112.467,112.86,-0.004329885953106238,112.6174,112.3715,1
112.447,112.936,112.467,0.0016985779967451098,112.66959999999999,112.3901,1
112.638,112.447,112.936,0.0011718958078090758,112.6516,112.4682,1
112.77,112.638,112.447,0.0006916733173716327,112.7278,112.5548,0
112.848,112.77,112.638,-0.00022153693463777824,112.70519999999999,112.59270000000001,0
112.823,112.848,112.77,-0.0004343086072874369,112.77059999999999,112.694,0
112.774,112.823,112.848,-0.0011882171422491483,112.771,112.7203,0
112.64,112.774,112.823,0.0,112.745,112.69829999999999,0
112.64,112.64,112.774,-0.0007901278409090384,112.6856,112.7067,1
112.551,112.64,112.64,0.0009506801361160999,112.6526,112.6789,0
112.658,112.551,112.64,-0.0027783202258162554,112.56680000000001,112.66869999999999,1
112.345,112.658,112.551,0.0007922025902353802,112.52560000000001,112.64829999999999,0
112.434,112.345,112.658,-0.0017343508191471901,112.44539999999999,112.5952,0
112.239,112.434,112.345,-0.00373310524862136,112.2992,112.4924,0
111.82,112.239,112.434,0.0,112.1316,112.3921,1
111.82,111.82,112.239,0.0005544625290647698,112.03900000000002,112.3029,1
111.882,111.82,111.82,0.0027975903183710127,111.9912,112.25840000000001,1
112.195,111.882,111.82,0.00016043495699458177,111.98599999999999,112.2157,1
112.213,112.195,111.882,0.007129298744352308,112.22460000000001,112.2619,0
113.013,112.213,112.195,-0.00294656366966628,112.3966,112.26410000000001,1
112.68,113.013,112.213,0.007188498402555865,112.7182,112.3786,1
113.49,112.68,113.013,0.0002643404705260366,112.98320000000001,112.4872,1
113.52,113.49,112.68,0.0046511627906977715,113.3502,112.66810000000001,0
114.048,113.52,113.49,-0.006207912457912412,113.4156,112.8201,1
113.34,114.048,113.52,0.005346744309158158,113.6688,113.0327,0
113.946,113.34,114.048,-0.0034051217243254994,113.6824,113.2003,1
113.558,113.946,113.34,0.004984237129924685,113.80320000000002,113.39320000000001,0
114.124,113.558,113.946,-0.0040657530405523445,113.72560000000001,113.5379,1
113.66,114.124,113.558,0.0002639450994192938,113.7956,113.60560000000001,1
113.69,113.66,114.124,0.00043099656961920196,113.7542,113.7115,0
113.739,113.69,113.66,-0.006532499846139017,113.64180000000002,113.66210000000001,1
112.996,113.739,113.69,0.005787815497893867,113.547,113.6751,1
113.65,112.996,113.739,0.004417069951605734,113.64540000000002,113.6855,0
114.152,113.65,112.996,-0.001191393930899065,113.7106,113.75309999999999,1
114.016,114.152,113.65,0.0003859107493684455,113.7748,113.7645,1
114.06,114.016,114.152,8.767315448010571e-05,113.9896,113.81569999999999,1
114.07,114.06,114.016,0.0009467870605768258,114.0952,113.8211,0
114.178,114.07,114.06,-0.0035646096445900444,114.019,113.83220000000001,0
113.771,114.178,114.07,-8.789586098389979e-05,113.96799999999999,113.83930000000001,1
113.761,113.771,114.178,0.0014591995499337873,113.9414,113.8581,0
113.927,113.761,113.771,-0.004845207896284509,113.80239999999999,113.89599999999999,1
113.375,113.927,113.761,0.0012789415656009329,113.67080000000001,113.883,0
113.52,113.375,113.927,0.0,113.62060000000001,113.81980000000001,1
113.52,113.52,113.375,0.0014622973925300098,113.60560000000001,113.7868,0
113.686,113.52,113.52,-0.0008884119416640024,113.53719999999998,113.7393,0
113.585,113.686,113.52,-0.0016111282299599017,113.5426,113.67250000000001,0
113.402,113.585,113.686,-0.00544082114953881,113.39559999999999,113.53320000000001,1
112.785,113.402,113.585,0.0021545418273707373,113.2972,113.4589,0
113.028,112.785,113.402,-0.008475775913932893,112.974,113.28979999999999,0
112.07,113.028,112.785,0.0,112.671,113.10409999999999,0
112.07,112.07,113.028,-0.0002855358258231355,112.3982,112.9704,1
112.038,112.07,112.07,0.004578803620200356,112.35139999999998,112.87349999999999,0
112.551,112.038,112.07,-0.00186582082789144,112.21399999999998,112.7556,0
112.341,112.551,112.038,-0.00915071078235008,112.0626,112.5183,0
111.313,112.341,112.551,-0.0005300369229110924,111.89939999999999,112.28519999999999,1
111.254,111.313,112.341,0.002283063979722,111.79339999999999,112.09580000000001,1
111.508,111.254,111.313,0.00028697492556606363,111.5912,111.9713,1
111.54,111.508,111.254,0.0011744665590820436,111.45720000000001,111.8356,0
111.671,111.54,111.508,-0.004486393065343819,111.4286,111.7456,1
111.17,111.671,111.54,0.004299721147791535,111.5074,111.70340000000002,1
111.648,111.17,111.671,0.0031706792777299597,111.60619999999999,111.69980000000001,1
112.002,111.648,111.17,0.004946340243924263,111.80940000000001,111.7003,0
112.556,112.002,111.648,-0.004051316677920358,111.8952,111.6762,0
112.1,112.556,112.002,0.0,112.0812,111.75489999999999,1
112.1,112.1,112.556,0.006815343443354216,112.3244,111.9159,0
112.864,112.1,112.1,-0.003233980720158902,112.4238,112.01500000000001,0
112.499,112.864,112.1,-0.0003111138765677923,112.40539999999999,112.10739999999998,0
112.464,112.499,112.864,-0.0015382700241854952,112.44359999999999,112.1694,1
112.291,112.464,112.499,0.007854592086632195,112.6582,112.3697,1
113.173,112.291,112.464,0.002624300849142447,112.77940000000001,112.5519,1
113.47,113.173,112.291,8.812902088672914e-05,112.97559999999999,112.69969999999998,1
113.48,113.47,113.173,0.0005551639055341173,113.1914,112.79839999999999,0
113.543,113.48,113.47,-2.6421708075319295e-05,113.44120000000001,112.94239999999999,1
113.54,113.543,113.48,4.403734366742462e-05,113.51559999999999,113.08689999999999,0
113.545,113.54,113.543,-0.006719802721388057,113.378,113.0787,0
112.782,113.545,113.54,-0.0034225319643205188,113.16120000000001,113.0684,1
112.396,112.782,113.545,0.0015480977970745435,112.9666,113.079,1
112.57,112.396,112.782,0.00028426756684729604,112.779,113.11010000000002,1
112.602,112.57,112.396,0.0010124154100281668,112.6132,113.0644,0
112.716,112.602,112.57,-0.0013130345292593493,112.57039999999999,112.9742,1
112.568,112.716,112.602,0.003686660507426609,112.68780000000001,112.9245,1
112.983,112.568,112.716,0.002283529380526339,112.822,112.8943,1
113.241,112.983,112.568,0.0007241193560636461,112.9662,112.8726,0
113.323,113.241,112.983,-0.0005559330409535823,113.075,112.8441,1
113.26,113.323,113.241,4.4146212254903006e-05,113.2144,112.8924,1
113.265,113.26,113.323,0.00037964066569551314,113.27940000000001,112.9836,0
113.308,113.265,113.26,-4.412751085547395e-05,113.29180000000001,113.0569,0
113.303,113.308,113.265,-0.0008825891635702021,113.26780000000001,113.11699999999999,1
113.203,113.303,113.308,0.00012367163414395144,113.2592,113.1671,0
113.217,113.203,113.303,-0.003020747767561449,113.18119999999999,113.1978,0
112.875,113.217,113.203,-0.001816168327796186,113.0536,113.1665,1
112.67,112.875,113.217,8.87547705690217e-05,112.929,113.1104,0
112.68,112.67,112.875,-0.00012424565140234378,112.82159999999999,113.0447,1
112.666,112.68,112.67,0.000923082385102969,112.7322,112.99570000000001,0
112.77,112.666,112.68,-0.004664361088942082,112.606,112.89359999999999,1
112.244,112.77,112.666,0.0032340258722070025,112.5934,112.8235,1
112.607,112.244,112.77,0.0015629578978215708,112.61399999999999,112.77149999999999,1
112.783,112.607,112.244,0.002456043907326455,112.69279999999999,112.75719999999998,0
113.06,112.783,112.607,-0.00026534583407045176,112.74480000000001,112.7385,1
113.03,113.06,112.783,0.0010970538795009865,112.9268,112.7664,0
113.154,113.03,113.06,-0.0001148876752036232,113.0336,112.8135,0
113.141,113.154,113.03,-0.0034116721612855727,113.02799999999999,112.821,0
112.755,113.141,113.154,-0.011626978847944613,112.7048,112.6988,0
111.444,112.755,113.141,-0.0013459674814256806,112.3576,112.55120000000002,0
111.294,111.444,112.755,-0.0023720955307563463,111.9328,112.4298,1
111.03,111.294,111.444,4.503287399804101e-05,111.5116,112.27260000000001,1
111.035,111.03,111.294,0.0005854009996848486,111.1806,112.10430000000001,0
111.1,111.035,111.03,-0.004671467146714625,111.008,111.85640000000001,0
110.581,111.1,111.035,-0.0017453269549018158,110.8268,111.5922,1
110.388,110.581,111.1,0.008950248215385814,110.896,111.4144,0
111.376,110.388,110.581,-0.003142508260307486,110.8942,111.2029,0
111.026,111.376,110.388,-0.0023958352097706026,110.8262,111.00340000000001,0
110.76,111.026,111.376,0.0,110.86200000000001,110.93499999999999,0
110.76,110.76,111.026,-0.000686168291802125,110.9212,110.874,1
110.684,110.76,110.76,0.002547793719056113,110.8392,110.8676,0
110.966,110.684,110.76,-0.007741109889515707,110.65540000000001,110.7748,0
110.107,110.966,110.684,-0.007093100347843495,110.36859999999999,110.5974,1
109.326,110.107,110.966,0.0034575489819439476,110.15740000000001,110.5097,0
109.704,109.326,110.107,-0.009151899657259488,109.7606,110.34089999999999,0
108.7,109.704,109.326,-0.0014719411223550471,109.27539999999999,110.05730000000001,1
108.54,108.7,109.704,0.00091210613598669,108.98179999999999,109.81859999999999,1
108.639,108.54,108.7,0.002641776894117376,108.90180000000001,109.63519999999998,0
108.926,108.639,108.54,-0.0017810256504415811,108.7074,109.4324,1
108.732,108.926,108.639,0.004313357613214164,108.80760000000001,109.2841,1
109.201,108.732,108.926,0.0018772721861521902,108.9808,109.12809999999999,1
109.406,109.201,108.732,0.0062519423066376145,109.271,109.12640000000002,1
110.09,109.406,109.201,9.083477155047426e-05,109.5058,109.2038,0
110.1,110.09,109.406,-0.0005903723887374923,109.7664,109.23690000000002,0
110.035,110.1,110.09,-0.00854273640205383,109.7452,109.2764,1
109.095,110.035,110.1,0.004876483798524234,109.7894,109.38510000000001,0
109.627,109.095,110.035,-0.003931513222107719,109.6106,109.4408,0
109.196,109.627,109.095,-0.0061082823546649845,109.29639999999999,109.4011,1
108.529,109.196,109.627,0.0023588165375152403,109.04639999999999,109.4064,1
108.785,108.529,109.196,6.434710667835297e-05,108.9858,109.3655,1
108.792,108.785,108.529,7.353481873662027e-05,108.82039999999999,109.3049,0
108.8,108.792,108.785,-0.0010110294117646745,108.7192,109.16489999999999,0
108.69,108.8,108.792,-0.008519643021437151,108.56620000000001,108.9313,0
107.764,108.69,108.8,-0.01092201477302246,108.12660000000001,108.5865,0
106.587,107.764,108.69,-0.0044658354208299,107.5904,108.28809999999999,1
106.111,106.587,107.764,0.001875394633921168,107.0924,107.9564,0
106.31,106.111,106.587,0.0,106.6164,107.66779999999999,0
106.31,106.31,106.111,-0.0004609161885054114,106.31580000000001,107.441,1
106.261,106.31,106.31,0.0042160341047046135,106.34020000000001,107.2334,1
106.709,106.261,106.31,0.006297500679417922,106.5942,107.0923,1
107.381,106.709,106.261,0.0016203983945017875,106.8432,106.96780000000001,0
107.555,107.381,106.709,-0.00688949839616948,106.944,106.7802,1
106.814,107.555,107.381,0.0006178965304173278,107.0678,106.69179999999999,0
106.88,106.814,107.555,-9.35628742514405e-05,107.1,106.7201,1
106.87,106.88,106.814,0.0019088612332740507,107.0386,106.8164,0
107.074,106.87,106.88,-4.669667706447278e-05,106.9414,106.8923,1
107.069,107.074,106.87,0.003334298443059991,107.06379999999999,107.0039,0
107.426,107.069,107.074,-0.007316664494628866,107.01580000000001,107.04180000000001,0
106.64,107.426,107.069,-0.004472993248312074,106.87440000000001,106.98719999999999,0
106.163,106.64,107.426,-0.003937341635032898,106.6086,106.82359999999998,0
105.745,106.163,106.64,0.0,106.34380000000002,106.64259999999999,0
105.745,105.745,106.163,-0.0017873185493404442,105.9698,106.51679999999999,1
105.556,105.745,105.745,0.006574709159119285,105.89180000000002,106.4538,0
106.25,105.556,105.745,-0.006710588235294024,105.7666,106.3205,1
105.537,106.25,105.556,0.00614950207036391,105.8548,106.2317,1
106.186,105.537,106.25,0.002071836211930078,105.98700000000001,106.1654,1
106.406,106.186,105.537,0.003420859725955294,106.2298,106.0998,1
106.77,106.406,106.186,0.0001873185351690676,106.33780000000002,106.11480000000002,1
106.79,106.77,106.406,0.0009457814402098474,106.6086,106.1876,0
106.891,106.79,106.77,-0.005903209811864429,106.62340000000002,106.23910000000001,1
106.26,106.891,106.79,0.0023338979860718645,106.64380000000001,106.3154,0
106.508,106.26,106.891,-0.0033143050287302023,106.52080000000001,106.3753,1
106.155,106.508,106.26,0.0014507088691064762,106.42460000000001,106.38119999999999,0
106.309,106.155,106.508,-0.0028125558513389937,106.24839999999999,106.42850000000001,0
106.01,106.309,106.155,0.0,106.19839999999999,106.4109,0
106.01,106.01,106.309,-0.00038675596641835064,106.0906,106.3672,1
105.969,106.01,106.01,0.0002547914956261277,106.05879999999999,106.28979999999999,1
105.996,105.969,106.01,0.004462432544624306,106.09080000000002,106.2577,0
106.469,105.996,105.969,-0.005071898862579638,106.07459999999999,106.1615,0
105.929,106.469,105.996,-0.009072114340737625,105.8662,106.03229999999999,0
104.968,105.929,106.469,-0.0022673576709092425,105.6184,105.8545,0
104.73,104.968,105.929,0.0,105.3652,105.71200000000002,1
104.73,104.73,104.968,0.001231738756803047,105.0432,105.56700000000001,1
104.859,104.73,104.73,0.00611297075119932,104.9574,105.516,0
105.5,104.859,104.73,-6.635071090055344e-05,105.0624,105.46430000000001,1
105.493,105.5,104.859,0.01250319926440624,105.4788,105.5486,0
106.812,105.493,105.5,-0.003117627232895215,105.82860000000001,105.5969,0
106.479,106.812,105.493,-0.0019628283511302635,106.1108,105.577,0
106.27,106.479,106.812,0.0,106.2648,105.61110000000001,1
106.27,106.27,106.479,0.00039521972334610744,106.4286,105.74549999999999,0
106.312,106.27,106.27,-0.004825419519903562,106.226,105.85239999999999,1
105.799,106.312,106.27,0.006020850858703852,106.2174,106.023,1
106.436,105.799,106.312,0.003175617272351383,106.3182,106.2145,1
106.774,106.436,105.799,0.0026036300972147597,106.47460000000001,106.36970000000001,0
107.052,106.774,106.436,-0.0011863393491015062,106.5972,106.51289999999999,0
106.925,107.052,106.774,0.0,106.82239999999999,106.5242,1
106.925,106.925,107.052,0.00040215104044905026,106.9288,106.5731,0
106.968,106.925,106.925,-0.0020473412609379738,106.92379999999999,106.62100000000001,1
106.749,106.968,106.925,0.003409868008131367,106.936,106.70530000000001,0
107.113,106.749,106.968,-0.0026514055250063118,106.9168,106.75699999999999,1
106.829,107.113,106.749,0.00367877636222369,106.97619999999999,106.8993,1
107.222,106.829,107.113,0.0011005204155865034,107.0506,106.9897,0
107.34,107.222,106.829,0.0,107.1688,107.0463,1
107.34,107.34,107.222,0.0014719582634619144,107.2458,107.0909,0
107.498,107.34,107.34,-0.0042047293903142435,107.28920000000001,107.103,0
107.046,107.498,107.34,-0.00028025334902748167,107.248,107.11210000000001,1
107.016,107.046,107.498,0.003083651042834701,107.2492,107.1499,1
107.346,107.016,107.046,0.0008011476906450987,107.26759999999999,107.2182,1
107.432,107.346,107.016,0.0023084369647776715,107.304,107.2749,0
107.68,107.432,107.346,-0.0005572065378900426,107.4188,107.354,1
107.62,107.68,107.432,0.0023136963389704945,107.5894,107.41870000000002,1
107.869,107.62,107.68,0.008269289601275487,107.87240000000001,107.5608,1
108.761,107.869,107.62,0.0003861678358971776,108.14659999999999,107.70710000000001,1
108.803,108.761,107.869,0.0051561078279092065,108.4834,107.89370000000001,0
109.364,108.803,108.761,-0.0005852017117150554,108.8194,108.1191,0
109.3,109.364,108.803,-0.0026532479414455024,109.04759999999999,108.3185,0
109.01,109.3,109.364,0.0,109.0974,108.4849,1
109.01,109.01,109.3,0.0008072653884965142,109.1564,108.65150000000001,1
109.098,109.01,109.01,0.0020623659462133404,109.1482,108.8158,1
109.323,109.098,109.01,0.005021816086276498,109.26259999999999,109.04100000000001,0
109.872,109.323,109.098,-0.00040956749672349524,109.426,109.23679999999999,0
109.827,109.872,109.323,-0.006655922496289546,109.4432,109.27029999999999,1
109.096,109.827,109.872,0.00012832734472389973,109.44560000000001,109.301,0
109.11,109.096,109.827,-9.165062780680522e-05,109.401,109.2746,1
109.1,109.11,109.096,0.000421631530705735,109.2558,109.25919999999999,0
109.146,109.1,109.11,-0.0018598940868195246,109.079,109.25249999999998,1
108.943,109.146,109.1,0.0007435080730291421,109.0646,109.2539,1
109.024,108.943,109.146,0.007548796595244989,109.21199999999999,109.3288,0
109.847,109.024,108.943,-0.003741567817054481,109.27919999999999,109.3401,0
109.436,109.847,109.024,-0.000328959391790673,109.33000000000001,109.2929,0
109.4,109.436,109.847,0.0,109.42139999999999,109.25019999999999,0
109.4,109.4,109.436,-0.0005667276051188885,109.48420000000002,109.27439999999999,1
109.338,109.4,109.4,0.0035943587773692443,109.46100000000001,109.3365,1
109.731,109.338,109.4,0.005158068367188795,109.63319999999999,109.45620000000001,1
110.297,109.731,109.338,0.0005621186432993586,109.825,109.57749999999999,1
110.359,110.297,109.731,0.004249766670593402,110.1106,109.766,0
110.828,110.359,110.297,-0.0007037932652398382,110.393,109.9386,0
110.75,110.828,110.359,0.0,110.5968,110.0289,1
110.75,110.75,110.828,0.0011738148984197228,110.71340000000001,110.1733,1
110.88,110.75,110.75,0.0008838383838383201,110.83719999999998,110.33109999999999,0
110.978,110.88,110.75,-0.00227072032294684,110.81680000000001,110.46369999999999,0
110.726,110.978,110.88,-0.007739826237740055,110.64059999999999,110.51680000000002,0
109.869,110.726,110.978,-0.0050696738843531985,110.353,110.4749,1
109.312,109.869,110.726,0.0007135538641687145,110.05499999999999,110.3842,0
109.39,109.312,109.869,0.0,109.73740000000001,110.2873,1
109.39,109.39,109.312,0.002129993600877622,109.51680000000002,110.16680000000001,0
109.623,109.39,109.39,-0.0021345885443748713,109.42079999999999,110.0307,0
109.389,109.623,109.39,-0.009095978571885599,109.2372,109.7951,1
108.394,109.389,109.623,0.0029337417200214766,109.1016,109.57829999999998,1
108.712,108.394,109.389,0.00034034881153877095,108.9734,109.35539999999999,1
108.749,108.712,108.394,0.00727363010234594,108.9568,109.23680000000002,0
109.54,108.749,108.712,-9.12908526565781e-05,108.98499999999999,109.2029,1
109.53,109.54,108.749,0.0006208344745730621,109.2258,109.23150000000001,1
109.598,109.53,109.54,0.003330352743663223,109.476,109.2888,0
109.963,109.598,109.53,-0.0009457726689886536,109.69800000000001,109.3357,1
109.859,109.963,109.598,0.002421285465915357,109.81500000000001,109.38589999999999,0
110.125,109.859,109.963,-0.003913734392735457,109.8478,109.4164,0
109.694,110.125,109.859,-0.0013583240651265927,109.83720000000001,109.53150000000001,0
109.545,109.694,110.125,-4.564334291834449e-05,109.7526,109.6143,0
109.54,109.545,109.694,-0.0008855212707687965,109.6694,109.6837,1
109.443,109.54,109.545,0.00861635737324451,109.72160000000001,109.7683,1
110.386,109.443,109.54,0.0005979019078505843,109.8732,109.8605,0
110.452,110.386,109.443,-0.0019012783833700642,110.01259999999999,109.92490000000001,1
110.242,110.452,110.386,0.003655594056711564,110.2336,109.9931,1
110.645,110.242,110.452,0.00022594785123608574,110.479,110.07419999999999,0
110.67,110.645,110.242,0.0,110.5358,110.12870000000001,0
110.67,110.67,110.645,-0.00047890123791449746,110.56880000000001,110.221,0
110.617,110.67,110.67,-0.004330256651328468,110.548,110.28030000000001,0
110.138,110.617,110.67,-0.0006083277342970872,110.43320000000001,110.33340000000001,1
110.071,110.138,110.617,0.0025528976751370003,110.36959999999999,110.42429999999999,0
110.352,110.071,110.138,-0.003624764390314672,110.226,110.3809,1
109.952,110.352,110.071,2.7284633294488714e-05,110.09360000000001,110.33120000000001,1
109.955,109.952,110.352,4.5473148106101036e-05,110.05799999999999,110.303,0
109.96,109.955,109.952,-0.00020916696980721738,110.03119999999998,110.23219999999999,0
109.937,109.96,109.955,-0.002674258893729964,109.8894,110.12950000000001,1
109.643,109.937,109.96,0.004140711217314408,109.91839999999999,110.0722,1
110.097,109.643,109.937,0.0010717821557355567,109.9704,110.032,1
110.215,110.097,109.643,0.0024588304677222173,110.07559999999998,110.06680000000001,1
110.486,110.215,110.097,0.002271781040131593,110.2356,110.13340000000001,0
110.737,110.486,110.215,0.0,110.45439999999999,110.17189999999998,0
110.737,110.737,110.486,-0.00024382094512220842,110.577,110.24769999999998,1
110.71,110.737,110.737,0.0014542498419294336,110.70819999999999,110.33930000000001,0
110.871,110.71,110.737,-0.004176024388703903,110.6926,110.38409999999999,1
110.408,110.871,110.71,0.0008513875806099858,110.64559999999999,110.44059999999999,1
110.502,110.408,110.871,0.0006968199670593922,110.61399999999999,110.53420000000001,0
110.579,110.502,110.408,-0.0009857206160300835,110.56599999999999,110.57150000000001,0
110.47,110.579,110.502,-0.00018104462750068162,110.48179999999999,110.595,0
110.45,110.47,110.579,-0.0002535083748302913,110.4846,110.5886,1
110.422,110.45,110.47,0.004808824328485395,110.57480000000001,110.61019999999999,0
110.953,110.422,110.45,-0.0010995646805403991,110.62519999999999,110.61959999999999,1
110.831,110.953,110.422,0.010168635129160553,110.92280000000001,110.7444,1
111.958,110.831,110.953,0.006314868075528501,111.36580000000001,110.9238,0
112.665,111.958,110.831,-0.0025296232192785206,111.7574,111.12100000000001,0
112.38,112.665,111.958,0.0,112.04280000000001,111.30879999999999,1
112.38,112.38,112.665,0.00016906922940029823,112.35640000000001,111.49080000000001,0
112.399,112.38,112.38,-0.00022242190766830205,112.4396,111.68119999999999,1
112.374,112.399,112.38,0.005677469877373831,112.50899999999999,111.9374,0
113.012,112.374,112.399,-0.0019555445439423114,112.5912,112.17429999999999,0
112.791,113.012,112.374,-0.0037946290040872244,112.58779999999999,112.31530000000001,0
112.363,112.791,113.012,-0.008481439619803743,112.39000000000001,112.3732,1
111.41,112.363,112.791,0.00017951709900376756,112.2012,112.32039999999999,0
111.43,111.41,112.363,-0.0033832899578211117,111.80940000000001,112.15920000000001,1
111.053,111.43,111.41,0.003664916751461078,111.5432,112.0672,0
111.46,111.053,111.43,-0.0019648304324421106,111.31879999999998,111.95329999999998,0
111.241,111.46,111.053,-0.003559838548736538,111.2058,111.7979,1
110.845,111.241,111.46,0.0027155036311967695,111.149,111.6751,0
111.146,110.845,111.241,-0.0009537005380310104,111.1464,111.4779,0
111.04,111.146,110.845,0.0,111.0624,111.3028,0
111.04,111.04,111.146,-0.0009546109510086831,111.001,111.15990000000002,1
110.934,111.04,111.04,0.0005408621342419817,111.0308,111.1183,1
110.994,110.934,111.04,0.007333729751157758,111.1632,111.1561,0
111.808,110.994,110.934,-0.001681453921007492,111.27919999999999,111.21279999999999,1
111.62,111.808,110.994,0.000627127754882606,111.40920000000001,111.2358,0
111.69,111.62,111.808,-0.0038499418032051924,111.47440000000002,111.23769999999999,0
111.26,111.69,111.62,0.0,111.5276,111.27919999999999,0
111.26,111.26,111.69,-0.00023368685960822866,111.41279999999999,111.28800000000001,1
111.234,111.26,111.26,0.0009529460416779489,111.35679999999999,111.31800000000001,1
111.34,111.234,111.26,4.490749056929033e-05,111.28779999999999,111.34849999999999,0
111.345,111.34,111.234,-0.0040684359423414085,111.2142,111.3443,1
110.892,111.345,111.34,0.0017945388305737886,111.1804,111.354,0
111.091,110.892,111.345,-0.0019893600741733852,111.1076,111.26020000000001,0
110.87,111.091,110.892,0.0,111.0136,111.18520000000001,0
110.87,110.87,111.091,-0.0021737169658158084,110.87039999999999,111.07910000000001,1
110.629,110.87,110.87,0.0002892550777824354,110.82420000000002,111.0192,1
110.661,110.629,110.87,0.005286415268251687,110.85520000000001,111.0178,0
111.246,110.661,110.629,-0.00602268845621412,110.79639999999999,110.952,1
110.576,111.246,110.661,0.0038706410070903363,110.8232,110.91839999999999,0
111.004,110.576,111.246,-0.0046304637670715465,110.7954,110.8329,1
110.49,111.004,110.576,9.050592813841796e-05,110.76320000000001,110.79370000000002,0
110.5,110.49,111.004,-0.0002262443438914019,110.609,110.73209999999999,0
110.475,110.5,110.49,-0.004770310024892477,110.48339999999999,110.63989999999998,1
109.948,110.475,110.5,0.0016917088078001186,110.30939999999998,110.5663,1
110.134,109.948,110.475,0.00412225107596198,110.329,110.5622,1
110.588,110.134,109.948,0.007044163923753066,110.5024,110.6328,0
111.367,110.588,110.134,-0.0012301669255704306,110.65339999999999,110.63119999999999,0
111.23,111.367,110.588,0.0,110.90979999999999,110.69660000000002,1
111.23,111.23,111.367,0.0004674997752405208,111.1394,110.72439999999999,0
111.282,111.23,111.23,-0.001302995992163991,111.2492,110.7891,1
111.137,111.282,111.23,0.00022494758721225416,111.2082,110.85530000000001,1
111.162,111.137,111.282,0.004947733937856524,111.30460000000001,110.979,0
111.712,111.162,111.137,-0.006382483529074889,111.25839999999998,111.08409999999999,1
110.999,111.712,111.162,0.00032432724619146924,111.20899999999999,111.1742,0
111.035,110.999,111.712,0.0,111.1886,111.2189,1
111.035,111.035,110.999,0.0009816724456253034,111.18499999999999,111.19660000000002,0
111.144,111.035,111.035,-0.0005038508601454827,111.06020000000001,111.1824,1
111.088,111.144,111.035,0.0033576984012675393,111.1526,111.2055,0
111.461,111.088,111.144,-0.00010766097558789767,111.2354,111.2222,0
111.449,111.461,111.088,-0.00855996913386381,111.1274,111.15799999999999,1
110.495,111.449,111.461,0.004570342549436557,111.09859999999999,111.14180000000002,0
111.0,110.495,111.449,0.0,111.08099999999999,111.07060000000001,0
111.0,111.0,110.495,-0.0007207207207207134,110.9728,111.06269999999999,1
110.92,111.0,111.0,0.0020555355210962745,110.9126,111.074,1
111.148,110.92,111.0,0.004129628963184251,111.13499999999999,111.13119999999999,0
111.607,111.148,110.92,-0.0034675244384312354,111.179,111.13879999999999,1
111.22,111.607,111.148,0.007121021399028926,111.38140000000001,111.23119999999999,1
112.012,111.22,111.607,0.0003392493661393825,111.60740000000001,111.29009999999998,0
112.05,112.012,111.22,0.0,111.78779999999999,111.3502,0
112.05,112.05,112.012,-0.000865684962070401,111.857,111.49600000000001,0
111.953,112.05,112.05,-0.002349200110760785,111.951,111.56500000000001,1
111.69,111.953,112.05,0.0052556182290268705,112.00399999999999,111.69269999999999,1
112.277,111.69,111.953,0.0003562617455044048,112.0574,111.8324,1
112.317,112.277,111.69,0.0015848001638221199,112.1464,111.9671,1
112.495,112.317,112.277,0.0005778034579313474,112.26780000000001,112.0624,0
112.56,112.495,112.317,0.0,112.44180000000001,112.1964,0
112.56,112.56,112.495,-0.00031982942430708317,112.4912,112.24759999999999,1
112.524,112.56,112.56,0.0023283921652270667,112.58500000000001,112.3212,1
112.786,112.524,112.56,0.001622541804833899,112.6798,112.41310000000001,0
112.969,112.786,112.524,-0.0023457762749072852,112.7086,112.4882,1
112.704,112.969,112.786,0.005793938103350493,112.86800000000001,112.6549,1
113.357,112.704,112.969,0.0028758700389037717,113.0998,112.79549999999999,0
113.683,113.357,112.704,0.0,113.27919999999999,112.93209999999999,1
113.683,113.683,113.357,0.0009939920656563128,113.44460000000001,113.0622,1
113.796,113.683,113.683,0.001318148265316843,113.69300000000001,113.2008,0
113.946,113.796,113.683,-0.003238376072876581,113.73700000000001,113.30249999999998,1
113.577,113.946,113.796,0.008003380966216778,113.89760000000001,113.49870000000001,0
114.486,113.577,113.946,-0.005170937931275432,113.93980000000002,113.6095,0
113.894,114.486,113.577,-0.0015277363162239377,113.92460000000001,113.6846,0
113.72,113.894,114.486,-0.0002638058389026199,113.87339999999999,113.78320000000001,1
113.69,113.72,113.894,0.00021989620898943407,113.901,113.819,0
113.715,113.69,113.72,-0.005434639229653149,113.6232,113.7604,0
113.097,113.715,113.69,-0.0008753547839464026,113.444,113.6919,0
112.998,113.097,113.715,-0.00801784102373504,113.1184,113.52149999999999,0
112.092,112.998,113.097,-0.0001070549191735104,112.79639999999999,113.33489999999999,1
112.08,112.092,112.998,0.0011420413990006484,112.495,113.19800000000001,0
112.208,112.08,112.092,0.0,112.3172,112.9702,0
112.208,112.208,112.08,-0.0001425923285327535,112.15599999999999,112.8,0
112.192,112.208,112.208,-0.003128565316600107,112.1058,112.61209999999998,1
111.841,112.192,112.208,0.004479573680492788,112.1582,112.47729999999999,1
112.342,111.841,112.192,0.002545797653593418,112.2422,112.36859999999999,0
112.628,112.342,111.841,-0.003933302553539075,112.2376,112.27739999999999,1
112.185,112.628,112.342,0.003208985158443589,112.30819999999999,112.23209999999999,0
112.545,112.185,112.628,0.0,112.449,112.27739999999999,0
112.545,112.545,112.185,-0.0005775467590741767,112.4766,112.31739999999999,1
112.48,112.545,112.545,0.002462660028449415,112.50240000000001,112.3723,0
112.757,112.48,112.545,-0.0027758808765753207,112.5542,112.39590000000001,0
112.444,112.757,112.48,-0.003841912418626192,112.44760000000001,112.3779,1
112.012,112.444,112.757,0.003017533835660391,112.4086,112.4288,0
112.35,112.012,112.444,-0.00407654650645306,112.29100000000001,112.3838,0
111.892,112.35,112.012,0.0,112.11800000000001,112.31020000000001,1
111.892,111.892,112.35,0.00014299503092263244,112.01079999999999,112.2825,1
111.908,111.892,111.892,0.00371733924294948,112.0732,112.2604,1
112.324,111.908,111.892,0.006481250667711436,112.2136,112.31109999999998,0
113.052,112.324,111.908,-0.0017779428935358332,112.40540000000001,112.34819999999999,0
112.851,113.052,112.324,-0.0012051288867621635,112.57000000000001,112.34400000000001,1
112.715,112.851,113.052,0.004302887814399137,112.82840000000002,112.41960000000002,0
113.2,112.715,112.851,-8.83392226147528e-06,113.00340000000001,112.5383,0
113.199,113.2,112.715,-0.0005300400180213716,113.02080000000001,112.6172,1
113.139,113.199,113.2,0.0009457393118199597,113.0998,112.7526,1
113.246,113.139,113.199,0.0010331490736981142,113.22940000000001,112.89970000000001,1
113.363,113.246,113.139,0.0016231045402821387,113.29879999999999,113.0636,1
113.547,113.363,113.246,0.0035756118611676158,113.4496,113.22650000000002,0
113.953,113.547,113.363,-0.001123270120137243,113.5868,113.3038,0
113.825,113.953,113.547,0.0,113.7026,113.40119999999999,1
113.825,113.825,113.953,0.00018449374039097854,113.7992,113.5143,0
113.846,113.825,113.825,-0.001317569348066705,113.829,113.56390000000002,1
113.696,113.846,113.825,0.0008179707289615035,113.7962,113.6229,0
113.789,113.696,113.846,-0.0019773440314969637,113.744,113.6654,0
113.564,113.789,113.696,-7.925046669710056e-05,113.69000000000001,113.6963,0
113.555,113.564,113.789,-0.006384571353088897,113.48679999999999,113.643,0
112.83,113.555,113.564,-0.00017725782150135316,113.3096,113.5693,0
112.81,112.83,113.555,-0.0007091569896285899,113.0978,113.447,0
112.73,112.81,112.83,-0.0025459061474319977,112.87360000000001,113.30879999999999,1
112.443,112.73,112.81,0.0023122826676627017,112.7032,113.19660000000002,1
112.703,112.443,112.73,0.002821575290808509,112.7414,113.11410000000001,0
113.021,112.703,112.443,-0.000380460268445737,112.775,113.0423,0
112.978,113.021,112.703,-0.0002920922657508873,112.81800000000001,112.9579,1
112.945,112.978,113.021,0.00013280800389581238,112.92139999999999,112.8975,0
112.96,112.945,112.978,-0.000362960339943319,112.96459999999999,112.8339,1
112.919,112.96,112.945,0.0051807047529646155,113.06120000000001,112.90129999999999,1
113.504,112.919,112.96,0.002317098956864827,113.21900000000001,112.997,0
113.767,113.504,112.919,-0.0018634577689486953,113.34100000000001,113.07950000000001,0
113.555,113.767,113.504,-0.001268107965303189,113.43119999999999,113.1763,1
113.411,113.555,113.767,0.0008112087892708786,113.548,113.25630000000001,0
113.503,113.411,113.555,-0.0004669480101847645,113.53719999999998,113.2992,1
113.45,113.503,113.411,0.0027589246364037034,113.5364,113.3777,0
113.763,113.45,113.503,-0.0015470759385740607,113.54279999999999,113.44189999999999,0
113.587,113.763,113.45,-0.007817796050604398,113.40040000000002,113.41580000000002,1
112.699,113.587,113.763,0.0031233640050045697,113.30999999999999,113.429,0
113.051,112.699,113.587,-0.0032020946298574327,113.1578,113.34750000000001,1
112.689,113.051,112.699,0.0003460852434575834,112.95079999999999,113.24359999999999,0
112.728,112.689,113.051,0.0,112.779,113.1609,0
112.728,112.728,112.689,-0.0020048257753175758,112.7396,113.07000000000001,1
112.502,112.728,112.728,0.006035448258697729,112.76559999999999,113.03779999999999,1
113.181,112.502,112.728,0.0017935872628798144,112.9046,113.03119999999998,0
113.384,113.181,112.502,-0.0008731390672405137,113.01599999999999,112.98339999999999,1
113.285,113.384,113.181,0.0024275058480822675,113.1824,112.9807,0
113.56,113.285,113.384,-0.001135963367382975,113.3682,113.0539,0
113.431,113.56,113.285,-0.0004496125397819295,113.40799999999999,113.0868,1
113.38,113.431,113.56,8.819897689194e-05,113.40919999999998,113.1569,0
113.39,113.38,113.431,-0.004947526236881661,113.31800000000001,113.16699999999999,0
112.829,113.39,113.38,-0.002703205736113823,113.1108,113.14659999999999,0
112.524,112.829,113.39,-0.001013117201663638,112.9066,113.1374,0
112.41,112.524,112.829,-0.011022151054176588,112.46480000000001,112.9364,1
111.171,112.41,112.524,0.0003508109129177761,112.0288,112.71900000000001,0
111.21,111.171,112.41,-0.0012858555885262302,111.67640000000002,112.49719999999999,0
111.067,111.21,111.171,-0.00011704646744747915,111.3824,112.24660000000002,0
111.054,111.067,111.21,-0.00669043888558718,110.9626,111.9346,1
110.311,111.054,111.067,0.0008249403957900636,110.80879999999999,111.6368,1
110.402,110.311,111.054,0.007282476766725221,110.80799999999999,111.41839999999999,0
111.206,110.402,110.311,-0.0031563045159433978,110.76559999999999,111.221,0
110.855,111.206,110.402,-0.005277163862703604,110.60880000000002,110.9956,0
110.27,110.855,111.206,0.0,110.60060000000001,110.7816,1
110.27,110.27,110.855,0.0005441189806838498,110.5862,110.69749999999999,0
110.33,110.27,110.27,-0.0063446025559684704,110.271,110.5395,1
109.63,110.33,110.27,0.00034662045060662727,110.0336,110.3996,0
109.668,109.63,110.33,-0.020306743990954557,109.46779999999998,110.0383,1
107.441,109.668,109.63,0.0034158282220009273,108.97540000000001,109.78800000000001,1
107.808,107.441,109.668,0.006650712377560097,108.6144,109.60029999999999,0
108.525,107.808,107.441,0.0,108.3934,109.33220000000001,0
108.525,108.525,107.808,-2.7643400138166463e-05,108.16420000000001,109.0989,1
108.522,108.525,108.525,0.0008661838152632662,108.3992,108.93350000000001,1
108.616,108.522,108.525,0.0014730794726374175,108.59280000000001,108.7841,0
108.776,108.616,108.522,-0.005396410973008803,108.52559999999998,108.57000000000001,1
108.189,108.776,108.616,0.001007496141012476,108.48020000000001,108.43679999999999,1
108.298,108.189,108.776,0.0022807438733865038,108.48479999999999,108.32450000000001,0
108.545,108.298,108.189,0.0,108.47059999999999,108.4349,0
108.545,108.545,108.298,-0.0008015108940992999,108.40700000000001,108.4999,0
108.458,108.545,108.545,-0.0019177930627524153,108.4192,108.47240000000002,1
108.25,108.458,108.545,0.003639722863741479,108.4884,108.48429999999999,1
108.644,108.25,108.458,0.003617318949965087,108.5868,108.5358,1
109.037,108.644,108.25,0.0010638590570173356,108.70840000000001,108.5895,1
109.153,109.037,108.644,0.005652616052696624,108.97080000000001,108.68889999999999,0
109.77,109.153,109.037,0.0,109.2748,108.84700000000001,0
109.77,109.77,109.153,-0.0009929853329688765,109.47819999999999,108.98330000000001,1
109.661,109.77,109.77,8.207111005731349e-05,109.6048,109.09580000000001,0
109.67,109.661,109.77,-0.0028722531230053194,109.6452,109.1768,1
109.355,109.67,109.661,0.0012528005120937546,109.58960000000002,109.28020000000001,1
109.492,109.355,109.67,0.0009589741716289346,109.55499999999999,109.41490000000002,0
109.597,109.492,109.355,-0.0005200872286649227,109.5308,109.50450000000001,0
109.54,109.597,109.492,0.0,109.5048,109.5548,0
109.54,109.54,109.597,-0.0012780719371918714,109.51380000000002,109.57950000000001,0
109.4,109.54,109.54,-0.0013345521023766516,109.4662,109.5279,1
109.254,109.4,109.54,0.0014919362220147114,109.43020000000001,109.4926,0
109.417,109.254,109.4,-0.003984755568147591,109.3184,109.42460000000001,0
108.981,109.417,109.254,-0.0012570998614437334,109.1792,109.34200000000001,1
108.844,108.981,109.417,0.005843225166293209,109.1952,109.3545,0
109.48,108.844,108.981,0.0,109.2404,109.35329999999999,0
109.48,109.48,108.844,-0.0003836317135550438,109.24459999999999,109.3374,1
109.438,109.48,109.48,0.004778961603830512,109.44059999999999,109.37950000000001,0
109.961,109.438,109.48,-0.00018188266749119553,109.66000000000001,109.41959999999999,1
109.941,109.961,109.438,0.00030016099544294406,109.7588,109.477,0
109.974,109.941,109.961,-0.001982286722316262,109.81400000000001,109.5272,0
109.756,109.974,109.941,-0.00021866686103722,109.87280000000001,109.5587,0
109.732,109.756,109.974,-0.00010935734334560632,109.8246,109.6326,1
109.72,109.732,109.756,0.0008202697776158452,109.79839999999999,109.72920000000002,1
109.81,109.72,109.732,0.005372916856388299,109.8836,109.8212,1
110.4,109.81,109.72,0.0010416666666666075,110.03540000000001,109.9247,1
110.515,110.4,109.81,0.0036918065420983304,110.27359999999999,110.0732,0
110.923,110.515,110.4,-0.003470876193395478,110.4372,110.1309,0
110.538,110.923,110.515,-0.0004342398089345334,110.5732,110.1858,0
110.49,110.538,110.923,0.0,110.5912,110.23740000000001,1
110.49,110.49,110.538,0.0006697438682232715,110.601,110.3182,1
110.564,110.49,110.49,7.235628233437374e-05,110.5308,110.4022,1
110.572,110.564,110.49,0.0017454690156639696,110.5762,110.5067,0
110.765,110.572,110.564,-0.0005146029883086323,110.61979999999998,110.59649999999999,0
110.708,110.765,110.572,-0.00030711421035511943,110.6566,110.6239,1
110.674,110.708,110.765,0.0001445687333971879,110.6818,110.6414,1
110.69,110.674,110.708,0.0007408076610353476,110.7218,110.62629999999999,1
110.772,110.69,110.674,0.002473549272379305,110.77799999999999,110.6771,0
111.046,110.772,110.69,-0.004412585775264377,110.7476,110.6837,1
110.556,111.046,110.772,0.0027678280690328627,110.7852,110.7209,1
110.862,110.556,111.046,0.0044650105536614415,110.9186,110.80019999999999,1
111.357,110.862,110.556,0.004966010219384476,111.1462,110.93400000000001,1
111.91,111.357,110.862,0.00025020105441875273,111.32459999999999,111.0513,0
111.938,111.91,111.357,-0.0014382961996819432,111.56879999999998,111.1582,1
111.777,111.938,111.91,0.0007962282043711966,111.7696,111.27739999999999,0
111.866,111.777,111.938,-0.0021722417892835466,111.8228,111.37069999999999,1
111.623,111.866,111.777,9.85459985844983e-05,111.76759999999999,111.45689999999999,0
111.634,111.623,111.866,-0.0042460182381711675,111.61200000000001,111.4683,0
111.16,111.634,111.623,0.0,111.48859999999999,111.5287,0
111.16,111.16,111.634,-0.0007196833393307012,111.3314,111.55049999999999,1
111.08,111.16,111.16,0.002358660424919057,111.2752,111.549,0
111.342,111.08,111.16,-0.0003233281241580288,111.2096,111.48859999999999,0
111.306,111.342,111.08,-0.0009882665804179513,111.2168,111.4144,1
111.196,111.306,111.342,0.005009172991834232,111.3354,111.41199999999999,0
111.753,111.196,111.306,-0.002979785777562971,111.4034,111.3674,1
111.42,111.753,111.196,0.0002782265302458953,111.42519999999999,111.3502,1
111.451,111.42,111.753,0.0009869808256544044,111.47619999999999,111.34289999999999,0
111.561,111.451,111.42,-0.0016851767194628886,111.5116,111.36420000000001,1
111.373,111.561,111.451,0.00025140743268114996,111.44120000000001,111.3883,0
111.401,111.373,111.561,-0.006651645855961785,111.28920000000001,111.3463,1
110.66,111.401,111.373,0.0013193565877462898,111.16019999999999,111.2927,0
110.806,110.66,111.401,-0.007995956897640877,110.832,111.1541,0
109.92,110.806,110.66,-9.097525473078516e-05,110.5394,111.02550000000001,1
109.91,109.92,110.806,0.0015558183968702455,110.27539999999999,110.85830000000001,0
110.081,109.91,109.92,-0.00011809485742320103,110.157,110.7231,1
110.068,110.081,109.91,0.004415452265872144,110.1066,110.63340000000001,0
110.554,110.068,110.081,-0.0005789026177253076,110.22059999999999,110.52629999999999,1
110.49,110.554,110.068,0.001330437143632901,110.36600000000001,110.45270000000001,1
110.637,110.49,110.554,0.002105986243300162,110.52380000000001,110.39959999999999,0
110.87,110.637,110.49,0.0,110.6842,110.4206,1
110.87,110.87,110.637,0.001127446559033185,110.77239999999999,110.4395,1
110.995,110.87,110.87,0.004108293166358745,110.96459999999999,110.59259999999999,0
111.451,110.995,110.87,-0.0013099927322319793,111.09819999999999,110.73209999999999,1
111.305,111.451,110.995,0.0008085890121736217,111.20320000000001,110.8635,1
111.395,111.305,111.451,0.002360967727456309,111.36080000000001,111.0225,1
111.658,111.395,111.305,0.0005552669759443241,111.5058,111.13910000000001,0
111.72,111.658,111.395,0.0,111.5596,111.2621,0
111.72,111.72,111.658,-8.055853920518885e-05,111.64079999999998,111.36949999999999,0
111.711,111.72,111.72,-0.0022826758331766506,111.65299999999999,111.4281,0
111.456,111.711,111.72,-0.0031492248062015005,111.5424,111.45160000000001,0
111.105,111.456,111.711,-0.001080059403267275,111.3954,111.45059999999998,1
110.985,111.105,111.456,0.005730504122178681,111.3756,111.46759999999999,1
111.621,110.985,111.105,0.0035745961781386004,111.4374,111.5391,0
112.02,111.621,110.985,0.0,111.55019999999999,111.6016,1
112.02,112.02,111.621,7.141581860392598e-05,111.73479999999999,111.6386,0
112.028,112.02,112.02,-0.0007587388867069667,111.92639999999999,111.6609,1
111.943,112.028,112.02,0.00044665588737125006,112.0008,111.68819999999998,1
111.993,111.943,112.028,0.00038395256846412984,112.00399999999999,111.72070000000001,0
112.036,111.993,111.943,-0.0004195080152807895,111.99780000000001,111.774,0
111.989,112.036,111.993,-0.0006607791836698018,111.9752,111.85499999999999,0
111.915,111.989,112.036,0.0,111.96959999999999,111.94800000000001,0
111.915,111.915,111.989,-4.467676361530337e-05,111.953,111.9769,1
111.91,111.915,111.915,0.00016977928692707422,111.9316,111.96780000000001,0
111.929,111.91,111.915,-0.0004645802249640951,111.90920000000001,111.9535,1
111.877,111.929,111.91,0.0022614120864878906,111.95219999999999,111.96369999999999,0
112.13,111.877,111.929,-0.0052706679746722385,111.877,111.9233,1
111.539,112.13,111.877,0.0003675844323509647,111.811,111.88199999999999,0
111.58,111.539,112.13,-0.00017924359204157803,111.73719999999999,111.8344,1
111.56,111.58,111.539,0.00029580494800995893,111.6804,111.79480000000001,1
111.593,111.56,111.58,0.0007527353866281228,111.58980000000001,111.771,0
111.677,111.593,111.56,-0.0025251394647063385,111.56099999999999,111.71900000000001,1
111.395,111.677,111.593,0.0005116926253423415,111.53540000000001,111.6732,1
111.452,111.395,111.677,0.0003858163155439076,111.52239999999999,111.6298,0
111.495,111.452,111.395,-0.003542759765011949,111.4238,111.5521,0
111.1,111.495,111.452,0.0,111.30839999999998,111.4491,0
111.1,111.1,111.495,-0.004293429342934196,111.154,111.3575,1
110.623,111.1,111.1,0.0016452274843388182,111.0246,111.28000000000002,0
110.805,110.623,111.1,-0.004945625197418924,110.777,111.14970000000001,0
110.257,110.805,110.623,-0.0020769656348349486,110.5626,110.9932,0
110.028,110.257,110.805,-0.0020085796342749207,110.304,110.80620000000002,1
109.807,110.028,110.257,0.0012112160426931418,110.1674,110.66069999999999,1
109.94,109.807,110.028,9.095870474817858e-06,109.99459999999999,110.5096,0
109.941,109.94,109.807,-0.0026104910815801796,109.874,110.3255,0
109.654,109.941,109.94,-0.00455979718022137,109.69919999999999,110.1309,1
109.154,109.654,109.941,0.004736427432801449,109.672,109.98800000000001,0
109.671,109.154,109.654,-0.001787163425153504,109.579,109.8732,1
109.475,109.671,109.154,0.0036172642155742896,109.56500000000001,109.7798,1
109.871,109.475,109.671,0.001811214970283359,109.6482,109.76109999999998,0
110.07,109.871,109.475,0.0,109.83139999999999,109.7653,1
110.07,110.07,109.871,0.0008176614881438837,109.9292,109.8006,0
110.16,110.07,110.07,-0.0008169934640522847,110.0482,109.8136,1
110.07,110.16,110.07,0.004469882801853453,110.1864,109.87569999999998,0
110.562,110.07,110.16,-0.0030842423255729168,110.2166,109.93239999999999,0
110.221,110.562,110.07,-0.006015187668411581,110.11420000000001,109.97279999999998,0
109.558,110.221,110.562,-0.0023549170302489264,109.9422,109.9357,0
109.3,109.558,110.221,-0.00018298261665139481,109.78419999999998,109.9162,1
109.28,109.3,109.558,0.0011072474377744612,109.55199999999999,109.8692,1
109.401,109.28,109.3,0.0009871939013355036,109.4096,109.8131,0
109.509,109.401,109.28,-0.0014884621355322203,109.3672,109.74069999999999,1
109.346,109.509,109.401,0.0017924752620122053,109.4156,109.6789,0
109.542,109.346,109.509,-0.0016888499388362233,109.431,109.6076,0
109.357,109.542,109.346,-0.009939921541373686,109.2048,109.37839999999998,0
108.27,109.357,109.542,0.0,108.957,109.18329999999999,0
108.27,108.27,109.357,-0.0005356977925555784,108.73020000000001,109.04870000000001,0
108.212,108.27,108.27,-0.0017096070676080322,108.4272,108.92139999999999,1
108.027,108.212,108.27,0.00210132652022188,108.20660000000001,108.81880000000001,1
108.254,108.027,108.212,0.0006835775121474263,108.2182,108.7115,1
108.328,108.254,108.027,0.001163134185067527,108.255,108.606,0
108.454,108.328,108.254,-0.002526416729673242,108.24860000000001,108.4894,0
108.18,108.454,108.328,0.0,108.27920000000002,108.35320000000002,1
108.18,108.18,108.454,0.0024865964133851115,108.3182,108.2624,0
108.449,108.18,108.18,-0.0008298831708913879,108.32440000000001,108.2713,1
108.359,108.449,108.18,0.001061287018152779,108.32840000000002,108.29169999999999,1
108.474,108.359,108.449,0.00012906318564809283,108.39000000000001,108.3193,0
108.488,108.474,108.359,-0.0015393407565813533,108.4182,108.34870000000001,1
108.321,108.488,108.474,0.002206405036881076,108.4404,108.37930000000001,0
108.56,108.321,108.488,-9.211495946948034e-05,108.4786,108.40149999999998,1
108.55,108.56,108.321,0.00023952095808388307,108.499,108.41369999999999,0
108.576,108.55,108.56,-0.000340775125257764,108.5092,108.44959999999999,1
108.539,108.576,108.55,0.0003132514580010959,108.5596,108.48889999999999,0
108.573,108.539,108.576,-0.0042183599974210395,108.47059999999999,108.45549999999999,0
108.115,108.573,108.539,-0.007751005873375516,108.21599999999998,108.34729999999999,1
107.277,108.115,108.573,0.0003076148661875777,107.96279999999999,108.23089999999999,0
107.31,107.277,108.115,0.0,107.71700000000001,108.1131,1
107.31,107.31,107.277,1.8637592023029725e-05,107.4648,108.0122,1
107.312,107.31,107.31,0.00013977933502307138,107.3072,107.8889,0
107.327,107.312,107.31,-0.0015000885145396436,107.285,107.75049999999999,1
107.166,107.327,107.312,0.005337513763693735,107.3706,107.66669999999999,1
107.738,107.166,107.327,8.353598544608154e-05,107.458,107.5875,1
107.747,107.738,107.166,0.0013271831234280551,107.57359999999998,107.5192,0
107.89,107.747,107.738,0.0,107.68619999999999,107.49669999999999,1
107.89,107.89,107.747,0.0045602002039113465,107.92940000000002,107.6072,0
108.382,107.89,107.89,-0.0001476259895555332,108.05499999999999,107.71279999999999,0
108.366,108.382,107.89,-0.005176900503848003,108.06660000000002,107.76230000000001,0
107.805,108.366,108.382,-0.00024117619776453658,108.0444,107.80900000000001,1
107.779,107.805,108.366,0.00026906911364932284,108.02799999999999,107.85710000000002,1
107.808,107.779,107.805,0.006047788661323716,108.0436,107.9865,0
108.46,107.808,107.779,0.0,108.0624,108.0587,1
108.46,108.46,107.808,0.00012907984510435178,108.1962,108.13139999999999,1
108.474,108.46,108.46,0.0022770433467926843,108.3846,108.2145,1
108.721,108.474,108.46,0.0018671645772205814,108.6078,108.31790000000001,0
108.924,108.721,108.474,-0.005416620763100899,108.5826,108.3131,1
108.334,108.924,108.721,0.0023446009563017345,108.60819999999998,108.3353,0
108.588,108.334,108.924,-0.006243783843518647,108.49539999999999,108.34580000000001,0
107.91,108.588,108.334,0.0,108.33319999999999,108.35889999999999,0
107.91,107.91,108.588,-0.0007228245760355634,108.11480000000002,108.3613,1
107.832,107.91,107.91,0.0005286000445137162,108.02579999999998,108.3042,1
107.889,107.832,107.91,0.0028918610794428368,107.94839999999999,108.27830000000002,0
108.201,107.889,107.832,-0.0024399035129064606,107.9538,108.22460000000001,0
107.937,108.201,107.889,-0.004965859714463061,107.852,108.09259999999999,1
107.401,107.937,108.201,0.0028770681837226864,107.82759999999999,107.9712,0
107.71,107.401,107.937,0.0,107.7918,107.9088,1
107.71,107.71,107.401,0.000928418902608863,107.7136,107.83099999999999,1
107.81,107.71,107.71,0.0008719042760412243,107.707,107.83040000000001,1
107.904,107.81,107.71,0.0030397390272836056,107.8732,107.8626,0
108.232,107.904,107.81,-0.00039729470027349834,107.96900000000001,107.89829999999999,1
108.189,108.232,107.904,0.0044089510024125644,108.1602,107.976,1
108.666,108.189,108.232,3.6810041779355984e-05,108.33220000000001,108.0229,0
108.67,108.666,108.189,0.0,108.4854,108.0962,0
108.67,108.67,108.666,-0.00034048035336342597,108.56559999999999,108.2194,1
108.633,108.67,108.67,0.002144836283633822,108.701,108.335,0
108.866,108.633,108.67,-0.002792423713556147,108.68020000000001,108.4202,1
108.562,108.866,108.633,0.0023765221716622875,108.71019999999999,108.5212,0
108.82,108.562,108.866,-0.01276419775776505,108.4624,108.4739,0
107.431,108.82,108.562,-0.00792136347981498,108.0518,108.3087,0
106.58,107.431,108.82,0.0,107.59459999999999,108.14779999999999,0
106.58,106.58,107.431,-2.8147870144490383e-05,107.1976,107.93889999999999,0
106.577,106.58,106.58,-0.009232761289959313,106.5522,107.63119999999999,1
105.593,106.577,106.58,0.007045921604651895,106.33340000000001,107.3979,0
106.337,105.593,106.577,-0.0020312779183163654,106.24159999999999,107.14669999999998,0
106.121,106.337,105.593,-0.002327531779760861,106.1004,106.8475,0
105.874,106.121,106.337,-0.001926818671250663,105.91900000000001,106.5583,0
105.67,105.874,106.121,0.0,105.93440000000001,106.2433,0
105.67,105.67,105.874,-0.002725466073625449,105.7434,106.0384,0
105.382,105.67,105.67,-0.00022774287829041562,105.59079999999999,105.9162,1
105.358,105.382,105.67,0.011693464188765823,105.734,105.91720000000001,0
106.59,105.358,105.382,-0.006323294868186613,105.78320000000001,105.8511,1
105.916,106.59,105.358,0.0015767211752710786,105.8658,105.9001,1
106.083,105.916,106.59,0.002705428768040141,106.0634,105.9034,0
106.37,106.083,105.916,0.0,106.26579999999998,105.9283,1
106.37,106.37,106.083,0.0005640688163957019,106.2338,105.98389999999999,1
106.43,106.37,106.37,0.0013530019731278209,106.3654,106.0743,0
106.574,106.43,106.37,-0.002814945483889053,106.40360000000001,106.1347,1
106.274,106.574,106.43,0.00303931347272135,106.449,106.25619999999999,0
106.597,106.274,106.574,-0.0012101653892697684,106.4686,106.3672,0
106.468,106.597,106.274,-0.010031183078483608,106.26259999999999,106.2482,0
105.4,106.468,106.597,-9.487666034158071e-05,106.0258,106.19560000000001,0
105.39,105.4,106.468,-0.005104848657367822,105.7414,106.07249999999999,1
104.852,105.39,105.4,0.010738946324342802,105.6176,106.03330000000001,0
105.978,104.852,105.39,-0.0022646209590668764,105.4716,105.9701,1
105.738,105.978,104.852,0.003139836198906565,105.60560000000001,105.93409999999999,1
106.07,105.738,105.978,0.003469406995380453,105.8152,105.92049999999999,0
106.438,106.07,105.738,-0.0013904808433078397,106.1028,105.9221,0
106.29,106.438,106.07,0.0,106.1652,105.8914,0
106.29,106.29,106.438,-0.0015241320914479717,106.2432,105.85740000000001,1
106.128,106.29,106.29,0.000612467963214236,106.2678,105.9367,0
106.193,106.128,106.29,-0.0031263830949308513,106.15240000000001,105.9838,1
105.861,106.193,106.128,0.0043831061486288014,106.1594,106.13109999999999,1
106.325,105.861,106.193,0.007025628967787467,106.31580000000001,106.2405,0
107.072,106.325,105.861,-0.001513000597728742,106.4722,106.3577,0
106.91,107.072,106.325,0.0,106.6156,106.4417,1
106.91,106.91,107.072,0.00032737816855288315,106.8324,106.4924,1
106.945,106.91,106.91,0.0036654355042311515,107.03479999999999,106.5971,1
107.337,106.945,106.91,0.002450226855604143,107.1404,106.7281,1
107.6,107.337,106.945,0.003912639405204477,107.3626,106.9174,1
108.021,107.6,107.337,0.0014349061756511183,107.61580000000001,107.11570000000002,0
108.176,108.021,107.6,-0.0008874426859932782,107.84279999999998,107.3376,0
108.08,108.176,108.021,0.0,107.9914,107.51310000000001,0
108.08,108.08,108.176,-0.0029145077720207357,108.02440000000001,107.5824,1
107.765,108.08,108.08,0.0036746624599823807,108.05239999999999,107.70749999999998,0
108.161,107.765,108.08,-0.0006841652721405467,108.0346,107.8252,1
108.087,108.161,107.765,0.003127110568338365,108.1036,107.97319999999999,0
108.425,108.087,108.161,-0.003541618630389709,108.09580000000001,108.04360000000001,0
108.041,108.425,108.087,-0.004535315296970599,108.053,108.03869999999999,0
107.551,108.041,108.425,-0.00042770406597802957,107.9218,107.98710000000001,1
107.505,107.551,108.041,0.0013673782614762597,107.8348,107.93469999999999,0
107.652,107.505,107.551,-0.00035298926169502476,107.67260000000002,107.88809999999998,0
107.614,107.652,107.505,-0.0041909045291506075,107.497,107.79639999999999,1
107.163,107.614,107.652,0.004936405289138968,107.5252,107.78909999999999,1
107.692,107.163,107.614,0.000594287412249761,107.57539999999999,107.74859999999998,1
107.756,107.692,107.163,0.0016797208508110284,107.63239999999999,107.7336,0
107.937,107.756,107.692,-0.0001574992819884935,107.69359999999999,107.68310000000001,1
107.92,107.937,107.756,0.00022238695329868108,107.8498,107.67339999999999,1
107.944,107.92,107.937,0.001158007855925236,107.92519999999999,107.7252,0
108.069,107.944,107.92,-0.00307211133627594,107.92139999999999,107.74839999999999,0
107.737,108.069,107.944,-0.005327788967578462,107.7666,107.69950000000001,0
107.163,107.737,108.069,-0.003144742121814481,107.54780000000001,107.62069999999999,1
106.826,107.163,107.737,0.0008986576301650562,107.3434,107.5966,1
106.922,106.826,107.163,7.482089747679055e-05,107.1156,107.5204,0
106.93,106.922,106.826,-0.0015524174693726245,106.921,107.4212,1
106.764,106.93,106.922,0.0045614626653178725,106.9386,107.35260000000001,0
107.251,106.764,106.93,-0.0027039374924243686,106.9656,107.2567,1
106.961,107.251,106.764,0.0020287768438964626,107.01680000000002,107.1801,1
107.178,106.961,107.251,0.006549851648659288,107.2068,107.16120000000001,1
107.88,107.178,106.961,0.004569892473118342,107.52860000000001,107.2248,1
108.373,107.88,107.178,9.22739058619726e-05,107.755,107.3468,1
108.383,108.373,107.88,0.0007012169805229451,108.05460000000001,107.5101,0
108.459,108.383,108.373,-0.0006546252500945204,108.29660000000001,107.6567,1
108.388,108.459,108.383,0.003958002730929611,108.48400000000001,107.8454,0
108.817,108.388,108.459,-0.0012865636803072178,108.54479999999998,108.0367,0
108.677,108.817,108.388,-0.0008833515831316863,108.5844,108.1697,0
108.581,108.677,108.817,-0.0016485388788093358,108.57300000000001,108.31379999999999,0
108.402,108.581,108.677,-0.0005719451670632703,108.5634,108.42999999999999,1
108.34,108.402,108.581,0.0006276536828502266,108.4816,108.4828,1
108.408,108.34,108.402,0.0017803114161316635,108.4664,108.5056,0
108.601,108.408,108.34,-0.0010865461643999597,108.44679999999998,108.51559999999999,1
108.483,108.601,108.408,0.0014656674317634621,108.49479999999998,108.53389999999999,0
108.642,108.483,108.601,-0.00033136356105378795,108.548,108.5557,1
108.606,108.642,108.483,0.0004972100988895889,108.5984,108.53999999999999,0
108.66,108.606,108.642,0.0,108.61019999999999,108.5383,1
108.66,108.66,108.606,0.0006810233756671114,108.66040000000001,108.5536,1
108.734,108.66,108.66,0.0021152537384812042,108.7248,108.60979999999999,0
108.964,108.734,108.66,-0.0008259608678096164,108.77839999999999,108.66319999999999,0
108.874,108.964,108.734,-0.0007807189962708572,108.8042,108.70129999999999,0
108.789,108.874,108.964,-0.007289339914881121,108.67139999999999,108.64079999999998,1
107.996,108.789,108.874,0.0018889588503279153,108.5646,108.6125,1
108.2,107.996,108.789,0.0001848428835489191,108.41579999999999,108.5703,1
108.22,108.2,107.996,0.004379966734429974,108.3798,108.5791,1
108.694,108.22,108.2,0.0041584632086406614,108.4512,108.6277,0
109.146,108.694,108.22,-0.0021347552819159787,108.6346,108.65299999999999,1
108.913,109.146,108.694,0.0033145721814660245,108.84939999999999,108.707,0
109.274,108.913,109.146,-0.00023793400076865812,109.05499999999999,108.7354,0
109.248,109.274,108.913,-0.001739162272993533,109.12780000000001,108.7538,1
109.058,109.248,109.274,0.0015404647068530952,109.14380000000001,108.79749999999999,0
109.226,109.058,109.248,-0.001684580594363938,109.16960000000002,108.90209999999999,0
109.042,109.226,109.058,-0.00044936813337981274,109.1134,108.98140000000001,0
108.993,109.042,109.226,-0.0017891057223857754,109.0234,109.03920000000001,0
108.798,108.993,109.042,-0.002812551701318,108.91019999999999,109.019,1
108.492,108.798,108.993,0.0016959775836005164,108.80019999999999,108.97200000000001,1
108.676,108.492,108.798,9.201663660785009e-05,108.729,108.9493,1
108.686,108.676,108.492,0.0001196106214231829,108.6702,108.89180000000002,0
108.699,108.686,108.676,-0.00034038951600279255,108.643,108.83319999999999,0
108.662,108.699,108.686,-0.0019970182768586087,108.6336,108.7719,1
108.445,108.662,108.699,0.0003043017197656983,108.59400000000001,108.6971,1
108.478,108.445,108.662,0.0009863751175354096,108.57379999999998,108.6514,1
108.585,108.478,108.445,0.0003407468803242608,108.5584,108.6143,0
108.622,108.585,108.478,0.0,108.5504,108.59670000000001,1
108.622,108.622,108.585,0.000994273719872707,108.60740000000001,108.62050000000002,1
108.73,108.622,108.622,0.002409638554216942,108.71019999999999,108.65209999999999,1
108.992,108.73,108.622,0.0009633734586023124,108.8126,108.6932,1
109.097,108.992,108.73,0.0024748618202150574,108.9616,108.75999999999999,1
109.367,109.097,108.992,0.001325811259337728,109.13960000000002,108.845,0
109.512,109.367,109.097,-0.0006118050989846191,109.2826,108.94500000000001,1
109.445,109.512,109.367,4.568504728408307e-05,109.3742,109.04220000000001,1
109.45,109.445,109.512,0.0007766103243489475,109.4618,109.13719999999998,0
109.535,109.45,109.445,-0.004683434518646945,109.3928,109.1772,0
109.022,109.535,109.45,-0.0033846379629799417,109.221,109.18030000000002,1
108.653,109.022,109.535,0.0016474464579900872,109.0984,109.1905,0
108.832,108.653,109.022,-0.0008637165539546743,108.95599999999999,109.16510000000001,0
108.738,108.832,108.653,-0.0014990159833728756,108.76399999999998,109.1129,0
108.575,108.738,108.832,0.0,108.67460000000001,109.0337,1
108.575,108.575,108.738,0.00047893161409162666,108.6694,108.9452,0
108.627,108.575,108.575,-0.0004142616476566774,108.6194,108.85889999999999,1
108.582,108.627,108.575,0.001676152585142976,108.62459999999999,108.7903,0
108.764,108.582,108.627,-0.001976757015188735,108.6194,108.6917,1
108.549,108.764,108.582,0.007959539010032213,108.78699999999999,108.7308,0
109.413,108.549,108.764,-0.0009413872208968721,108.9236,108.79650000000001,0
109.31,109.413,108.549,0.0,109.0692,108.8443,1
109.31,109.31,109.413,0.0008233464458877737,109.1964,108.9105,1
109.4,109.31,109.31,0.00160877513711144,109.40180000000001,109.0106,0
109.576,109.4,109.31,-0.0005475651602540044,109.4224,109.10470000000001,1
109.516,109.576,109.4,0.0003195880054056577,109.47060000000002,109.1971,0
109.551,109.516,109.576,-0.0015335323274091595,109.4852,109.2772,1
109.383,109.551,109.516,0.0003382609729116748,109.48920000000001,109.34280000000001,0
109.42,109.383,109.551,0.0,109.458,109.4299,1
109.42,109.42,109.383,0.0007219886675196019,109.4546,109.4385,0
109.499,109.42,109.42,-0.0010685029087023068,109.42080000000001,109.44570000000002,1
109.382,109.499,109.42,9.142272037410137e-06,109.42080000000001,109.453,0
109.383,109.382,109.499,-0.00012799063839896707,109.4106,109.4499,1
109.369,109.383,109.382,0.0015818010588009024,109.43499999999999,109.44649999999999,0
109.542,109.369,109.383,-0.0005659929524748364,109.43120000000002,109.44290000000001,0
109.48,109.542,109.369,0.0,109.4508,109.43580000000001,0
109.48,109.48,109.542,-0.0004749725977347685,109.4598,109.44030000000001,0
109.428,109.48,109.48,-0.0050718280513213365,109.3606,109.3856,0
108.873,109.428,109.48,-0.001763522636466397,109.1884,109.3117,1
108.681,108.873,109.428,0.00029443969047027174,109.035,109.2331,0
108.713,108.681,108.873,-0.0015637504254319978,108.84760000000001,109.1492,0
108.543,108.713,108.681,-0.004818366914494776,108.566,109.01289999999999,0
108.02,108.543,108.713,0.0,108.3954,108.878,0
108.02,108.02,108.543,-0.0005184225143491927,108.252,108.7202,1
107.964,108.02,108.02,0.004093957245007607,108.19059999999999,108.6128,0
108.406,107.964,108.02,-0.0035975868494363406,108.08520000000001,108.4664,1
108.016,108.406,107.964,0.009396756036142762,108.2874,108.42670000000001,1
109.031,108.016,108.406,0.0043657308471902745,108.58480000000002,108.49010000000001,0
109.507,109.031,108.016,-0.0006757558877514835,108.8786,108.56530000000001,1
109.433,109.507,109.031,0.0003655204554384728,109.09200000000001,108.6413,1
109.473,109.433,109.507,0.0008495245402977414,109.402,108.74359999999999,1
109.566,109.473,109.433,0.0038880674661847525,109.5942,108.9408,0
109.992,109.566,109.473,-0.0012546367008510195,109.6636,109.1242,1
109.854,109.992,109.566,0.00026398674604477534,109.7536,109.3161,1
109.883,109.854,109.992,0.0026573719319640254,109.894,109.49300000000001,0
110.175,109.883,109.854,-0.0007987292943044677,109.9982,109.70009999999999,0
110.087,110.175,109.883,0.0,110.0172,109.8057,1
110.087,110.087,110.175,0.0008447863962139923,110.0824,109.873,0
110.18,110.087,110.087,-6.353240152479067e-05,110.1404,109.947,0
110.173,110.18,110.087,-0.0024053080155754802,110.08699999999999,109.9905,0
109.908,110.173,110.18,-0.0016377333770062341,110.01520000000001,110.0067,0
109.728,109.908,110.173,-0.001603966170895199,109.90820000000001,109.9627,0
109.552,109.728,109.908,-0.0024828391996495336,109.72820000000002,109.90530000000001,0
109.28,109.552,109.728,0.0,109.54960000000001,109.845,0
109.28,109.28,109.552,-0.004374084919472887,109.32840000000002,109.7077,1
108.802,109.28,109.28,0.001084538887152764,109.16680000000001,109.59100000000001,1
108.92,108.802,109.28,0.0019463826661769712,109.08279999999999,109.49549999999999,0
109.132,108.92,108.802,-0.001328666202397244,109.0242,109.3762,0
108.987,109.132,108.92,-0.0010092946865222219,108.94360000000002,109.24660000000002,0
108.877,108.987,109.132,-0.005115864691348948,108.8472,109.08779999999999,0
108.32,108.877,108.987,0.0,108.7272,108.947,1
108.32,108.32,108.877,0.000480059084195128,108.5752,108.829,1
108.372,108.32,108.32,0.0022145941756173126,108.50019999999999,108.7622,1
108.612,108.372,108.32,0.0076879166206313965,108.61420000000001,108.7789,1
109.447,108.612,108.372,0.0033532211938196443,108.91300000000001,108.8801,1
109.814,109.447,108.612,0.0014023712823503232,109.2426,108.9849,0
109.968,109.814,109.447,-0.002455259711916291,109.5078,109.0415,0
109.698,109.968,109.814,0.0,109.725,109.1126,0
109.698,109.698,109.968,-0.0004831446334481182,109.7646,109.1894,1
109.645,109.698,109.698,0.0011035614939123306,109.755,109.33399999999999,1
109.766,109.645,109.698,0.0007014922653645339,109.72999999999999,109.4863,1
109.843,109.766,109.645,2.7311708529431655e-05,109.7596,109.6337,0
109.846,109.843,109.766,-0.0008011215701984042,109.7716,109.7483,1
109.758,109.846,109.843,0.0002277738296980747,109.79920000000001,109.7819,0
109.783,109.758,109.846,0.0,109.80260000000001,109.7788,1
109.783,109.783,109.758,7.287102739028661e-05,109.79220000000001,109.76110000000001,1
109.791,109.783,109.783,0.00035522037325463884,109.78899999999999,109.7743,1
109.83,109.791,109.783,0.0008103432577619696,109.8212,109.79639999999999,1
109.919,109.83,109.791,0.011745012236282992,110.1066,109.9529,1
111.21,109.919,109.83,0.006690045859185423,110.54079999999999,110.17170000000002,0
111.954,111.21,109.919,-0.0036086249709701423,110.89259999999999,110.3424,0
111.55,111.954,111.21,0.0,111.2366,110.5128,1
111.55,111.55,111.954,6.275212909012673e-05,111.5642,110.69269999999999,0
111.557,111.55,111.55,-0.006274819150748123,111.49359999999999,110.8001,0
110.857,111.557,111.55,-0.005150779833479113,111.16,110.8504,1
110.286,110.857,111.557,0.0006981847197287117,110.92260000000002,110.9076,0
110.363,110.286,110.857,-0.006369888458994444,110.54459999999999,110.89059999999999,0
109.66,110.363,110.286,-0.013897501367864273,109.86039999999998,110.7123,0
108.136,109.66,110.363,0.0,109.31620000000001,110.4049,0
108.136,108.136,109.66,-0.004059702596729942,108.79839999999999,109.97919999999999,1
107.697,108.136,108.136,0.007335394672089324,108.4232,109.6729,0
108.487,107.697,108.136,-0.013365656714629304,107.89860000000002,109.2216,1
107.037,108.487,107.697,0.005979240823266618,107.8068,108.8336,0
107.677,107.037,108.487,-0.013271172116607999,107.42920000000001,108.37270000000001,0
106.248,107.677,107.037,-0.008922520894511066,106.94980000000001,107.8741,1
105.3,106.248,107.677,9.496676163345263e-05,106.3144,107.36880000000001,0
105.31,105.3,106.248,-0.013028202449909765,105.6946,106.79660000000001,0
103.938,105.31,105.3,-0.007947045353961069,104.7816,106.2942,1
103.112,103.938,105.31,0.018562339979827813,104.53719999999998,105.98319999999998,0
105.026,103.112,103.938,-0.004532211071544223,104.3872,105.6685,1
104.55,105.026,103.112,0.0005738880918220168,104.24719999999999,105.2808,1
104.61,104.55,105.026,0.03173692763598135,105.04560000000001,105.37010000000001,0
107.93,104.61,104.55,0.0,106.0092,105.3954,0
107.93,107.93,104.61,-0.011507458537941329,106.3416,105.4394,0
106.688,107.93,107.93,-0.004808413317336613,106.66660000000002,105.5269,1
106.175,106.688,107.93,0.011320932422886676,107.22,105.7336,1
107.377,106.175,106.688,0.00915466068152404,107.306,106.17580000000001,1
108.36,107.377,106.175,0.02704872646733114,107.97819999999999,106.99369999999999,0
111.291,108.36,107.377,-0.0026956357656953145,108.83879999999999,107.59020000000001,0
110.991,111.291,108.36,0.0,109.80199999999999,108.2343,0
110.991,110.991,111.291,-0.004766152210539554,110.41900000000001,108.81949999999999,1
110.462,110.991,110.991,0.003304303742463377,110.9124,109.10919999999999,1
110.827,110.462,110.991,0.002643760094561909,110.87819999999999,109.42819999999999,0
111.12,110.827,110.462,-0.002195824334053298,110.85520000000001,109.84700000000001,0
110.876,111.12,110.827,-0.015936722103972123,110.4788,110.1404,0
109.109,110.876,111.12,-0.01098901098901095,109.9684,110.19369999999999,0
107.91,109.109,110.876,0.0,109.38500000000002,110.1487,0
107.91,107.91,109.109,-0.00460568992679089,108.64360000000002,109.76089999999999,1
107.413,107.91,107.91,0.00579073296528354,108.07539999999999,109.4653,0
108.035,107.413,107.91,-0.004878048780487809,107.75519999999999,109.11699999999999,0
107.508,108.035,107.413,-0.0023347099750715694,107.62459999999999,108.7965,1
107.257,107.508,108.035,0.006936610197935789,107.64280000000001,108.51389999999999,1
108.001,107.257,107.508,0.0036944102369422804,107.84020000000001,108.24189999999999,0
108.4,108.001,107.257,0.0,107.9132,107.9943,1
108.4,108.4,108.001,0.0027029520295203113,108.1502,107.95270000000001,1
108.693,108.4,108.4,0.0038824947328715,108.52180000000001,108.0732,0
109.115,108.693,108.4,-0.0042523942629335565,108.65180000000001,108.1473,1
108.651,109.115,108.693,0.0024942246274770596,108.75619999999999,108.2982,0
108.922,108.651,109.115,-0.003314298305209129,108.7884,108.3508,0
108.561,108.922,108.651,-0.0017962251637329008,108.723,108.4366,0
108.366,108.561,108.922,0.0,108.5732,108.54750000000001,0
108.366,108.366,108.561,-0.0002768395991362693,108.51020000000001,108.58099999999999,0
108.336,108.366,108.366,-0.006581376458425603,108.25039999999998,108.5033,0
107.623,108.336,108.366,-0.0048223892662350165,107.95899999999999,108.37370000000001,1
107.104,107.623,108.336,0.004715043322378154,107.80760000000001,108.2653,1
107.609,107.104,107.623,0.0031224154113502767,107.7234,108.14829999999999,0
107.945,107.609,107.104,-0.0036592709250080624,107.56620000000001,108.03819999999999,0
107.55,107.945,107.609,0.0,107.55159999999998,107.901,1
107.55,107.55,107.945,0.0011157601115761029,107.66479999999999,107.8119,0
107.67,107.55,107.55,-9.287638153665512e-06,107.6768,107.7422,1
107.669,107.67,107.55,0.0004829616695614103,107.63199999999999,107.6777,1
107.721,107.669,107.67,0.000854058168787919,107.6846,107.62539999999998,0
107.813,107.721,107.669,-0.0013541966182185616,107.70800000000001,107.6298,0
107.667,107.813,107.721,-0.00210835260571951,107.662,107.6634,1
107.44,107.667,107.813,9.307520476542486e-05,107.6182,107.6475,1
107.45,107.44,107.667,0.0004187994416007257,107.57300000000001,107.6025,0
107.495,107.45,107.44,-0.0019721847527792713,107.46700000000001,107.5758,0
107.283,107.495,107.45,-0.0050520585740517765,107.2818,107.4949,0
106.741,107.283,107.495,-0.0012272697463955318,107.11580000000001,107.38889999999999,1
106.61,106.741,107.283,0.006331488603320556,107.08279999999999,107.35049999999998,0
107.285,106.61,106.741,-0.0033555483059141133,106.96879999999999,107.27090000000001,0
106.925,107.285,106.61,0.0,106.8972,107.18209999999999,0
106.925,106.925,107.285,-0.0017488894084638495,106.8966,107.0892,0
106.738,106.925,106.925,-0.0003841181210065825,106.91400000000002,107.01490000000001,0
106.697,106.738,106.925,-0.002296222011865412,106.7474,106.91510000000001,0
106.452,106.697,106.738,-0.002451809266148075,106.60060000000001,106.7847,1
106.191,106.452,106.697,0.0015820549764102854,106.48740000000001,106.6923,1
106.359,106.191,106.452,0.0029334612021549855,106.474,106.68530000000001,0
106.671,106.359,106.191,0.0,106.46880000000002,106.6914,1
106.671,106.671,106.359,0.0023249055507119643,106.5622,106.6548,1
106.919,106.671,106.671,0.006051309870088728,106.83720000000001,106.7189,0
107.566,106.919,106.671,-0.003978952457096119,106.99300000000001,106.7402,0
107.138,107.566,106.919,-0.0019134200750433594,107.04540000000001,106.7597,1
106.933,107.138,107.566,0.004039912842620952,107.18419999999999,106.82650000000001,0
107.365,106.933,107.138,-0.0026172402552041563,107.2172,106.88969999999999,0
107.084,107.365,106.933,0.0,107.1208,106.979,1
107.084,107.084,107.365,0.001157969444548268,107.1348,107.06390000000002,1
107.208,107.084,107.084,0.0016136855458548371,107.22439999999999,107.13489999999999,1
107.381,107.208,107.084,0.003995120179547618,107.3134,107.2488,0
107.81,107.381,107.208,-0.0020313514516279163,107.41479999999999,107.316,1
107.591,107.81,107.381,0.0003717783085945836,107.5242,107.32249999999999,0
107.631,107.591,107.81,-0.0003716401408516701,107.6008,107.36780000000002,0
107.591,107.631,107.591,0.0,107.6428,107.4336,1
107.591,107.591,107.631,0.0013384019109405898,107.62780000000001,107.47060000000002,0
107.735,107.591,107.591,-0.0004455376618555107,107.64699999999998,107.5309,0
107.687,107.735,107.591,-0.0018200897044211573,107.619,107.57160000000002,1
107.491,107.687,107.735,0.002856053064907771,107.66040000000001,107.6306,0
107.798,107.491,107.687,-0.001437874543126938,107.67079999999999,107.6568,1
107.643,107.798,107.491,0.0010869262283659253,107.67580000000001,107.65180000000001,0
107.76,107.643,107.798,0.0,107.6904,107.66870000000002,0
107.76,107.76,107.643,-0.00048255382331108265,107.7338,107.67639999999999,0
107.708,107.76,107.76,-0.0014854978274594366,107.68379999999999,107.6721,1
107.548,107.708,107.76,0.01172499721054776,107.917,107.79390000000001,1
108.809,107.548,107.708,0.0017461790844506275,108.16479999999999,107.9203,1
108.999,108.809,107.548,0.0013853338104019564,108.4428,108.0666,1
109.15,108.999,108.809,0.0036921667430140914,108.81179999999999,108.2728,0
109.553,109.15,108.999,0.0,109.21279999999999,108.44829999999999,1
109.553,109.553,109.15,0.0007393681597036572,109.37780000000001,108.64739999999999,0
109.634,109.553,109.553,-0.011173541054782188,109.2598,108.7123,0
108.409,109.634,109.553,-0.005645287752861883,108.98920000000001,108.71600000000001,0
107.797,108.409,109.634,-0.007569783945749919,108.4748,108.6433,0
106.981,107.797,108.409,-0.0016638468513100468,107.9248,108.56880000000001,1
106.803,106.981,107.797,0.005177757179105402,107.4692,108.42349999999999,0
107.356,106.803,106.981,0.0,107.2586,108.2592,0
107.356,107.356,106.803,-0.00041916613882775344,107.1614,108.0753,1
107.311,107.356,107.356,0.001425762503378003,107.258,107.8664,0
107.464,107.311,107.356,-0.0005024938584083927,107.37939999999999,107.65209999999999,0
107.41,107.464,107.311,-0.004804021971883343,107.28699999999999,107.37809999999999,1
106.894,107.41,107.464,0.0010477669466948392,107.21700000000001,107.2378,0
107.006,106.894,107.41,-0.0013363736612900246,107.12740000000001,107.14439999999999,0
106.863,107.006,106.894,0.0,107.00720000000001,107.1326,0
106.863,106.863,107.006,-0.000299448827002724,106.8914,107.1354,1
106.831,106.863,106.863,0.0006739616777902135,106.89320000000001,107.0901,0
106.903,106.831,106.863,-0.004405863259216325,106.7784,106.99770000000001,1
106.432,106.903,106.831,0.005750150330727566,106.8146,106.971,1
107.044,106.432,106.903,0.001036956765442243,106.873,106.9401,1
107.155,107.044,106.432,0.00013998413513127694,106.9408,106.9161,0
107.17,107.155,107.044,0.0,106.9942,106.94369999999999,1
107.17,107.17,107.155,0.00044788653541094625,107.1514,106.96490000000001,1
107.218,107.17,107.17,0.0034695666772370792,107.2606,107.0376,1
107.59,107.218,107.17,0.003708523096942029,107.4274,107.1502,0
107.989,107.59,107.218,-0.005769106112659683,107.4666,107.2037,1
107.366,107.989,107.59,0.0012201255518506926,107.532,107.26310000000001,0
107.497,107.366,107.989,-0.0008000223262044637,107.57060000000001,107.36099999999999,0
107.411,107.497,107.366,0.0,107.53479999999999,107.39770000000001,1
107.411,107.411,107.497,0.0015640856150673788,107.4528,107.4401,0
107.579,107.411,107.411,-0.002045008784242297,107.45139999999999,107.45899999999999,1
107.359,107.579,107.411,0.002039884872251152,107.46759999999999,107.49980000000001,0
107.578,107.359,107.579,-0.002742196359850513,107.44199999999998,107.50630000000001,0
107.283,107.578,107.359,-0.00043809364018532193,107.40700000000001,107.4709,0
107.236,107.283,107.578,-0.003217203178037198,107.26939999999999,107.3611,0
106.891,107.236,107.283,-9.3553245830158e-06,107.17559999999999,107.3135,1
106.89,106.891,107.236,0.00018710824211809474,107.042,107.2548,1
106.91,106.89,106.891,0.0034234402768684724,107.0406,107.2413,0
107.276,106.91,106.89,-0.0002889742346843249,107.0424,107.22470000000001,0
107.245,107.276,106.91,-0.00305841764184811,107.04759999999999,107.1585,1
106.917,107.245,107.276,0.003376450891813265,107.12519999999999,107.15040000000002,0
107.278,106.917,107.245,-0.002311750778351662,107.14920000000002,107.09560000000002,0
107.03,107.278,106.917,0.0,107.1,107.0703,1
107.03,107.03,107.278,0.0005605904886480939,107.069,107.0557,1
107.09,107.03,107.03,0.0009898216453450015,107.12480000000001,107.0862,0
107.196,107.09,107.03,-0.003395649091384012,107.0356,107.08040000000001,1
106.832,107.196,107.09,0.0032106484948331016,107.0646,107.1069,0
107.175,106.832,107.196,-0.003144390016328491,107.02619999999999,107.06309999999999,0
106.838,107.175,106.832,-0.006898294614275824,106.82839999999999,106.94869999999999,0
106.101,106.838,107.175,0.0,106.60939999999998,106.86710000000001,0
106.101,106.101,106.838,-0.0010178980405463056,106.4416,106.73859999999999,0
105.993,106.101,106.101,-0.006906116441651844,106.05879999999999,106.5617,0
105.261,105.993,106.101,-0.0014630299921147838,105.7126,106.3694,0
105.107,105.261,105.993,-0.0007135585641299125,105.49879999999999,106.1636,0
105.032,105.107,105.261,-0.003322796861908617,105.21520000000001,105.9123,1
104.683,105.032,105.107,0.010995099490843652,105.1834,105.8125,0
105.834,104.683,105.032,0.0,105.298,105.67839999999998,1
105.834,105.834,104.683,0.00030236030009267445,105.44980000000001,105.5812,1
105.866,105.834,105.834,0.0015491281431243564,105.64940000000001,105.5741,0
106.03,105.866,105.834,-0.003923417900594139,105.8356,105.52539999999999,0
105.614,106.03,105.866,-0.0005775749427160415,105.77940000000001,105.48140000000001,1
105.553,105.614,106.03,0.0002652695802110028,105.7288,105.5134,1
105.581,105.553,105.614,0.002434150083821862,105.72319999999999,105.5865,1
105.838,105.581,105.553,0.0005669041365106153,105.69680000000001,105.6731,0
105.898,105.838,105.581,-0.0004532663506393586,105.74399999999999,105.78979999999999,1
105.85,105.898,105.838,0.00134152102031182,105.8318,105.8056,1
105.992,105.85,105.898,0.004990942712657542,106.0198,105.87429999999999,1
106.521,105.992,105.85,0.0028257338928474596,106.2166,105.96990000000001,1
106.822,106.521,105.992,0.0015352642714048237,106.4342,106.0655,0
106.986,106.822,106.521,-0.00379488905090386,106.58019999999999,106.16209999999998,0
106.58,106.986,106.822,0.0,106.6978,106.2648,0
106.58,106.58,106.986,-0.00024394820791895366,106.7044,106.36209999999998,0
106.554,106.58,106.58,-0.005246166263115359,106.53900000000002,106.37780000000001,0
105.995,106.554,106.58,-0.007273928015472442,106.1866,106.3104,1
105.224,105.995,106.554,0.008125522694442333,106.0864,106.33330000000001,0
106.079,105.224,105.995,-0.003902751722772546,105.9034,106.3006,1
105.665,106.079,105.224,0.000492121326834738,105.73600000000002,106.2202,0
105.717,105.665,106.079,0.0,105.6804,106.1097,1
105.717,105.717,105.665,0.0015134746540290678,105.81099999999999,105.9988,1
105.877,105.717,105.717,0.0010956109447755047,105.7938,105.9401,1
105.993,105.877,105.717,0.003887049144754906,105.94180000000001,105.92260000000002,0
106.405,105.993,105.877,-0.0051595319768807935,105.96959999999999,105.8528,1
105.856,106.405,105.993,0.007377947400242002,106.15360000000001,105.917,0
106.637,105.856,106.405,-0.012068981685531388,106.0482,105.92960000000001,0
105.35,106.637,105.856,0.0,105.91959999999999,105.8567,1
105.35,105.35,106.637,0.0017560512577123877,105.7456,105.84369999999998,1
105.535,105.35,105.35,0.004444023309802425,105.7752,105.8724,0
106.004,105.535,105.35,-0.001018829478132921,105.627,105.8903,1
105.896,106.004,105.535,0.0029462869230187927,105.7986,105.92339999999999,0
106.208,105.896,106.004,-0.0011486893642663754,105.9458,105.9327,1
106.086,106.208,105.896,0.00139509454593445,106.0856,105.9156,0
106.234,106.086,106.208,0.0,106.1316,105.95340000000002,1
106.234,106.234,106.086,0.00072481503096955,106.21459999999999,105.92080000000001,0
106.311,106.234,106.234,-5.643818607670159e-05,106.23400000000001,106.0163,0
106.305,106.311,106.234,-0.0031701237006726,106.2104,106.07809999999999,1
105.968,106.305,106.311,0.0024818813226634706,106.2098,106.14769999999999,0
106.231,105.968,106.305,-0.0008283834285659486,106.1916,106.16159999999999,0
106.143,106.231,105.968,-0.00012247628199701932,106.15540000000001,106.18499999999999,0
106.13,106.143,106.231,0.0,106.12039999999999,106.1772,1
106.13,106.13,106.143,0.0001413360972393196,106.1558,106.1831,0
106.145,106.13,106.13,-0.004051062226199886,106.05260000000001,106.13119999999999,0
105.715,106.145,106.13,-0.0031594381119046666,105.9002,106.0459,0
105.381,105.715,106.145,-0.0030271111490686176,105.6866,105.921,0
105.062,105.381,105.715,-0.0034646208905217968,105.4002,105.76029999999999,0
104.698,105.062,105.381,-0.0013562818773996677,105.0824,105.6191,0
104.556,104.698,105.062,0.0,104.85060000000001,105.45160000000001,0
104.556,104.556,104.698,-0.00018172080033662663,104.6818,105.29099999999998,1
104.537,104.556,104.556,0.0014635966212919183,104.60739999999998,105.147,1
104.69,104.537,104.556,0.0032858916801987714,104.67460000000001,105.0374,1
105.034,104.69,104.537,0.0025705961879010086,104.82419999999999,104.95329999999998,1
105.304,105.034,104.69,0.0012440173212793226,105.0,104.9253,1
105.435,105.304,105.034,0.0013847394129085089,105.2088,104.9453,0
105.581,105.435,105.304,0.0,105.38699999999999,104.99719999999999,0
105.581,105.581,105.435,-6.629980773065203e-05,105.495,105.0848,0
105.574,105.581,105.581,-0.001335556102828317,105.52080000000001,105.17249999999999,1
105.433,105.574,105.581,0.002190964878169055,105.5666,105.28330000000001,0
105.664,105.433,105.574,-0.002015823743185985,105.5406,105.3747,1
105.451,105.664,105.433,0.0008724431252431497,105.53299999999999,105.46000000000001,0
105.543,105.451,105.664,-0.002112882900808355,105.48219999999999,105.48859999999999,0
105.32,105.543,105.451,0.0,105.4596,105.4902,1
105.32,105.32,105.543,0.0018040258260541009,105.4288,105.49770000000001,1
105.51,105.32,105.32,0.0018671215998482538,105.47999999999999,105.5103,0
105.707,105.51,105.32,-0.0006338274664874355,105.4994,105.5162,1
105.64,105.707,105.51,0.0030764861794774223,105.62839999999998,105.55530000000002,1
105.965,105.64,105.707,0.0005001651488698577,105.768,105.61380000000001,0
106.018,105.965,105.64,-0.003754079495934648,105.79,105.60940000000001,0
105.62,106.018,105.965,0.0,105.77260000000001,105.62630000000001,1
105.62,105.62,106.018,0.00011361484567307123,105.771,105.63520000000001,0
105.632,105.62,105.62,-0.0027737806725235403,105.64580000000001,105.6371,1
105.339,105.632,105.62,0.0012436039833301216,105.53620000000001,105.65209999999999,0
105.47,105.339,105.632,-0.003138333175310537,105.44000000000001,105.61500000000001,1
105.139,105.47,105.339,0.0021019792845662355,105.388,105.5803,1
105.36,105.139,105.47,0.00018982536066824984,105.3376,105.55429999999998,0
105.38,105.36,105.139,0.0,105.34580000000001,105.4958,1
105.38,105.38,105.36,0.0004460049345227368,105.33719999999998,105.4367,1
105.427,105.38,105.38,0.00040786515788160393,105.40339999999999,105.42170000000002,1
105.47,105.427,105.38,6.636958376793345e-05,105.4268,105.40740000000001,0
105.477,105.47,105.427,-0.007594072641428973,105.28600000000002,105.31179999999999,1
104.676,105.477,105.47,0.002340555619244178,105.1942,105.27000000000001,0
104.921,104.676,105.477,-0.0018490102076801351,105.0542,105.19569999999999,0
104.727,104.921,104.676,0.0,104.9056,105.15450000000001,0
104.727,104.727,104.921,-0.00042013998300338695,104.74680000000001,105.0868,1
104.683,104.727,104.727,0.0014233447646703201,104.77799999999999,105.032,0
104.832,104.683,104.727,-0.0027377136752135822,104.7028,104.9485,0
104.545,104.832,104.683,-0.002200009565259009,104.62039999999999,104.8373,1
104.315,104.545,104.832,0.002291137420313616,104.58580000000002,104.74570000000001,1
104.554,104.315,104.545,0.0008225414618283633,104.57719999999999,104.66199999999999,0
104.64,104.554,104.315,-0.0005733944954128267,104.52680000000001,104.65240000000001,1
104.58,104.64,104.554,0.0013864983744500403,104.56280000000001,104.6328,0
104.725,104.58,104.64,-0.0017092384817377626,104.609,104.6147,0
104.546,104.725,104.58,-0.0010330380884969736,104.58579999999999,104.58579999999999,0
104.438,104.546,104.725,-0.007995174170321251,104.37840000000001,104.4778,0
103.603,104.438,104.546,-0.002673667750933917,104.12759999999999,104.32719999999999,0
103.326,103.603,104.438,0.0,103.8478,104.2053,0
103.326,103.326,103.603,-0.000706501751737143,103.5892,104.09909999999999,1
103.253,103.326,103.326,0.01824644320261881,103.729,104.15739999999998,1
105.137,103.253,103.326,0.0011699021277000732,104.0604,104.2194,1
105.26,105.137,103.253,0.0014725441763252523,104.47819999999999,104.3029,0
105.415,105.26,105.137,-0.0030830526964853444,104.83099999999999,104.3394,0
105.09,105.415,105.26,-0.004243981349319581,105.10920000000002,104.3492,0
104.644,105.09,105.415,0.0,105.01060000000003,104.36979999999998,1
104.644,104.644,105.09,0.0003057987080004043,104.89380000000001,104.4771,0
104.676,104.644,104.644,-0.0012896939126447737,104.71900000000001,104.5986,0
104.541,104.676,104.644,-0.0034436249892386694,104.53720000000001,104.68409999999999,0
104.181,104.541,104.676,-0.0027548209366390353,104.3872,104.7482,0
103.894,104.181,104.541,-0.0006641384488036417,104.2234,104.617,1
103.825,103.894,104.181,4.815795810242385e-05,104.0542,104.474,0
103.83,103.825,103.894,-0.00012520466146592746,103.9094,104.3142,1
103.817,103.83,103.825,0.006819692343257966,103.97819999999999,104.2577,0
104.525,103.817,103.83,-0.00011480507055727784,104.102,104.24459999999999,0
104.513,104.525,103.817,-0.0010812052089214097,104.21700000000001,104.2202,0
104.4,104.513,104.525,-0.0015134099616858077,104.29940000000002,104.1768,0
104.242,104.4,104.513,-0.002311928013660536,104.3362,104.12280000000001,0
104.001,104.242,104.4,0.0,104.23140000000001,104.1048,1
104.001,104.001,104.242,0.0007788386650127155,104.1452,104.12359999999998,1
104.082,104.001,104.001,0.002084894602332854,104.125,104.171,1
104.299,104.082,104.001,9.587819633938288e-05,104.1384,104.2189,1
104.309,104.299,104.082,0.0014284481684225803,104.2298,104.28299999999999,0
104.458,104.309,104.299,-0.006078998257672996,104.1942,104.21279999999999,1
103.823,104.458,104.309,0.002899164924920372,104.2026,104.1739,0
104.124,103.823,104.458,0.0,104.1676,104.1463,1
104.124,104.124,103.823,0.0007106910990741788,104.1454,104.1419,0
104.198,104.124,104.124,-0.0019194226376705315,104.05340000000001,104.1416,1
103.998,104.198,104.124,0.0013173330256350813,104.1158,104.155,1
104.135,103.998,104.198,0.001315599942382395,104.1454,104.174,0
104.272,104.135,103.998,-0.0008631272057695316,104.157,104.1623,0
104.182,104.272,104.135,-0.0016605555662206894,104.1192,104.13230000000001,0
104.009,104.182,104.272,0.0,104.1214,104.0874,0
104.009,104.009,104.182,-0.000673018681075721,104.08220000000001,104.099,1
103.939,104.009,104.009,0.0006830929679908504,104.0298,104.0876,0
104.01,103.939,104.009,-0.0036150370156715628,103.9202,104.0386,0
103.634,104.01,103.939,-0.0015342455178802838,103.8134,103.9663,0
103.475,103.634,104.01,-0.003324474510751352,103.6378,103.87960000000001,1
103.131,103.475,103.634,0.0016096033200492244,103.5094,103.79580000000001,0
103.297,103.131,103.475,0.0,103.36679999999998,103.69829999999999,1
103.297,103.297,103.131,0.001548931721153446,103.33139999999999,103.6258,0
103.457,103.297,103.297,-0.0011309046270430168,103.30439999999999,103.5589,1
103.34,103.457,103.297,0.0018772982388233217,103.38500000000002,103.51140000000001,1
103.534,103.34,103.457,0.00017385593138485866,103.436,103.47269999999999,1
103.552,103.534,103.34,0.0009753553770086576,103.50719999999998,103.43699999999998,0
103.653,103.552,103.534,-0.0037722014799379533,103.4682,103.3998,0
103.262,103.653,103.552,0.0,103.4526,103.3785,1
103.262,103.262,103.653,0.0026243923224420485,103.45240000000001,103.41869999999999,1
103.533,103.262,103.262,0.0015067659586798232,103.4798,103.4579,0
103.689,103.533,103.262,-0.0012537491922961497,103.46099999999998,103.48410000000001,0
103.559,103.689,103.533,-0.004229473054007893,103.4328,103.4505,1
103.121,103.559,103.689,0.0010182213128266948,103.42559999999999,103.43910000000001,1
103.226,103.121,103.559,8.71873365237974e-05,103.36599999999999,103.40920000000001,0
103.235,103.226,103.121,0.0,103.2752,103.37750000000001,1
103.235,103.235,103.226,3.874654913560427e-05,103.2112,103.33609999999999,0
103.239,103.235,103.235,-0.001104233865109161,103.21199999999999,103.32239999999999,0
103.125,103.239,103.235,-0.00433454545454548,103.10239999999999,103.26399999999998,1
102.678,103.125,103.239,0.0033697578838700615,103.06019999999998,103.21309999999998,1
103.024,102.678,103.125,0.007435160739245328,103.1712,103.22319999999999,1
103.79,103.024,102.678,0.0007322478080740158,103.29659999999998,103.2539,1
103.866,103.79,103.024,0.0005776673791231257,103.4568,103.3344,1
103.926,103.866,103.79,0.0015876681484900956,103.7394,103.4209,1
104.091,103.926,103.866,0.0003554582048399535,103.96019999999999,103.51020000000001,0
104.128,104.091,103.926,-0.0036109403810694607,103.9526,103.5619,1
103.752,104.128,104.091,0.0008192613154445194,103.94679999999998,103.6217,0
103.837,103.752,104.128,-8.667430684627941e-05,103.9272,103.69200000000001,1
103.828,103.837,103.752,0.0006838232461379157,103.88879999999999,103.81410000000001,0
103.899,103.828,103.837,-0.0010490957564557313,103.8212,103.8907,1
103.79,103.899,103.828,0.0011369110704306795,103.85239999999999,103.9025,0
103.908,103.79,103.899,-0.00197289910305265,103.82560000000001,103.8862,1
103.703,103.908,103.79,0.0018707269799331794,103.8394,103.8833,0
103.897,103.703,103.908,-0.0032917216089011214,103.77060000000002,103.8297,0
103.555,103.897,103.703,-0.0004731785041766079,103.71380000000002,103.76750000000001,1
103.506,103.555,103.897,0.0023573512646610784,103.68220000000001,103.7673,0
103.75,103.506,103.555,0.0,103.69160000000002,103.7586,1
103.75,103.75,103.506,0.0002602409638554626,103.6676,103.7535,0
103.777,103.75,103.75,-0.00016381279088806266,103.7086,103.7396,0
103.76,103.777,103.75,-0.001513107170393324,103.728,103.7209,1
103.603,103.76,103.777,0.005212204279798849,103.8066,103.7444,1
104.143,103.603,103.76,0.0014211228791181085,103.91480000000001,103.80319999999999,1
104.291,104.143,103.603,0.003825833485152197,104.0974,103.88250000000001,0
104.69,104.291,104.143,-9.552010698243851e-05,104.28139999999999,103.995,1
104.68,104.69,104.291,5.7317539166934495e-05,104.498,104.11300000000001,1
104.686,104.68,104.69,0.0018627132567869964,104.64560000000002,104.2261,1
104.881,104.686,104.68,0.0014015884669291712,104.793,104.3539,0
105.028,104.881,104.686,-0.00031420192710518435,104.854,104.4757,1
104.995,105.028,104.881,0.005495499785703961,105.03240000000001,104.6569,0
105.572,104.995,105.028,-0.0025290796802182047,105.15619999999998,104.8271,0
105.305,105.572,104.995,0.0,105.24100000000001,104.9433,1
105.305,105.305,105.572,0.0009021413987939653,105.3154,105.05420000000001,0
105.4,105.305,105.305,-0.0018026565464897004,105.3584,105.10620000000002,0
105.21,105.4,105.305,-0.00603554795171557,105.15899999999999,105.0957,1
104.575,105.21,105.4,0.00038250059765720934,105.021,105.0886,1
104.615,104.575,105.21,0.0012044161927067254,104.9082,105.07459999999999,1
104.741,104.615,104.575,0.001804450979081773,104.8142,105.06480000000002,1
104.93,104.741,104.615,0.00020013342228142328,104.7624,105.0604,1
104.951,104.93,104.741,0.001029051652676083,104.85919999999999,105.00910000000002,1
105.059,104.951,104.93,0.0031220552261110868,105.0136,105.0173,1
105.387,105.059,104.951,0.006794006850939782,105.28599999999999,105.0971,0
106.103,105.387,105.059,-0.0022808026163255724,105.4722,105.14320000000001,0
105.861,106.103,105.387,-0.0019742870367747134,105.61240000000001,105.1874,0
105.652,105.861,106.103,-0.0009843637602695576,105.71019999999999,105.2847,0
105.548,105.652,105.861,-0.0014022056315609044,105.71279999999999,105.3632,1
105.4,105.548,105.652,0.0010815939278936426,105.595,105.4405,0
105.514,105.4,105.548,-0.005023030119225891,105.41959999999999,105.44590000000001,1
104.984,105.514,105.4,0.002848053036653253,105.34580000000001,105.47909999999999,1
105.283,104.984,105.514,0.006278316537332795,105.425,105.5676,1
105.944,105.283,104.984,0.004105942762214099,105.6208,105.6668,1
106.379,105.944,105.283,0.0014194530875455413,105.824,105.7095,0
106.53,106.379,105.944,0.0,106.13319999999999,105.77640000000001,0
106.53,106.53,106.379,-0.0002534497324697682,106.37719999999999,105.8615,1
106.503,106.53,106.53,0.0032675135911663933,106.5586,105.99180000000001,0
106.851,106.503,106.53,-0.0008703708903051721,106.6344,106.1276,1
106.758,106.851,106.503,0.002810093857134932,106.74000000000001,106.282,1
107.058,106.758,106.851,0.008378635879616514,107.025,106.5791,1
107.955,107.058,106.758,0.004029456718076974,107.40239999999999,106.8898,0
108.39,107.955,107.058,0.0,107.71020000000001,107.1344,1
108.39,108.39,107.955,0.00026755235722841775,108.0424,107.33840000000001,1
108.419,108.39,108.39,0.004796207306837275,108.41860000000001,107.57930000000002,0
108.939,108.419,108.39,-0.003322960555907417,108.54299999999998,107.78400000000002,0
108.577,108.939,108.419,-0.0013354577857188632,108.55139999999999,107.9769,1
108.432,108.577,108.939,0.0011343514829571522,108.5844,108.1473,1
108.555,108.432,108.577,0.0034544700842891185,108.6866,108.36449999999999,0
108.93,108.555,108.432,0.0,108.6848,108.55170000000001,1
108.93,108.93,108.555,0.0017166987973928904,108.79280000000001,108.6679,1
109.117,108.93,108.93,0.00015579607210614022,108.93320000000001,108.7423,0
109.134,109.117,108.93,-0.0009621199626147492,109.02799999999999,108.80619999999999,0
109.029,109.134,109.117,-0.0012657182951324453,109.0202,108.85340000000001,1
108.891,109.029,109.134,0.00036733981688108486,109.0204,108.85260000000001,0
108.931,108.891,109.029,-0.00011016147836706569,108.9808,108.8868,0
108.919,108.931,108.891,0.0,108.9378,108.9355,0
108.919,108.919,108.931,-0.0004406944610214625,108.90619999999998,108.9671,0
108.871,108.919,108.919,-0.0008725923340466846,108.88319999999999,108.9517,0
108.776,108.871,108.919,-0.0023534603221299077,108.801,108.91069999999999,1
108.52,108.776,108.871,0.0024880206413564476,108.7752,108.878,1
108.79,108.52,108.776,0.0035756962956152716,108.82719999999999,108.88250000000001,1
109.179,108.79,108.52,0.0038468936333910797,108.9728,108.9395,0
109.599,109.179,108.79,0.0,109.1374,109.0103,1
109.599,109.599,109.179,0.001751840801467175,109.3916,109.0963,1
109.791,109.599,109.599,0.00040986966144762604,109.6008,109.18799999999999,1
109.836,109.791,109.599,0.004270002549255247,109.826,109.32660000000001,1
110.305,109.836,109.791,0.004034268618829495,110.05619999999999,109.5145,0
110.75,110.305,109.836,-0.0012370203160271265,110.25899999999999,109.6982,1
110.613,110.75,110.305,0.0006961207091391586,110.43879999999999,109.9152,0
110.69,110.613,110.75,0.0,110.6096,110.1052,0
110.69,110.69,110.613,-0.00011744511699329774,110.68400000000001,110.255,0
110.677,110.69,110.69,-0.004373085645617558,110.57260000000001,110.3144,0
110.193,110.677,110.69,-0.0036299946457578613,110.4086,110.3338,1
109.793,110.193,110.677,0.0005373748781798415,110.24100000000001,110.33989999999999,0
109.852,109.793,110.193,-0.0047518479408659164,109.96900000000001,110.2893,1
109.33,109.852,109.793,0.0030092380865271995,109.7654,110.22470000000001,0
109.659,109.33,109.852,-8.207260689951923e-05,109.65680000000002,110.1147,1
109.65,109.659,109.33,0.00040127678978563175,109.63700000000001,110.0228,0
109.694,109.65,109.659,-0.002917206045909615,109.5414,109.8912,0
109.374,109.694,109.65,-0.004114323330956071,109.46020000000001,109.71459999999999,0
108.924,109.374,109.694,-0.00027542139473391014,109.30720000000001,109.53630000000001,0
108.894,108.924,109.374,-0.0018825646959429454,109.11500000000001,109.38589999999999,1
108.689,108.894,108.924,0.0009108557443715526,108.93379999999999,109.28540000000001,0
108.788,108.689,108.894,-0.00016545942567192107,108.81300000000002,109.1772,0
108.77,108.788,108.689,-0.0004688792865680247,108.772,109.1161,0
108.719,108.77,108.788,-0.005711973068184939,108.6128,108.96,1
108.098,108.719,108.77,0.0003237802734554762,108.50160000000001,108.8083,0
108.133,108.098,108.719,-0.00086929984371098,108.3518,108.64280000000001,0
108.039,108.133,108.098,-0.0005646109275354583,108.1934,108.50319999999999,0
107.978,108.039,108.133,-0.0010928152030968974,108.02159999999999,108.39680000000001,1
107.86,107.978,108.039,0.0002781383274614857,107.97999999999999,108.29639999999999,0
107.89,107.86,107.978,-0.00014829919362313593,107.92819999999999,108.21489999999999,1
107.874,107.89,107.86,0.003040584385486822,107.96079999999999,108.15629999999999,1
108.202,107.874,107.89,0.005064601393689694,108.1152,108.15429999999999,0
108.75,108.202,107.874,-0.0022528735632184604,108.2442,108.13289999999999,1
108.505,108.75,108.202,0.0036772498963182354,108.447,108.2135,1
108.904,108.505,108.75,0.0024517005803277314,108.70639999999999,108.3173,1
109.171,108.904,108.505,0.0003663976697108051,108.9082,108.4345,1
109.211,109.171,108.904,0.0006592742489310854,109.0148,108.56499999999998,0
109.283,109.211,109.171,-0.0017935085969454923,109.13119999999999,108.68769999999999,1
109.087,109.283,109.211,0.002218412826459515,109.2162,108.83160000000001,0
109.329,109.087,109.283,-0.0010061374383740773,109.2258,108.96610000000001,0
109.219,109.329,109.087,-0.0015473498200861968,109.19359999999999,109.0509,0
109.05,109.219,109.329,-0.00426409903713898,109.054,109.0344,0
108.585,109.05,109.219,-0.0001381406271584451,108.95059999999998,109.04090000000001,1
108.57,108.585,109.05,1.842129501716805e-05,108.7992,109.0077,1
108.572,108.57,108.585,0.0025052499723685617,108.7242,108.975,0
108.844,108.572,108.57,-0.001185182462974499,108.65720000000002,108.9254,1
108.715,108.844,108.572,0.008729246194177476,108.873,108.9635,0
109.664,108.715,108.844,-0.001349576889407622,109.0622,109.00639999999999,0
109.516,109.664,108.715,-0.0015157602542095194,109.21780000000001,109.0085,0
109.35,109.516,109.664,0.0,109.319,109.02159999999999,1
109.35,109.35,109.516,0.0005669867398263584,109.45840000000001,109.0578,0
109.412,109.35,109.35,-0.0015537600994406375,109.374,109.12349999999999,0
109.242,109.412,109.35,-0.0034235916588858384,109.2444,109.15330000000002,1
108.868,109.242,109.412,0.003720101407208798,109.229,109.2234,0
109.273,108.868,109.242,-0.003779524676727042,109.131,109.225,1
108.86,109.273,108.868,0.00027558331802324254,109.02659999999999,109.24249999999999,0
108.89,108.86,109.273,0.0,108.9562,109.16509999999998,1
108.89,108.89,108.86,0.00026632381302227337,108.9664,109.1054,0
108.919,108.89,108.89,-0.0006243171531137293,108.88199999999999,109.05550000000001,0
108.851,108.919,108.89,-0.000450156636135568,108.87039999999999,109.00070000000001,1
108.802,108.851,108.919,0.0033822907667138136,108.92639999999999,108.97650000000002,1
109.17,108.802,108.851,0.005853256389117822,109.1102,109.0332,1
109.809,109.17,108.802,0.00027320165013788866,109.2942,109.1303,0
109.839,109.809,109.17,0.0,109.49180000000001,109.1869,1
109.839,109.839,109.809,0.0006190879377998559,109.71279999999999,109.29159999999999,0
109.907,109.839,109.839,-0.0037668210396062385,109.77739999999999,109.3519,0
109.493,109.907,109.839,0.0,109.7142,109.41220000000001,1
109.493,109.493,109.907,0.0009315664015050462,109.6654,109.4798,1
109.595,109.493,109.493,0.0061225420867740965,109.7508,109.62129999999999,0
110.266,109.595,109.493,-0.006765458074111774,109.67339999999999,109.6931,0
109.52,110.266,109.595,0.0,109.6788,109.7281,1
109.52,109.52,110.266,0.0008856829802776911,109.70360000000001,109.7089,0
109.617,109.52,109.52,-0.003129076694308397,109.6394,109.65239999999999,1
109.274,109.617,109.52,0.0017845050057652134,109.47999999999999,109.6154,1
109.469,109.274,109.617,0.001288035882304639,109.498,109.5857,0
109.61,109.469,109.274,-0.0018337742906668897,109.4758,109.5773,1
109.409,109.61,109.469,0.0021661837691597796,109.4816,109.59259999999999,0
109.646,109.409,109.61,0.0,109.556,109.5977,1
109.646,109.646,109.409,0.0005745763639348755,109.604,109.542,1
109.709,109.646,109.646,0.0030261874595520766,109.6902,109.5941,1
110.041,109.709,109.646,0.00039076344271693486,109.8252,109.6505,1
110.084,110.041,109.709,0.00623160495621522,110.05,109.76579999999998,0
110.77,110.084,110.041,-0.004017333212963714,110.18580000000001,109.8709,0
110.325,110.77,110.084,-0.0009517335146159711,110.28799999999998,109.946,0
110.22,110.325,110.77,0.0,110.3238,110.00700000000002,0
110.22,110.22,110.325,-0.000172382507711899,110.3472,110.08619999999999,1
110.201,110.22,110.22,0.0015698587127159769,110.26799999999999,110.15899999999999,1
110.374,110.201,110.22,0.0025368293257470587,110.3338,110.2598,1
110.654,110.374,110.201,0.003235310065609953,110.4922,110.39009999999999,0
111.012,110.654,110.374,-0.0008197312002306001,110.6324,110.4781,0
110.921,111.012,110.654,-0.0014514834882484173,110.7442,110.54569999999998,0
110.76,110.921,111.012,0.0,110.8214,110.54469999999999,1
110.76,110.76,110.921,0.0005597688696279413,110.85499999999999,110.5944,0
110.822,110.76,110.76,-0.001976141921279262,110.7732,110.6327,0
110.603,110.822,110.76,-0.0006148115331410242,110.696,110.66420000000001,1
110.535,110.603,110.822,0.0053286289410594545,110.76880000000001,110.7565,1
111.124,110.535,110.603,0.004031532342248401,110.93119999999999,110.87629999999999,0
111.572,111.124,110.535,-0.004974366328469593,110.9702,110.9126,1
111.017,111.572,111.124,2.7022888386518673e-05,111.0536,110.9134,1
111.02,111.017,111.572,0.0010358493965052507,111.1736,110.9348,0
111.135,111.02,111.017,-0.00197057632608999,111.13199999999999,110.95039999999999,0
110.916,111.135,111.02,-0.002830971185401543,110.93799999999999,110.9346,1
110.602,110.916,111.135,0.00029836711813535644,110.8616,110.9159,0
110.635,110.602,110.916,-0.007538301622452281,110.61779999999999,110.8357,1
109.801,110.635,110.602,0.0024498866130544528,110.4048,110.78919999999998,1
110.07,109.801,110.635,0.00018170255292093707,110.2396,110.6858,1
110.09,110.07,109.801,0.0011354346443819274,110.16220000000001,110.5501,1
110.215,110.09,110.07,0.00099804926734115,110.1002,110.48089999999999,1
110.325,110.215,110.09,0.002447314751869545,110.25899999999999,110.4384,0
110.595,110.325,110.215,-0.00552466205524671,110.24180000000001,110.32329999999999,0
109.984,110.595,110.325,-0.0018729997090485284,110.17939999999999,110.2095,1
109.778,109.984,110.595,0.0027054601104046228,110.15140000000001,110.1568,0
110.075,109.778,109.984,-0.0004088121735180694,110.0924,110.0963,0
110.03,110.075,109.778,-0.0014177951467782002,109.9482,110.1036,0
109.874,110.03,110.075,-0.003094453646904527,109.85820000000001,110.05,1
109.534,109.874,110.03,0.0035240199390143,109.8866,110.03299999999999,1
109.92,109.534,109.874,0.003047671033478805,109.92260000000002,110.037,0
110.255,109.92,109.534,-0.001043036596979685,109.94460000000001,110.01849999999999,1
110.14,110.255,109.92,0.003132376974759321,110.06680000000001,110.00750000000001,1
110.485,110.14,110.255,0.00036204009594076325,110.26500000000001,110.0616,1
110.525,110.485,110.14,0.0001719068084142794,110.3898,110.13820000000001,0
110.544,110.525,110.485,-0.0021891735417570723,110.3992,110.1609,0
110.302,110.544,110.525,-0.004496745299269356,110.3324,110.1385,1
109.806,110.302,110.544,0.0007740924903922863,110.2136,110.14020000000001,0
109.891,109.806,110.302,-0.004386164472067744,109.9904,110.1277,1
109.409,109.891,109.806,0.0023855441508466857,109.81559999999999,110.1027,0
109.67,109.409,109.891,0.0,109.6892,110.0442,1
109.67,109.67,109.409,0.00032825749977205554,109.6692,110.0008,0
109.706,109.67,109.67,-0.003983373744371299,109.54480000000001,109.87920000000001,0
109.269,109.706,109.67,-0.002544179959549475,109.4612,109.7258,1
108.991,109.269,109.706,0.004936187391619384,109.43300000000002,109.62429999999999,1
109.529,108.991,109.269,0.0020359904682778485,109.44940000000001,109.5693,1
109.752,109.529,108.991,0.004227713390188681,109.55139999999999,109.61030000000001,0
110.216,109.752,109.529,-0.00014516948537413032,109.7376,109.6412,1
110.2,110.216,109.752,0.0005353901996369981,109.9912,109.72619999999999,1
110.259,110.2,110.216,0.00042626905740128507,110.14659999999999,109.78980000000001,1
110.306,110.259,110.2,0.0026471814769821744,110.3158,109.8826,0
110.598,110.306,110.259,-0.0020253530805258713,110.3474,109.94940000000001,1
110.374,110.598,110.306,0.0002627430373096651,110.388,110.06280000000001,0
110.403,110.374,110.598,-0.007545084825593573,110.25019999999999,110.12069999999999,0
109.57,110.403,110.374,0.0,110.103,110.12480000000001,1
109.57,109.57,110.403,0.0004928356301907577,109.9082,110.112,0
109.624,109.57,109.57,-0.002982923447420238,109.69279999999999,110.0201,1
109.297,109.624,109.57,0.0021958516702198505,109.5196,109.9538,1
109.537,109.297,109.624,0.0027844472643945295,109.574,109.91210000000001,0
109.842,109.537,109.297,-0.0006736949436463302,109.61359999999999,109.85830000000001,1
109.768,109.842,109.537,1.8220246337685708e-05,109.6428,109.77550000000001,1
109.77,109.768,109.842,9.109957183195405e-05,109.7394,109.71610000000001,1
109.78,109.77,109.768,0.0005465476407360281,109.8,109.65979999999999,0
109.84,109.78,109.77,-0.0014748725418791686,109.7672,109.67060000000001,1
109.678,109.84,109.78,0.00047411513703754515,109.7596,109.6866,1
109.73,109.678,109.84,0.0022418663993437615,109.80080000000001,109.7218,1
109.976,109.73,109.678,0.000654688295628203,109.85440000000001,109.79690000000001,0
110.048,109.976,109.73,-0.0024898226228554643,109.8412,109.82060000000001,0
109.774,110.048,109.976,0.0,109.8604,109.81380000000001,1
109.774,109.774,110.048,0.0008289758959316718,109.8874,109.82350000000001,1
109.865,109.774,109.774,0.0007190643061940616,109.881,109.8409,1
109.944,109.865,109.774,0.0010187004293094049,109.8826,109.8685,1
110.056,109.944,109.865,0.0003634513338663936,109.947,109.89410000000001,0
110.096,110.056,109.944,-0.001371530300828483,109.98119999999999,109.92080000000001,0
109.945,110.096,110.056,-0.0023284369457455822,109.946,109.91669999999999,0
109.689,109.945,110.096,0.0,109.89499999999998,109.888,1
109.689,109.689,109.945,0.000683751333315108,109.8366,109.8596,1
109.764,109.689,109.689,0.0005101854888669433,109.78139999999999,109.86420000000001,1
109.82,109.764,109.689,0.004334365325077583,109.8516,109.9164,0
110.296,109.82,109.764,-0.0007071879306593809,109.9574,109.9517,0
110.218,110.296,109.82,-0.003964869622021805,109.9758,109.9354,1
109.781,110.218,110.296,0.000992885836346824,110.001,109.9188,0
109.89,109.781,110.218,0.0,110.01500000000001,109.8982,1
109.89,109.89,109.781,0.00022750022750028798,109.93879999999999,109.8952,1
109.915,109.89,109.89,0.0007187372060226682,109.894,109.9257,0
109.994,109.915,109.89,-0.0025001363710748237,109.8816,109.9287,0
109.719,109.994,109.915,-0.0030623684138572083,109.7802,109.89059999999999,1
109.383,109.719,109.994,0.00288893155243497,109.742,109.8785,1
109.699,109.383,109.719,0.00108478655229316,109.72259999999999,109.83070000000001,0
109.818,109.699,109.383,0.0,109.68739999999998,109.79070000000002,1
109.818,109.818,109.699,0.0013932142271759762,109.73780000000002,109.80969999999999,0
109.971,109.818,109.818,-0.004855825626756238,109.74859999999998,109.7644,0
109.437,109.971,109.818,-0.002631651086926645,109.6386,109.69030000000001,1
109.149,109.437,109.971,0.006165883333791422,109.6394,109.681,1
109.822,109.149,109.437,0.0045892444136874655,109.74100000000001,109.7142,1
110.326,109.822,109.149,0.003779707412577382,109.8954,109.8166,1
110.743,110.326,109.822,0.0001896282383537784,110.1608,109.9547,1
110.764,110.743,110.326,0.0018056408219278008,110.52379999999998,110.0812,1
110.964,110.764,110.743,0.005082729533902874,110.86499999999998,110.25219999999999,1
111.528,110.964,110.764,0.0036582741553690123,111.18700000000001,110.46400000000001,0
111.936,111.528,110.964,-0.004243496283590664,111.3306,110.61300000000001,0
111.461,111.936,111.528,-0.003768134145575641,111.38600000000001,110.7734,0
111.041,111.461,111.936,0.0,111.40140000000001,110.9626,0
111.041,111.041,111.461,-0.0008465341630568002,111.28519999999999,111.07509999999999,1
110.947,111.041,111.041,0.00018927956591885398,111.0916,111.1393,1
110.968,110.947,111.041,0.004677024006920938,111.0968,111.21369999999999,0
111.487,110.968,110.947,-0.0006637545184640103,111.1712,111.27860000000001,1
111.413,111.487,110.968,0.0022349277014352964,111.2954,111.34840000000001,1
111.662,111.413,111.487,0.0051584245311744326,111.5536,111.4194,0
112.238,111.662,111.413,-0.00042766264544991106,111.798,111.44480000000001,1
112.19,112.238,111.662,0.000713076031731763,111.9546,111.5257,1
112.27,112.19,112.238,0.009958136634898196,112.34960000000001,111.7604,1
113.388,112.27,112.19,0.001155325078491476,112.721,112.00820000000002,0
113.519,113.388,112.27,-0.0019203833719465546,112.9336,112.24359999999999,1
113.301,113.519,113.388,0.0047042832808184,113.2624,112.53020000000001,1
113.834,113.301,113.519,0.003724721963560995,113.66,112.80729999999998,0
114.258,113.834,113.301,0.0,113.83400000000002,113.09179999999999,1
114.258,114.258,113.834,0.0005776400777188773,113.995,113.35799999999999,0
114.324,114.258,114.258,-0.00034113571953398036,114.19179999999999,113.56269999999999,1
114.285,114.324,114.258,0.0022575141094631768,114.3336,113.798,0
114.543,114.285,114.324,-0.001344473254585754,114.35979999999999,114.00990000000002,0
114.389,114.543,114.285,-0.004711991537647897,114.2782,114.05609999999999,0
113.85,114.389,114.543,-0.005393061045234848,114.0606,114.02779999999998,1
113.236,113.85,114.389,0.0008831113780070066,113.8708,114.03129999999999,1
113.336,113.236,113.85,0.0028940495517753018,113.69500000000001,114.01429999999998,1
113.664,113.336,113.236,0.0008885838963963444,113.5702,113.965,1
113.765,113.664,113.336,0.003718191007779259,113.6378,113.95800000000001,0
114.188,113.765,113.664,-0.00360808491260034,113.7458,113.9032,0
113.776,114.188,113.765,-0.0014062719729995843,113.8018,113.83629999999998,1
113.616,113.776,114.188,0.0019275454161384875,113.83599999999998,113.7655,0
113.835,113.616,113.776,0.0,113.85,113.71009999999998,1
113.835,113.835,113.616,0.003522642421048161,113.8596,113.74870000000001,0
114.236,113.835,113.835,-0.001243040722714417,113.9232,113.8345,0
114.094,114.236,113.835,-0.001156940768138437,113.9924,113.8971,1
113.962,114.094,114.236,0.0009476843158244819,114.0394,113.93770000000002,0
114.07,113.962,114.094,-0.002042605417725829,114.03979999999999,113.9449,0
113.837,114.07,113.962,-0.0037509772745241143,113.87460000000002,113.86709999999998,0
113.41,113.837,114.07,0.0,113.7378,113.8305,1
113.41,113.41,113.837,0.0005731416982628357,113.6404,113.8164,0
113.475,113.41,113.41,-0.0019475655430710725,113.4772,113.7583,0
113.254,113.475,113.41,-0.0030197608914475094,113.29220000000001,113.66600000000001,1
112.912,113.254,113.475,0.008794459402012178,113.3912,113.63289999999999,1
113.905,112.912,113.254,0.0012115359290636452,113.51780000000001,113.62780000000001,0
114.043,113.905,112.912,-0.001876485185412613,113.5886,113.61449999999999,1
113.829,114.043,113.905,0.0008785107485791421,113.72359999999999,113.6004,1
113.929,113.829,114.043,0.0004564246153304641,113.9374,113.61480000000002,1
113.981,113.929,113.829,0.0013247822005422183,113.9828,113.68699999999998,1
114.132,113.981,113.929,0.006764097711421835,114.155,113.8364,0
114.904,114.132,113.981,-0.006213882893545852,114.2272,113.90790000000001,1
114.19,114.904,114.132,0.0008056747526052899,114.29780000000001,114.0107,0
114.282,114.19,114.904,-0.0046289004392642275,114.25219999999999,114.09479999999999,0
113.753,114.282,114.19,0.0,114.17639999999999,114.07959999999999,1
113.753,113.753,114.282,0.003384526122387932,114.0232,114.0891,1
114.138,113.753,113.753,0.0057123832553576115,114.14320000000001,114.18520000000001,1
114.79,114.138,113.753,0.003057757644394199,114.31500000000001,114.30640000000001,1
115.141,114.79,114.138,0.002318895962341694,114.646,114.4491,0
115.408,115.141,114.79,-0.00293740468598358,114.90920000000001,114.54279999999999,0
115.069,115.408,115.141,-0.014938862769295014,114.75160000000001,114.3874,1
113.35,115.069,115.408,0.0033083370092632514,114.5386,114.3409,1
113.725,113.35,115.069,0.0006946581666300577,114.2712,114.29310000000001,0
113.804,113.725,113.35,-0.004437453868053831,113.84939999999999,114.24770000000001,0
113.299,113.804,113.725,-0.003680526747808943,113.412,114.16060000000002,1
112.882,113.299,113.804,0.001240233163834814,113.34639999999999,114.049,0
113.022,112.882,113.299,-0.002026154200067243,113.16000000000001,113.8493,0
112.793,113.022,112.882,-2.659739522847815e-05,112.95720000000001,113.61420000000001,1
112.79,112.793,113.022,0.0022342406241686597,112.9058,113.3776,1
113.042,112.79,112.793,0.0036800481237062588,113.021,113.2165,1
113.458,113.042,112.79,0.0005905268910082473,113.12159999999999,113.23400000000001,1
113.525,113.458,113.042,0.0014005725611099251,113.2998,113.2299,0
113.684,113.525,113.458,-0.0020759297702404034,113.43140000000001,113.1943,0
113.448,113.684,113.525,-0.0006875396657498589,113.497,113.20139999999999,1
113.37,113.448,113.684,8.820675663745448e-05,113.48140000000001,113.2512,1
113.38,113.37,113.448,0.001067207620391697,113.4766,113.2991,1
113.501,113.38,113.37,0.0006695976246904323,113.45520000000002,113.37750000000001,1
113.577,113.501,113.38,0.0014615635207833044,113.5142,113.4728,1
113.743,113.577,113.501,0.0034551576800330164,113.6674,113.58219999999999,0
114.136,113.743,113.577,-0.004144178874325388,113.724,113.6027,1
113.663,114.136,113.743,0.00037831132382581956,113.76500000000001,113.6208,0
113.706,113.663,114.136,-5.276766397555033e-05,113.7896,113.6224,0
113.7,113.706,113.663,-0.0016007036059806357,113.74459999999999,113.62939999999999,1
113.518,113.7,113.706,0.001268521291777569,113.6498,113.6586,1
113.662,113.518,113.7,0.0029209410357022847,113.71600000000001,113.72,1
113.994,113.662,113.518,0.0011140937242311022,113.799,113.782,1
114.121,113.994,113.662,0.0029530060199263186,113.95060000000001,113.87010000000001,0
114.458,114.121,113.994,-0.0005067360953362465,114.127,113.93580000000001,0
114.4,114.458,114.121,0.0,114.2746,113.96220000000001,0
114.4,114.4,114.458,-0.0005856643356644264,114.3424,114.02920000000002,1
114.333,114.4,114.4,0.004014588963816346,114.4766,114.1378,0
114.792,114.333,114.4,-0.0001655167607499397,114.53960000000002,114.24510000000001,1
114.773,114.792,114.333,0.0015247488520819807,114.6492,114.38810000000001,1
114.948,114.773,114.792,0.0010004523784667985,114.7818,114.52820000000001,1
115.063,114.948,114.773,0.00034763564308248895,114.9358,114.63909999999998,0
115.103,115.063,114.948,0.0,114.998,114.7373,1
115.103,115.103,115.063,0.0003388269636759311,115.07179999999998,114.8057,1
115.142,115.103,115.103,0.0016153966406697862,115.1478,114.89850000000001,1
115.328,115.142,115.103,0.0073355993340733505,115.37,115.0759,0
116.174,115.328,115.142,-0.0003959577874568243,115.575,115.25539999999998,0
116.128,116.174,115.328,-0.0022647423532654587,115.72739999999999,115.36269999999999,0
115.865,116.128,116.174,-0.002908557372804488,115.80460000000001,115.43819999999998,0
115.528,115.865,116.128,-0.00015580638459944396,115.84100000000001,115.4944,1
115.51,115.528,115.865,0.0009349839840706586,115.7298,115.54989999999998,0
115.618,115.51,115.528,-0.002940718573232415,115.5598,115.56739999999999,1
115.278,115.618,115.51,0.00045975814986376484,115.453,115.59020000000001,0
115.331,115.278,115.618,-0.005687976346342327,115.28240000000001,115.5435,0
114.675,115.331,115.278,-0.0048572051449748965,115.00399999999999,115.42249999999999,1
114.118,114.675,115.331,0.0008938116686236786,114.72439999999999,115.2271,0
114.22,114.118,114.675,0.0,114.5128,115.03630000000001,1
114.22,114.22,114.118,0.0007529329364384107,114.3078,114.88040000000001,1
114.306,114.22,114.22,0.002318338494917249,114.28699999999999,114.7847,0
114.571,114.306,114.22,-0.00014837960740499145,114.3742,114.68910000000001,0
114.554,114.571,114.306,-0.001807008048606007,114.39959999999999,114.56200000000001,0
114.347,114.554,114.571,-0.003095839855877247,114.35419999999999,114.43350000000001,0
113.993,114.347,114.554,-0.0029475494109286737,114.22439999999999,114.26610000000001,0
113.657,113.993,114.347,0.0,114.04159999999999,114.1643,1
113.657,113.657,113.993,0.0011261954829002718,113.8878,114.131,1
113.785,113.657,113.657,0.001986202047721486,113.82059999999998,114.11010000000002,0
114.011,113.785,113.657,-0.0011928673549043145,113.797,114.07560000000001,1
113.875,114.011,113.785,0.007429198682766147,114.0098,114.11710000000001,1
114.721,113.875,114.011,0.005500300729596175,114.34880000000001,114.1952,0
115.352,114.721,113.875,-0.0013177058048408075,114.6318,114.2598,0
115.2,115.352,114.721,0.0,114.86960000000002,114.3451,1
115.2,115.2,115.352,0.0005381944444444731,115.147,114.47200000000001,0
115.262,115.2,115.2,-0.0012232999600909622,115.227,114.61840000000002,0
115.121,115.262,115.2,-0.0033443072940644303,115.1038,114.7263,0
114.736,115.121,115.262,-0.0030853437456421773,114.9402,114.78600000000002,1
114.382,114.736,115.121,0.005027014740081492,114.8916,114.88059999999999,1
114.957,114.382,114.736,0.0022008229163947846,114.88119999999999,115.01409999999998,0
115.21,114.957,114.382,0.0,114.899,115.06299999999999,1
115.21,115.21,114.957,0.00012151722940734189,114.99659999999999,115.05019999999999,0
115.224,115.21,115.21,-0.00139727834478931,115.1328,115.0365,1
115.063,115.224,115.21,0.004067337024065143,115.24759999999999,115.0696,1
115.531,115.063,115.224,0.0006145536695778553,115.326,115.1036,1
115.602,115.531,115.063,0.0038494143699936423,115.4934,115.1962,0
116.047,115.602,115.531,-0.009022206519772147,115.44859999999998,115.22260000000001,1
115.0,116.047,115.602,0.005739130434782469,115.56800000000001,115.3504,0
115.66,115.0,116.047,-0.0006570983918381401,115.57860000000001,115.41310000000001,0
115.584,115.66,115.0,-0.00041528239202659467,115.5654,115.44570000000002,1
115.536,115.584,115.66,0.0008568757789779724,115.48299999999999,115.4882,0
115.635,115.536,115.584,-0.002144679379080805,115.5604,115.50450000000001,0
115.387,115.635,115.536,-0.004515240018373001,115.4016,115.48479999999999,1
114.866,115.387,115.635,0.0009402260024724551,115.2796,115.42910000000002,0
114.974,114.866,115.387,0.0,115.16720000000001,115.3663,0
114.974,114.974,114.866,-0.00011306904169638976,115.03240000000001,115.2577,0
114.961,114.974,114.974,-0.003061907951392273,114.8768,115.2186,1
114.609,114.961,114.974,0.004249229990664016,114.92280000000001,115.16220000000001,0
115.096,114.609,114.961,-0.0017203030513658346,114.9076,115.0936,1
114.898,115.096,114.609,0.005857369144806723,115.027,115.0971,0
115.571,114.898,115.096,-0.00034610758754349824,115.141,115.0867,0
115.531,115.571,114.898,-8.655685487024556e-06,115.3252,115.101,1
115.53,115.531,115.571,0.0004760668224703668,115.423,115.1729,0
115.585,115.53,115.531,-0.004386382316044379,115.45899999999999,115.1833,0
115.078,115.585,115.53,-0.0021289907714767686,115.3114,115.1692,1
114.833,115.078,115.585,0.0059738925221843875,115.30900000000001,115.225,0
115.519,114.833,115.078,-0.000389546308399491,115.29780000000001,115.3115,0
115.474,115.519,114.833,-0.0058368117498311944,115.14079999999998,115.2819,0
114.8,115.474,115.519,0.0,115.08520000000001,115.2721,1
114.8,114.8,115.474,0.0013066202090592505,115.1086,115.21,1
114.95,114.8,114.8,0.003679860809047364,115.0794,115.1942,1
115.373,114.95,114.8,0.00302497118043199,115.12899999999999,115.21340000000001,1
115.722,115.373,114.95,0.0016159416532726123,115.3508,115.2458,1
115.909,115.722,115.373,0.002329413591696916,115.62660000000001,115.35589999999999,1
116.179,115.909,115.722,0.009984592740512443,116.10440000000001,115.60650000000001,0
117.339,116.179,115.909,0.0,116.4976,115.7885,1
117.339,117.339,116.179,0.0016192399798873325,116.85900000000001,115.994,1
117.529,117.339,117.339,0.005862382901241414,117.3208,116.33580000000002,1
118.218,117.529,117.339,0.0006259622054169967,117.7434,116.68500000000002,1
118.292,118.218,117.529,0.004886213776079451,118.04960000000001,117.077,0
118.87,118.292,118.218,-0.0032304197863212147,118.279,117.3883,1
118.486,118.87,118.292,0.0060935469169352,118.61480000000002,117.73690000000002,0
119.208,118.486,118.87,0.0,118.8128,118.06679999999999,1
119.208,119.208,118.486,0.0004613784309779323,119.00699999999999,118.37520000000002,1
119.263,119.208,119.208,0.0027753787847026867,119.15180000000001,118.60069999999999,1
119.594,119.263,119.208,0.014599394618459272,119.72259999999999,119.0008,0
121.34,119.594,119.263,-0.001755398055051982,120.10640000000001,119.3606,1
121.127,121.34,119.594,0.010063817315709933,120.734,119.7734,0
122.346,121.127,121.34,-0.002255897209553326,121.2954,120.15119999999999,1
122.07,122.346,121.127,8.192020971575786e-05,121.7926,120.4722,1
122.08,122.07,122.346,0.0015563564875491487,121.9786,120.85059999999999,1
122.27,122.08,122.07,0.011368283307434446,122.4852,121.29579999999999,0
123.66,122.27,122.08,-0.004326378780527218,122.641,121.6875,0
123.125,123.66,122.27,-0.008966497461928902,122.63119999999999,121.96329999999998,0
122.021,123.125,123.66,-0.002171757320461265,122.5664,122.1795,1
121.756,122.021,123.125,0.004977167449653264,122.5848,122.2817,1
122.362,121.756,122.021,0.00032689887383341443,122.3332,122.40919999999998,1
122.402,122.362,121.756,0.0016993186385843018,122.23020000000001,122.4356,1
122.61,122.402,122.362,0.0016230323790882295,122.3878,122.5095,1
122.809,122.61,122.402,0.006896888664511547,122.7678,122.6671,1
123.656,122.809,122.61,0.0005418257100342494,123.04,122.81239999999998,1
123.723,123.656,122.809,0.003014799188509887,123.3788,122.856,1
124.096,123.723,123.656,0.0015230144404332346,123.71379999999999,122.97200000000001,0
124.285,124.096,123.723,0.0,124.00899999999999,123.19840000000002,1
124.285,124.285,124.096,0.0008046023253007739,124.1548,123.46130000000001,1
124.385,124.285,124.285,0.00873899585962934,124.50460000000001,123.7723,0
125.472,124.385,124.285,-0.00044631471563372216,124.76860000000002,124.0737,0
125.416,125.472,124.385,-0.00031096510812023137,124.987,124.3504,1
125.377,125.416,125.472,0.006396707530089252,125.36580000000001,124.6874,1
126.179,125.377,125.416,0.0018307325307698186,125.77079999999998,124.96279999999999,0
126.41,126.179,125.377,0.0,125.95840000000001,125.23150000000001,1
126.41,126.41,126.179,0.0016454394430820418,126.1988,125.4837,1
126.618,126.41,126.41,0.003790930199497833,126.54299999999998,125.76500000000001,1
127.098,126.618,126.41,0.017584855780578668,127.1738,126.26979999999999,0
129.333,127.098,126.618,-0.010206211871680027,127.4944,126.6326,1
128.013,129.333,127.098,0.003085624116300645,127.894,126.9262,0
128.408,128.013,129.333,-0.0009890349510932595,128.2266,127.2127,1
128.281,128.408,128.013,0.0003118154676062801,128.4712,127.5071,1
128.321,128.281,128.408,0.0022131997101020318,128.3256,127.74969999999999,0
128.605,128.321,128.281,-0.00669491854904547,128.27179999999998,127.88310000000001,0
127.744,128.605,128.321,-0.0037418587174348206,128.0434,127.96869999999998,1
127.266,127.744,128.605,0.008863325632926244,128.066,128.14630000000002,1
128.394,127.266,127.744,0.01882486720563259,128.56400000000002,128.51760000000002,0
130.811,128.394,127.266,-0.008630772641444628,128.77939999999998,128.5525,0
129.682,130.811,128.394,0.0,129.167,128.7194,1
129.682,129.682,130.811,0.002536975062074953,129.71599999999998,128.8797,1
130.011,129.682,129.682,0.0007768573428401648,130.0596,129.06279999999998,1
130.112,130.011,129.682,3.074274471237537e-05,129.92059999999998,129.24229999999997,0
130.116,130.112,130.011,-0.006863106766270111,129.8288,129.3041,1
129.223,130.116,130.112,0.008566586443589763,129.9584,129.5627,1
130.33,129.223,130.116,0.0010204864574541173,130.04879999999997,129.88240000000002,0
130.463,130.33,129.223,0.0,130.119,130.08929999999998,1
130.463,130.463,130.33,0.002192192422372674,130.24560000000002,130.0831,0
130.749,130.463,130.463,-0.0028451460431818676,130.4764,130.15259999999998,0
130.377,130.749,130.463,-0.00019942167713637993,130.4806,130.21949999999998,0
130.351,130.377,130.749,-0.003958542703930035,130.35500000000002,130.2019,0
129.835,130.351,130.377,-0.009604498016713592,129.98,130.04950000000002,1
128.588,129.835,130.351,0.005148225339845158,129.6802,129.9629,0
129.25,128.588,129.835,0.0,129.4548,129.9656,1
129.25,129.25,128.588,0.0014081237911023337,129.27100000000002,129.8758,0
129.432,129.25,129.25,-0.003932566907719814,129.08859999999999,129.7218,1
128.923,129.432,129.25,0.004118737541012996,129.2618,129.6209,0
129.454,128.923,129.432,-0.011896117539821116,128.9946,129.3374,0
127.914,129.454,128.923,-0.0006410557093047276,128.71099999999998,129.0829,1
127.832,127.914,129.454,0.0006884035296326196,128.4086,128.8398,0
127.92,127.832,127.914,0.0,128.208,128.6483,0
127.92,127.92,127.832,-0.0001328955597248438,127.8978,128.5798,0
127.903,127.92,127.92,-0.0004456502193068701,127.8842,128.4394,0
127.846,127.903,127.92,-0.008424197863053928,127.67159999999998,128.1913,1
126.769,127.846,127.903,0.0030212433639138503,127.518,127.9633,0
127.152,126.769,127.846,-0.0008415125204479512,127.343,127.77550000000001,1
127.045,127.152,126.769,0.00027549293557393995,127.17840000000001,127.53810000000001,0
127.08,127.045,127.152,0.0,127.0252,127.4547,1
127.08,127.08,127.045,0.0016131570664148498,127.12840000000001,127.4,1
127.285,127.08,127.08,0.003920336253290024,127.2548,127.38640000000001,1
127.784,127.285,127.08,0.0074500719964940565,127.59299999999999,127.468,1
128.736,127.784,127.285,0.01076621923937382,128.2014,127.6899,0
130.122,128.736,127.784,-0.0015677594872505196,128.769,127.8971,1
129.918,130.122,128.736,0.006919749380378315,129.47539999999998,128.3019,1
130.817,129.918,130.122,9.937546343374848e-05,130.0846,128.66969999999998,0
130.83,130.817,129.918,-0.0009401513414355467,130.4788,129.03590000000003,1
130.707,130.83,130.817,0.011238877795374247,130.8896,129.5455,1
132.176,130.707,130.83,0.005076564580559495,131.47539999999998,130.1222,1
132.847,132.176,130.707,0.011915963476781588,132.198,130.8367,0
134.43,132.847,132.176,-8.92657888864612e-05,132.91559999999998,131.50010000000003,0
134.418,134.43,132.847,-0.0003570950319153887,133.6482,132.0635,1
134.37,134.418,134.43,0.00022326412145567964,134.09300000000002,132.4913,1
134.4,134.37,134.418,0.0030803571428570375,134.4864,132.9809,0
134.814,134.4,134.37,-0.004368982449893921,134.4454,133.32170000000002,1
134.225,134.814,134.4,0.007964239150680008,134.6206,133.7681,0
135.294,134.225,134.814,-0.008714355403787288,134.56959999999998,134.1089,0
134.115,135.294,134.225,-0.012630951049472539,134.17379999999997,134.1334,1
132.421,134.115,135.294,0.019060420930214983,134.2,134.3432,1
134.945,132.421,134.115,7.410426470055853e-05,134.346,134.3957,1
134.955,134.945,132.421,0.002378570634655963,134.3424,134.4815,0
135.276,134.955,134.945,-0.0013971436174933238,134.5368,134.5532,1
135.087,135.276,134.955,0.008749916720335982,135.3064,134.74009999999998,0
136.269,135.087,135.276,-0.001797914419273683,135.5222,134.86110000000002,0
136.024,136.269,135.087,-0.008704346291830811,135.4992,134.9226,1
134.84,136.024,136.269,0.0023805992287155853,135.4762,134.9093,0
135.161,134.84,136.024,0.0,135.491,135.0139,0
135.161,135.161,134.84,-0.0007324598071928312,135.24960000000002,135.278,1
135.062,135.161,135.161,0.0027616946291331157,135.13180000000003,135.327,1
135.435,135.062,135.161,0.004518772843061125,135.3732,135.43619999999999,1
136.047,135.435,135.062,0.003983917322689878,135.65879999999999,135.56750000000002,0
136.589,136.047,135.435,-0.005878950720775489,135.78379999999999,135.6374,0
135.786,136.589,136.047,-0.005199357813029271,135.7874,135.51850000000002,0
135.08,135.786,136.589,0.0,135.7164,135.4241,0
135.08,135.08,135.786,-0.0002739117559964477,135.5156,135.44440000000003,1
135.043,135.08,135.08,0.005901823863510014,135.36579999999998,135.5123,0
135.84,135.043,135.08,-0.0023483510011780284,135.3128,135.54829999999998,1
135.521,135.84,135.043,0.003283623940201208,135.49,135.63870000000003,0
135.966,135.521,135.84,-0.0003898033331861672,135.6566,135.68650000000002,1
135.913,135.966,135.521,0.0013758801586307712,135.868,135.6918,0
136.1,135.913,135.966,-0.0002939015429830327,135.912,135.63889999999998,1
136.06,136.1,135.913,0.0017712773776275004,136.06799999999998,135.6904,1
136.301,136.06,136.1,0.007974996515065946,136.3524,135.9212,0
137.388,136.301,136.06,-0.0048184703176406,136.515,136.0858,1
136.726,137.388,136.301,0.006597135877594473,136.82059999999998,136.3443,1
137.628,136.726,137.388,0.009729124887377871,137.402,136.65699999999998,0
138.967,137.628,136.726,-0.004468686810537803,137.811,136.9395,1
138.346,138.967,137.628,0.0007228253798448048,138.0226,137.1875,0
138.446,138.346,138.967,-0.0009534403305260231,138.3402,137.42759999999998,0
138.314,138.446,138.346,-0.000614543719363092,138.4604,137.6405,0
138.229,138.314,138.446,-0.0002749061340240333,138.3052,137.8536,1
138.191,138.229,138.314,0.0014762176986924391,138.315,138.06300000000002,0
138.395,138.191,138.229,-0.009371725857147961,138.0454,138.034,0
137.098,138.395,138.191,-0.007425345373382575,137.5986,137.9694,0
136.08,137.098,138.395,0.0,137.1688,137.81459999999998,1
136.08,136.08,137.098,0.0017048794826572955,136.793,137.5491,1
136.312,136.08,136.08,0.0008729972416221532,136.40019999999998,137.3576,1
136.431,136.312,136.08,0.003950715013449901,136.37460000000002,137.20999999999998,0
136.97,136.431,136.312,-0.006271446302109962,136.3808,136.98970000000003,0
136.111,136.97,136.431,-0.012592663340949661,136.0442,136.6065,0
134.397,136.111,136.97,-0.008683229536373571,135.4278,136.1104,0
133.23,134.397,136.111,0.0,134.78759999999997,135.59390000000002,1
133.23,133.23,134.397,0.0013285296104481592,134.075,135.22480000000002,0
133.407,133.23,133.23,-0.013754900417519367,133.1672,134.774,1
131.572,133.407,133.23,0.013733925151247828,132.96359999999999,134.5039,1
133.379,131.572,133.407,0.00437100293149606,133.10999999999999,134.26889999999997,0
133.962,133.379,131.572,-0.010010301428763246,132.9882,133.8879,1
132.621,133.962,133.379,0.016467980184133646,133.2678,133.6714,1
134.805,132.621,133.962,0.0012981714328101912,133.9494,133.55829999999997,1
134.98,134.805,132.621,0.0005704548822047517,134.285,133.6243,0
135.057,134.98,134.805,-0.0016067290107139032,134.4606,133.7853,1
134.84,135.057,134.98,0.0025734203500444863,134.9738,133.981,0
135.187,134.84,135.057,-0.017435108405393973,134.5788,133.9233,1
132.83,135.187,134.84,0.0012346608446887064,134.1816,134.0655,1
132.994,132.83,135.187,0.003300900792516881,133.8568,134.0709,0
133.433,132.994,132.83,0.0,133.5754,134.018,0
133.433,133.433,132.994,-0.001086687700943445,133.19559999999998,134.0847,0
133.288,133.433,133.433,-0.0010878698757578187,133.2582,133.9185,1
133.143,133.288,133.433,0.008517158243392275,133.5148,133.8482,1
134.277,133.143,133.288,0.004967343625490672,133.817,133.8369,1
134.944,134.277,133.143,0.006306319658524906,134.2894,133.93239999999997,1
135.795,134.944,134.277,0.007820611951839362,135.0032,134.0994,1
136.857,135.795,134.944,0.00029227587920233056,135.754,134.5061,1
136.897,136.857,135.795,0.0010518857243038138,136.30679999999998,134.9108,1
137.041,136.897,136.857,0.0036850285680927186,136.8272,135.3221,0
137.546,137.041,136.897,-0.005910749858229147,137.01479999999998,135.6521,1
136.733,137.546,137.041,0.0025451061557926202,137.0596,136.0314,0
137.081,136.733,137.546,-0.003778787724046384,136.9928,136.3734,1
136.563,137.081,136.733,0.006788075833132012,137.0826,136.69469999999998,1
137.49,136.563,137.081,0.00043639537420903096,137.08339999999998,136.9553,1
137.55,137.49,136.563,0.004412940748818706,137.3682,137.1915,1
138.157,137.55,137.49,0.003177544387906517,137.6712,137.3654,1
138.596,138.157,137.55,0.0009956997315940797,138.1054,137.5491,1
138.734,138.596,138.157,0.004050917583288793,138.46660000000003,137.77460000000002,1
139.296,138.734,138.596,0.0056354812772800855,138.9728,138.0281,1
140.081,139.296,138.734,0.0008637859524132097,139.3818,138.375,0
140.202,140.081,139.296,0.0,139.703,138.68710000000002,1
140.202,140.202,140.081,0.0020327812727349848,140.05360000000002,139.0795,0
140.487,140.202,140.202,-0.0004057314911699583,140.2804,139.37349999999998,1
140.43,140.487,140.202,0.0193762016663106,140.8944,139.9336,1
143.151,140.43,140.487,0.006824961055109435,141.6796,140.5307,0
144.128,143.151,140.43,-0.001887211367673114,142.4104,141.0567,0
143.856,144.128,143.151,-0.009426092759426075,142.81300000000002,141.43329999999997,0
142.5,143.856,144.128,0.0,143.227,141.75369999999998,1
142.5,142.5,143.856,0.0006736842105263818,143.11599999999999,142.0052,0
142.596,142.5,142.5,-7.714101377309657e-05,142.8074,142.24349999999998,1
142.585,142.596,142.5,0.012757302661570158,142.917,142.6637,0
144.404,142.585,142.596,-0.01025594858868173,143.0016,142.90730000000002,1
142.923,144.404,142.585,0.003092574323237063,143.1746,143.20080000000002,0
143.365,142.923,144.404,-0.004736162940745636,143.1926,143.1543,1
142.686,143.365,142.923,0.0007008396058476585,143.2328,143.0201,0
142.786,142.686,143.365,-0.00014707324247487108,142.905,142.911,1
142.765,142.786,142.686,0.0032080692046372317,142.965,142.9833,1
143.223,142.765,142.786,0.0026462230228383454,143.0124,143.0935,1
143.602,143.223,142.765,0.004972075597832859,143.3384,143.26550000000003,0
144.316,143.602,143.223,-0.014107929820671328,143.2372,143.235,1
142.28,144.316,143.602,0.0069791959516445345,143.3388,143.1219,1
143.273,142.28,144.316,0.0006979682145273891,143.36880000000002,143.1669,1
143.373,143.273,142.28,0.0009625243246635939,143.3506,143.1815,1
143.511,143.373,143.273,0.006605765411710651,143.3792,143.3588,1
144.459,143.511,143.373,0.0016059920115742976,143.8614,143.5493,0
144.691,144.459,143.511,-0.002025005010677927,144.0864,143.7126,1
144.398,144.691,144.459,0.0002285350212607451,144.298,143.8334,1
144.431,144.398,144.691,0.0017517015045245277,144.5326,143.9416,0
144.684,144.431,144.398,0.0,144.5776,143.9784,1
144.684,144.684,144.431,0.0009123330845153266,144.6026,144.232,0
144.816,144.684,144.684,-0.0020508783559827215,144.6268,144.35660000000001,0
144.519,144.816,144.684,-0.005065077948228303,144.498,144.398,1
143.787,144.519,144.816,0.00460403235341178,144.45100000000002,144.4918,1
144.449,143.787,144.519,0.004084486566192647,144.52200000000002,144.5498,1
145.039,144.449,143.787,0.0023510917753155613,144.63479999999998,144.61870000000002,0
145.38,145.039,144.449,-0.00020635575732563805,144.801,144.7139,1
145.35,145.38,145.039,0.0009081527347780671,145.14000000000001,144.81900000000002,1
145.482,145.35,145.38,0.0013197508970181904,145.385,144.918,1
145.674,145.482,145.35,0.001345470022104056,145.5512,145.0366,1
145.87,145.674,145.482,0.00594364845410289,145.8226,145.2287,1
146.737,145.87,145.674,0.0037890920490402102,146.21120000000002,145.5061,1
147.293,146.737,145.87,0.010027631998805075,146.86880000000002,146.00439999999998,0
148.77,147.293,146.737,0.0,147.488,146.43649999999997,0
148.77,148.77,147.293,-0.0009276063722525318,148.0404,146.7958,1
148.632,148.77,148.77,0.0022808009042467603,148.4872,147.1549,1
148.971,148.632,148.77,0.001597626383658568,148.87040000000002,147.54080000000002,1
149.209,148.971,148.632,0.004101629258288719,149.0806,147.97469999999998,1
149.821,149.209,148.971,0.002369494263154026,149.36180000000002,148.4249,0
150.176,149.821,149.209,-0.016820264223311177,149.1654,148.6029,1
147.65,150.176,149.821,0.0002031832035218617,148.90720000000002,148.6972,1
147.68,147.65,150.176,0.0009412242686890337,148.6292,148.7498,1
147.819,147.68,147.65,0.007225052259858478,148.4424,148.7615,0
148.887,147.819,147.68,-0.0060918683296729,148.0032,148.68249999999998,0
147.98,148.887,147.819,-0.012474658737667288,147.7,148.4327,1
146.134,147.98,148.887,0.0009580248265290692,147.41879999999998,148.163,1
146.274,146.134,147.98,0.007902976605548506,147.34099999999998,147.9851,0
147.43,146.274,146.134,0.0,147.0496,147.746,1
147.43,147.43,146.274,0.0025910601641456754,147.01600000000002,147.5096,1
147.812,147.43,147.43,0.0062579492869319076,147.5366,147.6183,0
148.737,147.812,147.43,-0.005526533411323364,147.8648,147.6418,0
147.915,148.737,147.812,-0.00015549470979947522,147.9572,147.6491,1
147.892,147.915,148.737,0.003387607172801843,148.1498,147.5997,0
148.393,147.892,147.915,-0.012082780185049158,147.9074,147.4617,1
146.6,148.393,147.892,0.00013642564802185397,147.48399999999998,147.5103,1
146.62,146.6,148.393,0.0015072977765653306,147.2692,147.56699999999998,0
146.841,146.62,146.6,-0.0014777889009200962,147.0156,147.4864,0
146.624,146.841,146.62,-0.009064000436490693,146.396,147.2729,1
145.295,146.624,146.841,0.0062906500567812,146.3178,147.1126,0
146.209,145.295,146.624,-0.03060687098605419,145.3406,146.41230000000002,0
141.734,146.209,145.295,-0.02073602664145524,143.7314,145.5003,1
138.795,141.734,146.209,3.6024352462415976e-05,142.1666,144.5911,1
138.8,138.795,141.734,0.005425072046109314,141.0182,143.7071,1
139.553,138.8,138.795,0.004027143809162137,139.7994,143.0586,0
140.115,139.553,138.8,-0.008207543803304462,139.2456,142.2931,1
138.965,140.115,139.553,0.002568992192278685,139.351,141.5412,1
139.322,138.965,140.115,0.00782360287678907,139.67340000000002,140.92000000000002,0
140.412,139.322,138.965,-0.0005127766857533356,139.8308,140.4245,0
140.34,140.412,139.322,0.0,139.8758,139.8376,0
140.34,140.34,140.412,-0.0006199230440360193,140.1334,139.6895,1
140.253,140.34,140.34,0.013154798827832659,140.6886,140.01979999999998,0
142.098,140.253,140.34,-0.0066362651128095695,140.8372,140.25529999999998,0
141.155,142.098,140.253,-0.0132974389855125,140.6248,140.2278,0
139.278,141.155,142.098,-0.004846422263386718,140.2774,140.0766,1
138.603,139.278,141.155,0.003730077992539771,140.0508,140.09210000000002,0
139.12,138.603,139.278,0.0,139.45520000000002,140.0719,1
139.12,139.12,138.603,0.0018185738930418527,139.0988,139.96800000000002,0
139.373,139.12,139.12,-0.004692444017133868,138.98700000000002,139.8059,1
138.719,139.373,139.12,0.00018742926347514732,139.0154,139.6464,0
138.745,138.719,139.373,-0.009989549172943146,138.66320000000002,139.35700000000003,0
137.359,138.745,138.719,-0.01608194584992617,137.8692,138.6622,0
135.15,137.359,138.745,-0.0062153163152053326,136.85660000000001,137.9777,0
134.31,135.15,137.359,0.0,135.97480000000002,137.48090000000002,1
134.31,134.31,135.15,0.0012285012285011554,135.1208,137.06810000000002,1
134.475,134.31,134.31,0.01618888269195007,134.9794,136.8213,1
136.652,134.475,134.31,0.0017123788894417569,135.32659999999998,136.5979,0
136.886,136.652,134.475,-0.003689201233142869,135.74079999999998,136.2987,1
136.381,136.886,136.652,0.0017084491241448063,136.20159999999998,136.08819999999997,0
136.614,136.381,136.886,-0.0003952742764284922,136.6186,135.86970000000002,1
136.56,136.614,136.381,0.0001464557703574343,136.6042,135.79180000000002,1
136.58,136.56,136.614,0.0009664665397568495,136.5694,135.948,1
136.712,136.58,136.56,0.005793200304289314,136.79399999999998,136.2674,0
137.504,136.712,136.58,-0.0139632301605771,136.58800000000002,136.39479999999998,0
135.584,137.504,136.712,-0.0017406183620485294,136.3456,136.4821,1
135.348,135.584,137.504,0.017754233531341423,136.57979999999998,136.592,0
137.751,135.348,135.584,-0.007629708677251101,136.57739999999998,136.5734,0
136.7,137.751,135.348,0.0,136.41660000000002,136.6053,0
136.7,136.7,137.751,-0.0009656181419164245,136.6134,136.60070000000002,1
136.568,136.7,136.7,0.003126647530900195,136.9428,136.6442,0
136.995,136.568,136.7,-0.0372495346545495,135.771,136.1754,1
131.892,136.995,136.568,0.0036241773572316394,134.905,135.7412,0
132.37,131.892,136.995,-9.820956410067083e-05,134.03640000000001,135.22650000000002,1
132.357,132.37,131.892,0.0030447955151597927,133.2748,134.9441,0
132.76,132.357,132.37,0.0,132.4278,134.6853,0
132.76,132.76,132.357,-0.00018077734257304634,132.5966,134.18379999999996,1
132.736,132.76,132.76,0.00021094503375129747,132.6754,133.7902,1
132.764,132.736,132.76,0.005438221204543181,132.90120000000002,133.46880000000002,1
133.486,132.764,132.736,0.004105299432150211,133.156,133.2154,0
134.034,133.486,132.764,-0.008341167166539765,133.18720000000002,132.80749999999998,0
132.916,134.034,133.486,-0.013587528965662399,132.86200000000002,132.72930000000002,0
131.11,132.916,134.034,0.0,132.5312,132.6033,0
131.11,131.11,132.916,-0.0020212035695218455,132.00300000000001,132.4521,0
130.845,131.11,131.11,-0.00038977416026586553,131.355,132.2555,1
130.794,130.845,131.11,0.0034711072373347918,131.0214,132.10430000000002,1
131.248,130.794,130.845,0.007603925393149025,131.2486,132.05530000000002,1
132.246,131.248,130.794,0.008022926969435629,131.68800000000002,132.1096,0
133.307,132.246,131.248,-0.009204317852775756,131.935,131.969,0
132.08,133.307,132.246,0.0,132.1922,131.77360000000002,0
132.08,132.08,133.307,-0.0016505148394913016,132.315,131.6682,0
131.862,132.08,132.08,-0.0010086302346391518,132.2116,131.7301,1
131.729,131.862,132.08,0.0028239795337396956,131.97039999999998,131.82920000000001,0
132.101,131.729,131.862,-0.0015064231156464158,131.9348,131.93490000000003,0
131.902,132.101,131.729,-0.020697184273172464,131.3532,131.7727,0
129.172,131.902,132.101,-0.009924751494131856,130.5588,131.43689999999998,0
127.89,129.172,131.902,-0.0001563843928376052,129.78699999999998,130.9993,1
127.87,127.89,129.172,0.0012199890513804323,128.972,130.4712,1
128.026,127.87,127.89,0.002304219455423029,128.25580000000002,130.0953,0
128.321,128.026,127.87,-0.00031171826902842703,128.07760000000002,129.7154,1
128.281,128.321,128.026,0.0020112097660602846,128.2074,129.3831,0
128.539,128.281,128.321,-0.001314776060183931,128.3074,129.0472,1
128.37,128.539,128.281,0.009192178857988731,128.6122,128.7921,0
129.55,128.37,128.539,0.0,128.858,128.5569,0
129.55,129.55,128.37,-0.0015129293708991964,129.07260000000002,128.57510000000002,1
129.354,129.55,129.55,0.009609289237286767,129.48420000000002,128.8458,0
130.597,129.354,129.55,-0.002741257456143731,129.858,129.08270000000002,0
130.239,130.597,129.354,-0.0076935480155714275,129.7954,129.2038,1
129.237,130.239,130.597,0.004356337581342906,129.8454,129.3517,1
129.8,129.237,130.239,0.0006163328197226203,129.9506,129.5116,0
129.88,129.8,129.237,-7.699414844464236e-05,129.8052,129.6447,0
129.87,129.88,129.8,-0.00012320012320010676,129.72820000000002,129.7931,1
129.854,129.87,129.88,0.004813097786745102,129.97660000000002,129.886,0
130.479,129.854,129.87,-0.002828041294001382,130.0386,129.942,0
130.11,130.479,129.854,-0.01143647682729998,129.787,129.86880000000002,1
128.622,130.11,130.479,0.0009640652454478982,129.56220000000002,129.6837,1
128.746,128.622,130.11,0.018983114038494397,129.82940000000002,129.7788,0
131.19,128.746,128.622,-7.622532205187049e-05,129.9696,129.97310000000002,1
131.18,131.19,128.746,0.006319560908675026,130.3494,130.19400000000002,1
132.009,131.18,131.19,0.004651198024377079,131.1496,130.4683,0
132.623,132.009,131.18,-0.011921009176387165,131.6088,130.5855,1
131.042,132.623,132.009,0.0026327437004929344,131.6482,130.73880000000003,1
131.387,131.042,132.623,0.0010046656061863946,131.71599999999998,130.8428,0
131.519,131.387,131.042,-0.0007527429496879678,131.5982,130.9738,0
131.42,131.519,131.387,-7.609191903812373e-05,131.3556,131.25259999999997,1
131.41,131.42,131.519,0.001072977703371114,131.4574,131.53310000000002,1
131.551,131.41,131.42,0.005974869062188803,131.6474,131.64780000000002,1
132.337,131.551,131.41,0.004941928561173592,131.9418,131.8289,1
132.991,132.337,131.551,0.006857606905730229,132.4384,132.0183,1
133.903,132.991,132.337,0.0012770438302354137,132.9712,132.1634,1
134.074,133.903,132.991,0.00019392275907326173,133.48100000000002,132.4692,1
134.1,134.074,133.903,7.45712155110212e-05,133.8356,132.7415,1
134.11,134.1,134.074,0.001468943404667522,134.09879999999998,133.0203,1
134.307,134.11,134.1,0.00021592322068109127,134.1854,133.31189999999998,1
134.336,134.307,134.11,0.004764173415912287,134.36579999999998,133.6685,0
134.976,134.336,134.307,-0.00032598387861548783,134.5322,134.0066,0
134.932,134.976,134.336,-0.0022529866895918405,134.6358,134.2357,1
134.628,134.932,134.976,0.013682146358855674,135.06840000000003,134.5836,0
136.47,134.628,134.932,0.0,135.4952,134.8403,0
136.47,136.47,134.628,-0.0005495713343590669,135.779,135.07240000000002,0
136.395,136.47,136.47,-0.0005718684702518129,136.05599999999998,135.2941,1
136.317,136.395,136.47,0.00022741110793234043,136.4,135.5179,0
136.348,136.317,136.395,-0.0011294628450730926,136.3448,135.7066,1
136.194,136.348,136.317,0.003752000822356605,136.39180000000002,135.9435,0
136.705,136.194,136.348,-0.006327493507918613,136.28080000000003,136.0299,0
135.84,136.705,136.194,0.0,136.1854,136.1207,1
135.84,135.84,136.705,0.001303003533568825,136.1192,136.2596,0
136.017,135.84,135.84,-0.0001323363991265758,136.08020000000002,136.21250000000003,1
135.999,136.017,135.84,0.010235369377715964,136.2174,136.3046,0
137.391,135.999,136.017,-0.0012009520274253171,136.4946,136.3877,0
137.226,137.391,135.999,-0.006055703729613837,136.6056,136.3955,0
136.395,137.226,137.391,-0.010300964111587652,136.40019999999998,136.2597,1
134.99,136.395,137.226,7.407956144889205e-05,136.2004,136.1403,0
135.0,134.99,136.395,-0.00019999999999986695,135.7168,135.96710000000002,0
134.973,135.0,134.99,-0.013773124995369534,134.8944,135.6945,1
133.114,134.973,135.0,0.009638355094129691,134.4948,135.5502,0
134.397,133.114,134.973,-0.010922862861522109,134.0826,135.2414,1
132.929,134.397,133.114,0.0033025148763625722,133.7562,134.9783,0
133.368,132.929,134.397,-0.011457021174494542,133.12959999999998,134.4232,0
131.84,133.368,132.929,-7.584951456307554e-05,132.87279999999998,133.8836,1
131.83,131.84,133.368,0.0034438291739360416,132.4502,133.4725,0
132.284,131.83,131.84,-0.006743067944724901,132.14280000000002,133.1127,1
131.392,132.284,131.83,0.007275937652216458,131.9388,132.8475,0
132.348,131.392,132.284,-0.008832774201348093,131.80660000000003,132.4681,0
131.179,132.348,131.392,-0.00239367581701333,131.6136,132.2432,0
130.865,131.179,132.348,-0.0009169755091125165,131.3058,131.87800000000001,0
130.745,130.865,131.179,0.0,131.1764,131.6596,1
130.745,130.745,130.865,0.0007724960801560599,130.87600000000003,131.4074,1
130.846,130.745,130.745,0.0029576754352445,130.8868,131.3467,0
131.233,130.846,130.745,-0.0014249464692570601,130.923,131.2683,1
131.046,131.233,130.846,0.011675289592967264,131.2892,131.2975,1
132.576,131.046,131.233,0.004714277093893271,131.78040000000001,131.47840000000002,0
133.201,132.576,131.046,-0.0032357114436076806,132.1652,131.5206,0
132.77,133.201,132.576,0.0,132.4726,131.6797,1
132.77,132.77,133.201,0.004345861263839623,132.9328,131.9279,0
133.347,132.77,132.77,-0.00785919443257066,132.87740000000002,132.0833,0
132.299,133.347,132.77,-0.006152729801434553,132.5342,132.15730000000002,0
131.485,132.299,133.347,-0.004190592082747191,132.167,132.1661,1
130.934,131.485,132.299,0.005613515206134512,131.94680000000002,132.20970000000003,1
131.669,130.934,131.485,0.0036530998184842733,131.7074,132.3201,0
132.15,131.669,130.934,-7.567158531984752e-05,131.6756,132.2765,0
132.14,132.15,131.669,-0.00032541244134987046,131.798,132.1661,1
132.097,132.14,132.15,0.010386307031953645,132.305,132.23600000000002,1
133.469,132.097,132.14,0.0009365470633631023,132.69,132.3184,0
133.594,133.469,132.097,-0.003810051349611432,132.877,132.2922,0
133.085,133.594,133.469,-0.004493368899575523,132.94639999999998,132.311,1
132.487,133.085,133.594,0.010061364511235071,133.291,132.5445,0
133.82,132.487,133.085,-0.0001494544911073703,133.35719999999998,132.8311,1
133.8,133.82,132.487,0.0012780269058294547,133.4326,133.0613,1
133.971,133.8,133.82,0.003388793097013565,133.70059999999998,133.28879999999998,0
134.425,133.971,133.8,-0.002834294216105593,134.012,133.4792,1
134.044,134.425,133.971,0.0049237563785025085,134.1888,133.73989999999998,0
134.704,134.044,134.425,-0.005255968642356557,134.228,133.7926,1
133.996,134.704,134.044,0.0012239171318546571,134.2658,133.84920000000002,0
134.16,133.996,134.704,0.0,134.2128,133.9567,0
134.16,134.16,133.996,-0.0014833035181871512,134.1962,134.1041,1
133.961,134.16,134.16,0.0009181776785780471,134.0722,134.1305,0
134.084,133.961,134.16,-0.002781838250648816,134.0152,134.1216,0
133.711,134.084,133.961,-0.0018397887982291028,133.87619999999998,134.071,1
133.465,133.711,134.084,0.002525006556025833,133.8046,134.0087,1
133.802,133.465,133.711,0.0186992720587138,134.2732,134.2347,1
136.304,133.802,133.465,0.00011738466956212612,134.72039999999998,134.39630000000002,1
136.32,136.304,133.802,0.00048415492957754047,135.2554,134.6353,1
136.386,136.32,136.304,0.008321968530494273,136.0666,134.9714,0
137.521,136.386,136.32,-0.007671555616960202,136.5994,135.202,0
136.466,137.521,136.386,-0.014084094206615494,136.24740000000003,135.2603,0
134.544,136.466,137.521,-0.002712867166131616,135.8192,135.2698,1
134.179,134.544,136.466,0.00485172791569477,135.50799999999998,135.3817,0
134.83,134.179,134.544,0.0,134.96980000000002,135.5182,1
134.83,134.83,134.179,0.002736779648446097,134.71640000000002,135.65789999999998,0
135.199,134.83,134.83,-0.0009319595559139637,134.8222,135.53480000000002,1
135.073,135.199,134.83,0.001591731878317626,135.044,135.4316,0
135.288,135.073,135.199,-0.00887735793270672,134.89540000000002,135.20170000000002,1
134.087,135.288,135.073,0.0030651741033806967,134.829,134.8994,1
134.498,134.087,135.288,0.009234338057071634,134.9372,134.8268,0
135.74,134.498,134.087,-7.367025195237353e-05,135.0686,134.9454,1
135.73,135.74,134.498,0.0006778162528551235,135.1754,135.1097,1
135.822,135.73,135.74,0.001641854780521479,135.567,135.2312,1
136.045,135.822,135.73,0.0028299459737588517,135.9534,135.3912,1
136.43,136.045,135.822,0.008678443157663196,136.3282,135.6327,1
137.614,136.43,136.045,0.007310302730826779,136.9062,135.9874,0
138.62,137.614,136.43,-0.004761217717501043,137.33380000000002,136.25459999999998,0
137.96,138.62,137.614,0.0,137.71679999999998,136.6419,0
137.96,137.96,138.62,-0.0019425920556682685,137.9692,136.9613,1
137.692,137.96,137.96,0.0071173343404118405,138.1808,137.2545,0
138.672,137.692,137.96,-0.0005336333217952349,138.1764,137.5413,1
138.598,138.672,137.692,0.004942351260479816,138.44099999999997,137.8874,1
139.283,138.598,138.672,0.005269846284184032,138.85240000000002,138.2846,1
140.017,139.283,138.598,0.004520879607476269,139.44400000000002,138.7066,0
140.65,140.017,139.283,0.0,139.8396,139.0102,1
140.65,140.65,140.017,0.0015712762175612571,140.2942,139.2353,0
140.871,140.65,140.65,-0.0030524380461557366,140.5258,139.4834,0
140.441,140.871,140.65,-0.004621157639150941,140.4808,139.66660000000002,0
139.792,140.441,140.871,-0.004757067643355817,140.17620000000002,139.8101,0
139.127,139.792,140.441,-0.0027241297519533525,139.7958,139.8177,1
138.748,139.127,139.792,0.008591114826880464,139.6096,139.95190000000002,1
139.94,138.748,139.127,0.00021437759039599769,139.5154,140.0206,1
139.97,139.94,138.748,0.0016932199757091482,139.5984,140.0396,0
140.207,139.97,139.94,-0.00587702468493001,139.64960000000002,139.9129,1
139.383,140.207,139.97,0.001033124556079068,139.80540000000002,139.80059999999997,1
139.527,139.383,140.207,0.0026661506375111887,139.79719999999998,139.7034,0
139.899,139.527,139.383,-0.0074053424256070866,139.57580000000002,139.5456,1
138.863,139.899,139.527,0.003867120831323012,139.4144,139.50639999999999,0
139.4,138.863,139.899,-7.173601147791864e-05,139.4158,139.5327,0
139.39,139.4,138.863,-0.0001363082000142013,139.3846,139.59499999999997,1
139.371,139.39,139.4,0.0006385833494773063,139.29680000000002,139.54699999999997,1
139.46,139.371,139.39,0.005141259142406263,139.5596,139.5677,0
140.177,139.46,139.371,-0.0014267675866939111,139.675,139.54469999999998,1
139.977,140.177,139.46,0.00207891296427265,139.85060000000001,139.6332,1
140.268,139.977,140.177,0.011207117803062827,140.3444,139.8645,0
141.84,140.268,139.977,0.0,140.8204,140.0586,1
141.84,141.84,140.268,0.0001903553299491545,141.1584,140.35899999999998,1
141.867,141.84,141.84,0.00022556337978540952,141.5428,140.6089,0
141.899,141.867,141.84,-0.003974658031416611,141.75619999999998,140.8034,1
141.335,141.899,141.867,0.0024976120564614845,141.7258,141.0351,1
141.688,141.335,141.899,0.009471514877759768,141.96380000000002,141.3921,1
143.03,141.688,141.335,0.004614416555967171,142.3284,141.7434,1
143.69,143.03,141.688,0.0001391885308650309,142.6906,142.1167,0
143.71,143.69,143.03,-0.0011759794029644333,143.13179999999997,142.44400000000002,0
143.541,143.71,143.69,-0.000564298702112942,143.4862,142.606,1
143.46,143.541,143.71,0.002941586504949134,143.6566,142.8102,1
143.882,143.46,143.541,0.0035237208267886455,143.7964,143.0624,1
144.389,143.882,143.46,0.0027079625179202704,144.0104,143.35049999999998,0
144.78,144.389,143.882,-0.0033844453653820716,144.16019999999997,143.64600000000002,0
144.29,144.78,144.389,0.0,144.32620000000003,143.90619999999998,1
144.29,144.29,144.78,0.0007484926190310937,144.4294,144.043,1
144.398,144.29,144.29,0.0012881064834693312,144.4684,144.13240000000002,0
144.584,144.398,144.29,-0.0012311182426824052,144.3936,144.202,1
144.406,144.584,144.398,0.0005747683614254484,144.4334,144.29680000000002,0
144.489,144.406,144.584,-0.0037234668383061553,144.3656,144.3459,0
143.951,144.489,144.406,-0.01292801022570178,143.904,144.1667,1
142.09,143.951,144.489,7.037792948128008e-05,143.4072,143.93779999999998,1
142.1,142.09,143.951,0.0007670654468685534,142.9678,143.6807,0
142.209,142.1,142.09,-0.006413096217539049,142.3294,143.3814,0
141.297,142.209,142.1,-0.008344126202254887,141.56279999999998,142.96419999999998,0
140.118,141.297,142.209,-0.012867725773990424,140.8078,142.3559,0
138.315,140.118,141.297,-0.0017351697212883987,140.0028,141.70499999999998,1
138.075,138.315,140.118,0.004454101032047797,139.29899999999998,141.1334,1
138.69,138.075,138.315,7.21032518566922e-05,138.7796,140.5545,0
138.7,138.69,138.075,-0.00012977649603462815,138.4924,140.02759999999998,1
138.682,138.7,138.69,0.0003389048326389865,138.5752,139.6915,1
138.729,138.682,138.7,0.002148072861478001,138.7656,139.38420000000002,1
139.027,138.729,138.682,0.004107115883965173,138.94719999999998,139.1231,1
139.598,139.027,138.729,0.001905471425091898,139.18,138.9798,1
139.864,139.598,139.027,0.013663272893668088,139.7986,139.1455,1
141.775,139.864,139.598,7.05342973019718e-05,140.4098,139.4925,0
141.785,141.775,139.864,-0.0002468526289804984,140.95440000000002,139.85999999999999,0
141.75,141.785,141.775,-0.0016084656084656146,141.33919999999998,140.14319999999998,0
141.522,141.75,141.785,-0.004303217874252585,141.549,140.3645,0
140.913,141.522,141.75,-0.0038747312171341086,141.2674,140.533,0
140.367,140.913,141.522,-0.010707644959285223,140.6832,140.54649999999998,1
138.864,140.367,140.913,0.016390137112570535,140.56119999999999,140.7578,0
141.14,138.864,140.367,0.0,140.4848,140.91199999999998,0
141.14,141.14,138.864,-0.0027065325209010282,140.4538,141.0014,1
140.758,141.14,141.14,0.011118373378422586,140.845,141.05620000000002,1
142.323,140.758,141.14,0.004545997484594944,141.6662,141.1747,1
142.97,142.323,140.758,0.00261593341260391,142.10700000000003,141.33409999999998,0
143.344,142.97,142.323,-0.005204263868735182,142.39860000000002,141.44170000000003,0
142.598,143.344,142.97,-0.0059467874724751235,142.597,141.52540000000002,0
141.75,142.598,143.344,0.0,142.4824,141.6637,1
141.75,141.75,142.598,0.000888888888888939,142.2636,141.9649,1
141.876,141.75,141.75,0.00456736868815022,142.09959999999998,142.1033,1
142.524,141.876,141.75,0.005290337066037987,142.2356,142.3171,1
143.278,142.524,141.876,0.003133767919708541,142.631,142.614,1
143.727,143.278,142.524,0.007841254600736258,143.2518,142.8671,1
144.854,143.727,143.278,0.00031756113051750745,143.85660000000001,143.06009999999998,0
144.9,144.854,143.727,0.0,144.33180000000002,143.21570000000003,0
144.9,144.9,144.854,-0.0005728088336783843,144.63960000000003,143.4376,1
144.817,144.9,144.9,0.0042812653210604346,144.98160000000001,143.80630000000002,1
145.437,144.817,144.9,0.001175766826873481,145.13240000000002,144.1921,1
145.608,145.437,144.817,0.004979122026262273,145.419,144.6378,0
146.333,145.608,145.437,-0.004230077972842805,145.5818,144.95680000000002,0
145.714,146.333,145.608,-0.002086278600546332,145.7004,145.17000000000002,0
145.41,145.714,146.333,0.0,145.695,145.3383,0
145.41,145.41,145.714,-0.0007220961419434069,145.6344,145.3834,1
145.305,145.41,145.41,0.006420976566532399,145.6154,145.5172,0
146.238,145.305,145.41,-0.0032481297610743587,145.6252,145.6035,0
145.763,146.238,145.305,-0.007477892194864277,145.4778,145.5891,1
144.673,145.763,146.238,0.009635522868814528,145.60920000000002,145.65210000000002,1
146.067,144.673,145.763,0.0024851609193041746,145.8342,145.7343,0
146.43,146.067,144.673,0.0,145.8726,145.744,1
146.43,146.43,146.067,0.0006897493682989086,146.02620000000002,145.8257,0
146.531,146.43,146.43,-0.0004572411298633394,146.3844,145.93110000000001,0
146.464,146.531,146.43,-0.003249945379069308,146.36860000000001,145.9889,1
145.988,146.464,146.531,0.0007603364660109246,146.30239999999998,146.0683,0
146.099,145.988,146.464,-0.004284765809485225,146.11100000000002,145.9918,1
145.473,146.099,145.988,0.004990616815491622,146.0446,146.0354,0
146.199,145.473,146.099,0.0,145.9916,146.18800000000002,0
146.199,146.199,145.473,-0.0009712788733167166,146.00539999999998,146.18699999999998,1
146.057,146.199,146.199,0.0033274680432981985,146.0942,146.19830000000002,1
146.543,146.057,146.199,0.0063326122708009525,146.49380000000002,146.3024,1
147.471,146.543,146.057,0.0016138766265909599,146.7958,146.4202,0
147.709,147.471,146.543,-0.002559085769993752,147.02219999999997,146.5069,1
147.331,147.709,147.471,0.0030475595767354147,147.3668,146.6861,0
147.78,147.331,147.709,0.0,147.6142,146.8542,0
147.78,147.78,147.331,-0.004513465962917906,147.5426,147.0182,0
147.113,147.78,147.78,-0.002956910674107638,147.3364,147.0661,1
146.678,147.113,147.78,0.0032724743997054606,147.30180000000001,147.16199999999998,1
147.158,146.678,147.113,0.0012775384280843127,147.21499999999997,147.29090000000002,1
147.346,147.158,146.678,0.0009229975703446414,147.15540000000001,147.38479999999998,1
147.482,147.346,147.158,0.0019527806783201651,147.2868,147.41469999999998,0
147.77,147.482,147.346,0.0,147.5052,147.42079999999999,1
147.77,147.77,147.482,0.0006631927996210152,147.64720000000003,147.47449999999998,0
147.868,147.77,147.77,-0.0017786133578597818,147.699,147.457,1
147.605,147.868,147.77,0.0009281528403508599,147.75099999999998,147.4532,1
147.742,147.605,147.868,0.0039189939218367,147.8612,147.574,0
148.321,147.742,147.605,-0.004564424457763838,147.83599999999998,147.67059999999998,1
147.644,148.321,147.742,0.004307658963452532,147.91839999999996,147.7828,0
148.28,147.644,148.321,0.0,148.0534,147.87619999999998,1
148.28,148.28,147.644,0.001038575667655861,148.1918,147.9714,1
148.434,148.28,148.28,0.0025398493606587635,148.2898,148.0755,1
148.811,148.434,148.28,0.0015724644011529954,148.57,148.203,1
149.045,148.811,148.434,0.0030393505317185543,148.8136,148.36599999999999,0
149.498,149.045,148.811,-0.001076937484113527,149.025,148.5392,1
149.337,149.498,149.045,0.00022097671708953825,149.2122,148.702,0
149.37,149.337,149.498,0.0,149.32399999999998,148.80689999999998,1
149.37,149.37,149.337,0.0011381134096537515,149.423,148.9965,1
149.54,149.37,149.37,0.002079711114083338,149.4936,149.1536,0
149.851,149.54,149.37,-0.004397701717038904,149.46460000000002,149.2448,0
149.192,149.851,149.54,-0.0015148265322537657,149.3838,149.298,0
148.966,149.192,149.851,-0.00337660942765472,149.20239999999998,149.26319999999998,1
148.463,148.966,149.192,0.0050989135340118175,149.1384,149.2807,0
149.22,148.463,148.966,0.0,149.01219999999998,149.2529,0
149.22,149.22,148.463,-0.00040209087253717524,149.0058,149.23520000000002,0
149.16,149.22,149.22,-0.005584607133279684,148.878,149.1309,1
148.327,149.16,149.22,0.0020293001274211964,148.911,149.0567,1
148.628,148.327,149.16,0.0027451085932665986,148.8742,149.0063,1
149.036,148.628,148.327,0.005059180332268598,148.9882,149.0002,0
149.79,149.036,148.628,-0.001568863074971505,149.0672,149.0365,0
149.555,149.79,149.036,0.0,149.31279999999998,149.09539999999998,1
149.555,149.555,149.79,7.355153622401467e-05,149.5004,149.2057,1
149.566,149.555,149.555,8.023213832020204e-05,149.6088,149.2415,1
149.578,149.566,149.555,0.0012100709997457937,149.6026,149.2954,0
149.759,149.578,149.566,-0.00011351571524909065,149.64000000000001,149.35359999999997,1
149.742,149.759,149.578,0.00040068918539892806,149.6894,149.5011,1
149.802,149.742,149.759,0.0003204229583049223,149.7462,149.6233,0
149.85,149.802,149.742,0.0,149.80059999999997,149.70469999999997,1
149.85,149.85,149.802,0.00020020020020017348,149.82479999999998,149.7137,0
149.88,149.85,149.85,-0.0007405924739790626,149.8302,149.7351,1
149.769,149.88,149.85,0.0005675406793128612,149.8406,149.76500000000001,1
149.854,149.769,149.88,0.0016282514981247331,149.8902,149.8182,1
150.098,149.854,149.769,0.0017855001399085246,149.9934,149.897,0
150.366,150.098,149.854,-0.004715161672186552,149.94880000000003,149.8868,0
149.657,150.366,150.098,0.0,149.9264,149.87830000000002,1
149.657,149.657,150.366,0.0005078278997974195,149.90220000000002,149.8714,0
149.733,149.657,149.657,-0.0041540608950599855,149.7048,149.7975,1
149.111,149.733,149.657,0.014640100327943717,149.8904,149.9419,0
151.294,149.111,149.733,-0.004752336510370658,150.074,150.0114,0
150.575,151.294,149.111,-0.0005180142785985442,150.24200000000002,150.0842,0
150.497,150.575,151.294,-0.007521744619494064,150.1684,150.0353,0
149.365,150.497,150.575,0.0,150.2192,149.96200000000002,1
149.365,149.365,150.497,0.0005623807451544671,149.8502,149.8703,1
149.449,149.365,149.365,0.0036132727552542487,149.733,149.90349999999998,1
149.989,149.449,149.365,0.0027135323257037047,149.71280000000002,149.9774,1
150.396,149.989,149.449,0.0031117848878960963,150.0126,150.0905,1
150.864,150.396,149.989,0.003214815993212383,150.4094,150.3143,1
151.349,150.864,150.396,0.0011298389814271559,150.8236,150.3369,0
151.52,151.349,150.864,0.0,151.1298,150.4314,0
151.52,151.52,151.349,-0.0003365892291448125,151.3444,150.5286,1
151.469,151.52,151.52,0.0011685559421399372,151.5008,150.7567,0
151.646,151.469,151.52,-0.007655988288513882,151.328,150.8687,1
150.485,151.646,151.469,0.004850981825430978,151.267,151.0453,0
151.215,150.485,151.646,-0.003372681281618828,151.10399999999998,151.11690000000002,0
150.705,151.215,150.485,-0.0077966888955244285,150.71620000000001,151.0303,0
149.53,150.705,151.215,0.0,150.293,150.89690000000002,1
149.53,149.53,150.705,0.0027552999398114952,150.1844,150.75619999999998,0
149.942,149.53,149.53,-0.010537407797681864,149.6138,150.4404,0
148.362,149.942,149.53,-0.001415456788126379,149.10320000000002,150.1036,1
148.152,148.362,149.942,0.008828770451968282,149.08919999999998,149.9027,1
149.46,148.152,148.362,0.0011708818412952127,149.1102,149.7016,0
149.635,149.46,148.152,-0.001169512480368784,149.0138,149.5991,0
149.46,149.635,149.46,0.0,149.23340000000002,149.4236,1
149.46,149.46,149.635,0.0007426736250502053,149.5172,149.3102,0
149.571,149.46,149.46,-0.007481396794833173,149.3156,149.2024,0
148.452,149.571,149.46,-0.009356559696063416,148.8012,148.9557,0
147.063,148.452,149.571,-0.0001631953652516671,148.317,148.6654,1
147.039,147.063,148.452,0.006528880093036538,148.0248,148.6291,0
147.999,147.039,147.063,-0.008033838066473398,147.4726,148.49489999999997,1
146.81,147.999,147.039,6.811525100469673e-05,147.1462,148.23090000000002,0
146.82,146.81,147.999,-0.002908323116741496,147.01219999999998,147.90669999999997,1
146.393,146.82,146.81,0.006380086479544689,147.0698,147.6934,0
147.327,146.393,146.82,-0.0009638423371139959,146.90699999999998,147.4659,0
147.185,147.327,146.393,-6.794170601676086e-06,146.9818,147.22719999999998,0
147.184,147.185,147.327,-0.019743993912381796,146.4734,146.8098,1
144.278,147.184,147.185,0.004026947975436457,146.16660000000002,146.5894,0
144.859,144.278,147.184,0.0,145.673,146.3714,1
144.859,144.859,144.278,0.0008560048046721835,145.2326,146.06980000000001,1
144.983,144.859,144.859,0.007600891138961119,145.01280000000003,145.9973,0
146.085,144.983,144.859,-0.005510490467878326,145.2132,145.8433,0
145.28,146.085,144.983,-0.017256332599118962,144.796,145.4813,0
142.773,145.28,146.085,-0.00346003796235983,144.28000000000003,144.97650000000002,0
142.279,142.773,145.28,-0.0011175226140188732,143.7074,144.46999999999997,0
142.12,142.279,142.773,-7.036307345897885e-05,142.9124,143.9626,1
142.11,142.12,142.279,0.0014284709028216103,142.31900000000002,143.7661,1
142.313,142.11,142.12,0.002873946863603649,142.30880000000002,143.5524,1
142.722,142.313,142.11,0.008176735191491202,142.63080000000002,143.4554,0
143.889,142.722,142.313,-0.0025436273794383624,142.91140000000001,143.3094,0
143.523,143.889,142.722,-0.010123812908035656,142.90339999999998,142.90789999999998,1
142.07,143.523,143.889,0.0022524107834165363,142.91879999999998,142.6189,1
142.39,142.07,143.523,0.00014045930191741718,142.85639999999998,142.5826,0
142.41,142.39,142.07,-0.000477494557966307,142.54699999999997,142.58890000000002,0
142.342,142.41,142.39,-0.0007868373354317226,142.2884,142.5999,1
142.23,142.342,142.41,0.0016241299303945134,142.3666,142.635,0
142.461,142.23,142.342,-0.007454671804915103,142.1684,142.5436,1
141.399,142.461,142.23,0.00021923775981447235,141.97240000000002,142.4144,0
141.43,141.399,142.461,-0.002898960616559365,141.708,142.1275,0
141.02,141.43,141.399,0.0,141.466,141.8772,0
141.02,141.02,141.43,-0.0004822011062260989,141.1642,141.7654,1
140.952,141.02,141.02,0.0012344627958453813,141.1096,141.639,1
141.126,140.952,141.02,0.00729135666000591,141.2546,141.6135,1
142.155,141.126,140.952,0.005937181245823098,141.6504,141.6792,1
142.999,142.155,141.126,0.01234973671144557,142.3994,141.9327,0
144.765,142.999,142.155,-0.000932545850170885,143.135,142.14960000000002,0
144.63,144.765,142.999,0.0,143.8358,142.47269999999997,1
144.63,144.63,144.765,0.0005946207564129224,144.348,142.8013,0
144.716,144.63,144.63,-0.003358301777274253,144.59419999999997,143.1223,1
144.23,144.716,144.63,0.0013728073216390246,144.52679999999998,143.4631,1
144.428,144.23,144.716,0.009042567923117417,144.74759999999998,143.9413,0
145.734,144.428,144.23,-0.004720929913404004,144.8308,144.3333,0
145.046,145.734,144.428,-0.0012823518056339633,144.8596,144.6038,0
144.86,145.046,145.734,0.0,144.98560000000003,144.7899,1
144.86,144.86,145.046,0.001995029683832472,145.12980000000002,144.8283,1
145.149,144.86,144.86,0.004443709567410137,145.14180000000002,144.9447,1
145.794,145.149,144.86,0.00995925758261662,145.5818,145.2063,1
147.246,145.794,145.149,0.005922062398978412,146.2334,145.5465,1
148.118,147.246,145.794,6.751373904578806e-05,146.887,145.93630000000002,1
148.128,148.118,147.246,4.7256426874087154e-05,147.48420000000002,146.30700000000002,0
148.135,148.128,148.118,0.0,147.95239999999998,146.5471,0
148.135,148.135,148.128,-9.450838761926317e-05,148.1274,146.8546,1
148.121,148.135,148.135,0.00014177598044828876,148.1322,147.1828,1
148.142,148.121,148.135,0.0007357805348922053,148.1568,147.5219,0
148.251,148.142,148.121,-0.004451909261994791,148.048,147.7661,1
147.591,148.251,148.142,0.0008943634774478681,147.9656,147.959,1
147.723,147.591,148.251,0.0030936279387772103,147.97740000000002,148.0524,0
148.18,147.723,147.591,0.0,147.98499999999999,148.05859999999998,0
148.18,148.18,147.723,-0.000269941962478204,147.96280000000002,148.0598,0
148.14,148.18,148.18,-0.004536249493722111,147.9382,147.9931,0
147.468,148.14,148.18,-0.000671332085604992,147.8674,147.91649999999998,0
147.369,147.468,148.14,-0.0025310614851155044,147.63060000000002,147.80400000000003,0
146.996,147.369,147.468,-0.003707583879833609,147.2848,147.63490000000002,1
146.451,146.996,147.369,0.013103358802603049,147.3308,147.6468,0
148.37,146.451,146.996,0.0,147.5112,147.72469999999998,1
148.37,148.37,146.451,0.0008829278155961795,147.73760000000001,147.8025,1
148.501,148.37,148.37,0.0009360206328574705,148.0664,147.8485,0
148.64,148.501,148.37,-0.005530139935414291,148.33980000000003,147.8123,1
147.818,148.64,148.501,0.0018130403604432743,148.283,147.80689999999998,1
148.086,147.818,148.64,0.007921072890077152,148.4608,147.986,1
149.259,148.086,147.818,0.0002746903034325232,148.6206,148.1791,1
149.3,149.259,148.086,0.0002009377093101783,148.7586,148.4125,0
149.33,149.3,149.259,-0.0010915422219246462,149.0284,148.6841,1
149.167,149.33,149.3,0.001595527160833221,149.2922,148.7876,1
149.405,149.167,149.33,0.008828352464776978,149.5852,149.023,0
150.724,149.405,149.167,-0.0011942358217668092,149.834,149.22729999999999,0
150.544,150.724,149.405,-0.003972260601551758,149.9572,149.35790000000003,1
149.946,150.544,150.724,0.0018273245034878816,150.1678,149.5981,0
150.22,149.946,150.544,0.0,150.3308,149.8115,0
150.22,150.22,149.946,-0.0008587405139128812,150.20420000000001,149.8947,1
150.091,150.22,150.22,0.0011926098167112098,150.14939999999999,149.9917,0
150.27,150.091,150.22,-0.002202701803420637,150.148,150.05259999999998,1
149.939,150.27,150.091,0.002774461614389878,150.175,150.1714,1
150.355,149.939,150.27,0.0008513185461076489,150.2276,150.2792,0
150.483,150.355,149.939,-1.9935806702564562e-05,150.30540000000002,150.25480000000002,0
150.48,150.483,150.355,0.0,150.3474,150.2484,1
150.48,150.48,150.483,0.00011297182349823132,150.459,150.3035,1
150.497,150.48,150.48,0.00045848089995148555,150.5012,150.3381,0
150.566,150.497,150.48,-0.00047155400289577987,150.5036,150.3656,1
150.495,150.566,150.497,0.0010698029834879108,150.53879999999998,150.4221,0
150.656,150.495,150.566,-0.0037237149532710623,150.4618,150.40460000000002,0
150.095,150.656,150.495,-3.3312235584115335e-05,150.3804,150.41969999999998,0
150.09,150.095,150.656,0.0,150.28519999999997,150.3932,1
150.09,150.09,150.095,9.994003597824097e-05,150.2072,150.35539999999997,1
150.105,150.09,150.09,0.002404983178441844,150.1692,150.354,0
150.466,150.105,150.09,-0.0027713902144006486,150.16,150.3109,0
150.049,150.466,150.105,-0.005198301888049928,149.9958,150.18810000000002,0
149.269,150.049,150.466,-0.009385739838814522,149.5514,149.9183,0
147.868,149.269,150.049,-0.005464333053804671,148.9424,149.5748,0
147.06,147.868,149.269,0.0,148.2612,149.2152,0
147.06,147.06,147.868,-0.001944784441724523,147.6062,148.88309999999998,0
146.774,147.06,147.06,-0.00028615422350009023,147.0988,148.5473,1
146.732,146.774,147.06,0.006045034484638556,147.049,148.30020000000002,1
147.619,146.732,146.774,1.3548391467388399e-05,147.1612,148.05180000000001,1
147.621,147.619,146.732,0.004572520169894512,147.40839999999997,147.8348,1
148.296,147.621,147.619,0.005023736311161597,147.8618,147.73399999999998,0
149.041,148.296,147.621,0.0,148.3236,147.71120000000002,0
149.041,149.041,148.296,-0.0005770224300695181,148.5908,147.81990000000002,1
148.955,149.041,149.041,0.001268839582424075,148.8954,148.0283,1
149.144,148.955,149.041,0.012679021616692543,149.44320000000002,148.42579999999998,0
151.035,149.144,148.955,-0.0018207700201939847,149.78699999999998,148.82440000000003,1
150.76,151.035,149.144,0.00579066065269318,150.30540000000002,149.3145,0
151.633,150.76,151.035,-0.0014508715121378524,150.797,149.69389999999999,0
151.413,151.633,150.76,0.0,151.2508,150.0731,0
151.413,151.413,151.633,-0.0007132808939787072,151.30480000000003,150.374,1
151.305,151.413,151.413,0.0004494233501866063,151.4274,150.6072,1
151.373,151.305,151.413,0.0010371730757796627,151.40680000000003,150.8561,0
151.53,151.373,151.305,-0.0016036428430014071,151.3816,151.0893,1
151.287,151.53,151.373,0.001011322849947316,151.387,151.3189,0
151.44,151.287,151.53,-0.000660327522451043,151.394,151.3494,0
151.34,151.44,151.287,0.0,151.3874,151.4074,1
151.34,151.34,151.44,0.0003832430289414379,151.361,151.3839,1
151.398,151.34,151.34,0.0012087345935876126,151.4198,151.4007,0
151.581,151.398,151.34,-0.00027048244832794666,151.4398,151.4134,1
151.54,151.581,151.398,0.00027055562887690066,151.488,151.441,0
151.581,151.54,151.581,-0.0019065714040676918,151.47840000000002,151.4329,1
151.292,151.581,151.54,0.0020357983237710986,151.5188,151.4399,0
151.6,151.292,151.581,0.0,151.52259999999998,151.4712,1
151.6,151.6,151.292,0.0005936675461741814,151.55259999999998,151.4962,1
151.69,151.6,151.6,0.0010086360340166856,151.605,151.54649999999998,0
151.843,151.69,151.6,-0.00043465948380894126,151.70199999999997,151.5902,1
151.777,151.843,151.69,0.007820684293404323,151.97480000000002,151.74679999999998,1
152.964,151.777,151.843,0.0014905467953243434,152.2932,151.90789999999998,1
153.192,152.964,151.777,0.0005091649694501932,152.60920000000002,152.08089999999999,0
153.27,153.192,152.964,0.0,152.8946,152.2498,1
153.27,153.27,153.192,8.481764206935694e-05,153.19580000000002,152.4489,1
153.283,153.27,153.27,0.006021541853956425,153.4442,152.7095,1
154.206,153.283,153.27,0.0031905373331777565,153.7454,153.0193,0
154.698,154.206,153.283,-0.0023012579348149487,153.9598,153.2845,1
154.342,154.698,154.206,0.0017364035712896797,154.2278,153.5612,1
154.61,154.342,154.698,6.467886941341483e-05,154.4952,153.8455,0
154.62,154.61,154.342,0.0,154.578,154.0111,1
154.62,154.62,154.61,0.00012934937265551838,154.5664,154.1559,1
154.64,154.62,154.62,0.0011187273667874198,154.6606,154.3102,0
154.813,154.64,154.62,-0.00044569900460544876,154.6874,154.4576,1
154.744,154.813,154.64,0.00332807734063989,154.8152,154.65519999999998,1
155.259,154.744,154.813,0.0021770074520641725,155.0106,154.7943,1
155.597,155.259,154.744,0.01602215981027899,155.7006,155.1335,0
158.09,155.597,155.259,0.0,156.356,155.50830000000002,1
158.09,158.09,155.597,0.0008476184451893243,157.052,155.8697,0
158.224,158.09,158.09,-0.012071493578723835,157.26299999999998,156.03910000000002,1
156.314,158.224,158.09,0.009007510523689533,157.68800000000002,156.3493,0
157.722,156.314,158.224,-0.012794664029114555,157.2108,156.4557,0
155.704,157.722,156.314,-0.017077274829163103,156.2018,156.2789,0
153.045,155.704,157.722,-3.2670129700429484e-05,155.16500000000002,156.1085,0
153.04,153.045,155.704,0.0,154.5102,155.8866,1
153.04,153.04,153.045,0.0034370099320439884,153.679,155.6835,1
153.566,153.04,153.04,0.004369456780797698,153.3856,155.2982,1
154.237,153.566,153.04,0.0033130831123531213,153.7262,154.964,1
154.748,154.237,153.566,0.0043360818879727425,154.202,154.6835,0
155.419,154.748,154.237,-0.00019302659263020772,154.6718,154.59099999999998,1
155.389,155.419,154.748,0.0025162656301283004,155.1146,154.3968,0
155.78,155.389,155.419,-0.00012838618564647852,155.4192,154.4024,1
155.76,155.78,155.389,0.00037236774524918026,155.63320000000002,154.6797,1
155.818,155.76,155.78,0.00266336366786879,155.796,154.999,1
156.233,155.818,155.76,0.0016961845448784096,156.0178,155.34480000000002,0
156.498,156.233,155.818,-0.01415992536645827,155.7182,155.4164,1
154.282,156.498,156.233,0.00711035636043067,155.642,155.5306,1
155.379,154.282,156.498,0.0018728399590677292,155.6124,155.6228,0
155.67,155.379,154.282,-6.423845313796583e-05,155.49779999999998,155.64690000000002,1
155.66,155.67,155.379,0.0006038802518308906,155.349,155.68339999999998,1
155.754,155.66,155.67,0.003954954607907402,155.76659999999998,155.7424,0
156.37,155.754,155.66,-0.0007610155400652463,155.94099999999997,155.79149999999998,1
156.251,156.37,155.754,0.0028991814452388187,156.14780000000002,155.8801,1
156.704,156.251,156.37,0.0017166122115581661,156.4104,155.95409999999998,0
156.973,156.704,156.251,-8.281679014865428e-05,156.6516,156.00029999999998,0
156.96,156.973,156.704,-6.37104994903881e-05,156.7676,156.2671,0
156.95,156.96,156.973,-0.0005097164702133616,156.8914,156.41619999999998,0
156.87,156.95,156.96,-0.00015936762924717573,156.9196,156.5337,1
156.845,156.87,156.95,0.002658675762695628,156.9774,156.69389999999999,1
157.262,156.845,156.87,0.0022001500680393082,157.107,156.8793,0
157.608,157.262,156.845,-0.004155880412161861,157.1076,156.9376,1
156.953,157.608,157.262,0.0018604295553446004,157.1826,157.03699999999998,1
157.245,156.953,157.608,9.539254030332955e-05,157.2656,157.0926,0
157.26,157.245,156.953,-0.0005087116876508757,157.24920000000003,157.1133,0
157.18,157.26,157.245,-0.007023794375874859,156.94279999999998,157.0249,0
156.076,157.18,157.26,-0.006099592506214946,156.577,156.8423,1
155.124,156.076,157.18,0.005189396869601071,156.3138,156.7482,0
155.929,155.124,156.076,-0.0014878566527073422,156.0012,156.6334,1
155.697,155.929,155.124,0.006345658554756994,155.9022,156.5757,1
156.685,155.697,155.929,0.00015955579666204756,156.029,156.4859,1
156.71,156.685,155.697,0.0007848892859421142,156.3708,156.47390000000001,1
156.833,156.71,156.685,0.0013198752813501358,156.593,156.45340000000002,1
157.04,156.833,156.71,0.00041390728476820016,156.87460000000002,156.4379,0
157.105,157.04,156.833,-0.0019413767862256348,156.8976,156.3999,1
156.8,157.105,157.04,0.0020918367346938194,156.9812,156.5051,1
157.128,156.8,157.105,0.001858357517438014,157.09859999999998,156.7347,0
157.42,157.128,156.8,-6.352432981826528e-05,157.17260000000002,156.8828,1
157.41,157.42,157.128,0.0008639857696461917,157.2608,157.0677,1
157.546,157.41,157.42,0.0009774922879666192,157.4408,157.1692,1
157.7,157.546,157.41,0.0010843373493976127,157.5894,157.2853,1
157.871,157.7,157.546,0.0005510828461210426,157.697,157.3978,1
157.958,157.871,157.7,0.006159865280644272,158.0012,157.58689999999999,1
158.931,157.958,157.871,0.0046498165870723085,158.426,157.8434,1
159.67,158.931,157.958,0.0006262917266863788,158.84,158.1404,1
159.77,159.67,158.931,0.0005695687550852924,159.238,158.4137,0
159.861,159.77,159.67,-0.0010947010215123232,159.5836,158.6403,1
159.686,159.861,159.77,0.005855240910286552,159.92159999999998,158.96139999999997,1
160.621,159.686,159.861,0.00041090517429220874,160.125,159.27550000000002,1
160.687,160.621,159.686,0.0012010928077565985,160.347,159.5935,0
160.88,160.687,160.621,0.0,160.5508,159.8944,1
160.88,160.88,160.687,0.00016782695176531526,160.79500000000002,160.1893,1
160.907,160.88,160.88,0.0037599358635733715,160.9732,160.44740000000002,0
161.512,160.907,160.88,-4.9531923324686034e-05,161.1366,160.6308,1
161.504,161.512,160.907,0.0007244402615416146,161.2848,160.8159,0
161.621,161.504,161.512,-0.0016272637837905224,161.3804,160.96560000000002,0
161.358,161.621,161.504,-0.0037680189392531593,161.349,161.072,0
160.75,161.358,161.621,-0.00018662519440126868,161.1906,161.08190000000002,0
160.72,160.75,161.358,-0.0005102040816326037,161.0174,161.077,1
160.638,160.72,160.75,0.0013633137862771871,160.8646,161.0747,1
160.857,160.638,160.72,0.002946716648948966,160.85920000000002,161.1198,1
161.331,160.857,160.638,0.0017107685441732912,161.0306,161.18980000000002,0
161.607,161.331,160.857,-0.021075819735531298,160.5268,160.8587,0
158.201,161.607,161.331,-0.0022819071940126667,159.9672,160.4923,0
157.84,158.201,161.607,-6.335529650269844e-05,159.3618,160.1132,1
157.83,157.84,158.201,0.003060254704428722,158.75820000000002,159.8087,0
158.313,157.83,157.84,-0.0010864553132086119,158.065,159.5478,1
158.141,158.313,157.83,0.0013216054027735957,158.09480000000002,159.3108,0
158.35,158.141,158.313,-0.016823492263972173,157.66400000000002,158.8156,1
155.686,158.35,158.141,0.009403543028917216,157.528,158.44490000000002,1
157.15,155.686,158.35,0.0021635380209990007,157.3634,158.0608,0
157.49,157.15,155.686,-6.349609499023412e-05,157.2312,157.6481,0
157.48,157.49,157.15,-0.0003683007366014346,157.0456,157.57020000000003,0
157.422,157.48,157.49,-0.003373099058581408,157.2866,157.4753,0
156.891,157.422,157.48,-0.007157835694845405,157.0102,157.2691,0
155.768,156.891,157.422,-0.012049971752863264,156.2904,156.8269,0
153.891,155.768,156.891,-0.001260632525618699,155.53379999999999,156.3825,1
153.697,153.891,155.768,0.0002797712382154316,154.7974,155.92149999999998,0
153.74,153.697,153.891,-6.504488096803485e-05,154.1652,155.7259,1
153.73,153.74,153.697,0.0026605086840565395,153.83939999999998,155.4248,0
154.139,153.73,153.74,-0.001985221131576065,153.8278,155.0591,0
153.833,154.139,153.73,-0.007560146392516676,153.6224,154.5781,0
152.67,153.833,154.139,-0.019165520403484515,152.82319999999999,153.81029999999998,0
149.744,152.67,153.833,-0.0036261886953734557,151.9174,153.0413,0
149.201,149.744,152.67,-0.017566906388026715,150.4056,152.1225,0
146.58,149.201,149.744,0.0,148.95499999999998,151.3914,0
146.58,146.58,149.201,-0.006794924273434311,147.5378,150.5801,1
145.584,146.58,146.58,0.0014149906583140748,146.747,149.7851,0
145.79,145.584,146.58,-0.007257013512586563,145.85320000000002,148.8853,1
144.732,145.79,145.584,0.009617776303789016,145.762,148.0838,1
146.124,144.732,145.79,0.010573211792724191,145.9798,147.4674,0
147.669,146.124,144.732,-0.006771902024121479,146.1968,146.8673,0
146.669,147.669,146.124,-6.818073348846543e-05,146.3706,146.5588,1
146.659,146.669,147.669,0.002611500146598722,146.8326,146.34290000000001,0
147.042,146.659,146.669,-0.00040804668054028603,147.0042,146.3831,0
146.982,147.042,146.659,-7.483909594374616e-05,146.8646,146.4222,1
146.971,146.982,147.042,0.0019187458750364872,146.9814,146.58909999999997,1
147.253,146.971,146.982,0.013371544213021336,147.494,146.9323,0
149.222,147.253,146.971,-0.010601653911621711,147.6136,147.2231,0
147.64,149.222,147.253,0.0,147.7452,147.3747,1
147.64,147.64,149.222,0.0021403413709022434,147.9422,147.4034,0
147.956,147.64,147.64,-0.008495769012408894,147.83139999999997,147.4064,0
146.699,147.956,147.64,-0.009216150076005958,147.0564,147.27519999999998,0
145.347,146.699,147.956,-0.0015755399148246196,146.552,147.0828,1
145.118,145.347,146.699,0.007469783210904302,146.2644,147.0048,0
146.202,145.118,145.347,-0.012599006853531325,145.5452,146.7437,0
144.36,146.202,145.118,-6.92712662788697e-05,145.0754,146.45340000000002,0
144.35,144.36,146.202,-0.002424662279182477,144.80599999999998,145.93120000000002,1
144.0,144.35,144.36,0.0035833333333332718,144.6856,145.6188,0
144.516,144.0,144.35,-0.003743530128151873,144.24020000000002,145.25230000000002,1
143.975,144.516,144.0,0.0031811078312207197,144.2548,144.9,1
144.433,143.975,144.516,0.003164096847673381,144.3628,144.7191,1
144.89,144.433,143.975,0.008696252329353449,144.7928,144.79940000000002,1
146.15,144.89,144.433,0.00013684570646588234,145.12359999999998,144.9046,1
146.17,146.15,144.89,0.0014435246630637444,145.60479999999998,144.92249999999999,1
146.381,146.17,146.15,0.0023295373033385136,146.0626,145.1587,0
146.722,146.381,146.17,-0.009330570739221056,146.15519999999998,145.259,0
145.353,146.722,146.381,-0.013959120210797149,145.59,145.1914,1
143.324,145.353,146.722,0.00048142669755235623,145.0346,145.0791,0
143.393,143.324,145.353,-0.007482931523854042,144.2224,144.9136,1
142.32,143.393,143.324,7.026419336719769e-05,143.344,144.70329999999998,1
142.33,142.32,143.393,0.0010960444038501382,142.7706,144.46290000000002,1
142.486,142.33,142.32,0.004849599258874626,142.7412,144.16559999999998,0
143.177,142.486,142.33,-0.006586253378685014,142.50939999999997,143.772,1
142.234,143.177,142.486,0.002502917727125631,142.5634,143.3929,0
142.59,142.234,143.177,-0.007651307945858776,142.3972,142.87060000000002,0
141.499,142.59,142.234,-0.004657276729870818,142.06799999999998,142.4193,0
140.84,141.499,142.59,-7.100255609193695e-05,141.5986,142.16989999999998,0
140.83,140.84,141.499,-0.00028403039125202145,141.3098,141.9096,0
140.79,140.83,140.84,0.0,140.9498,141.7566,1
140.79,140.79,140.83,0.008700902052702464,141.053,141.7251,1
142.015,140.79,140.79,0.004893849241277559,141.427,141.7475,1
142.71,142.015,140.79,0.001037068180225642,141.8326,141.7156,1
142.858,142.71,142.015,0.0065939604362375,142.4346,141.87220000000002,1
143.8,142.858,142.71,6.954102920708749e-05,143.0386,141.9942,1
143.81,143.8,142.858,0.0013490021556219478,143.4364,142.2447,0
144.004,143.81,143.8,-0.002541596066775842,143.62199999999999,142.5245,0
143.638,144.004,143.81,-0.0046993135521241625,143.643,142.73780000000002,1
142.963,143.638,144.004,0.012031084966040106,143.81959999999998,143.1271,1
144.683,142.963,143.638,0.002716283184617474,144.0728,143.55569999999997,0
145.076,144.683,142.963,-0.020161846204747702,143.7022,143.5693,0
142.151,145.076,144.683,0.0,143.40480000000002,143.5134,1
142.151,142.151,145.076,0.004445976461649792,143.3688,143.5059,1
142.783,142.151,142.151,0.006492369539791376,143.17419999999998,143.4969,1
143.71,142.783,142.151,0.00018091990814816938,142.9062,143.4895,1
143.736,143.71,142.783,0.019800189235821275,143.7924,143.7473,1
146.582,143.736,143.71,0.00176010697084239,144.7302,144.06750000000002,1
146.84,146.582,143.736,0.0128030509397985,145.9176,144.64319999999998,0
148.72,146.84,146.582,0.0,146.9196,145.0469,1
148.72,148.72,146.84,0.0006724045185584338,147.9364,145.42130000000003,0
148.82,148.72,148.72,-0.004528961161134326,148.2492,146.0208,1
148.146,148.82,148.72,8.775127239357694e-05,148.51299999999998,146.6216,1
148.159,148.146,148.82,0.006756255104313658,148.601,147.2593,0
149.16,148.159,148.146,-0.0030571198712791015,148.5978,147.7587,1
148.704,149.16,148.159,0.0028647514525499407,148.6598,148.2981,1
149.13,148.704,149.16,6.705558908337572e-05,148.8586,148.5539,1
149.14,149.13,148.704,0.0013007912028966118,149.09359999999998,148.80329999999998,1
149.334,149.14,149.13,0.002249989955401821,149.1956,148.8983,0
149.67,149.334,149.14,-0.0038150597982227197,149.2746,148.9362,1
149.099,149.67,149.334,0.003199216627878254,149.3638,149.0118,1
149.576,149.099,149.67,0.003503235813232086,149.5558,149.2072,0
150.1,149.576,149.099,-0.0036975349766822374,149.598,149.3458,0
149.545,150.1,149.576,-0.00016717376040642495,149.56799999999998,149.3818,1
149.52,149.545,150.1,0.0005350454788655146,149.6682,149.4714,1
149.6,149.52,149.545,0.006717914438502559,149.87399999999997,149.6189,1
150.605,149.6,149.52,0.0035390591281831973,150.0816,149.81869999999998,1
151.138,150.605,149.6,0.010791462107477834,150.72639999999998,150.16219999999998,0
152.769,151.138,150.605,-0.006454189004313826,151.179,150.37349999999998,1
151.783,152.769,151.138,0.0032744114953586756,151.71499999999997,150.6916,0
152.28,151.783,152.769,0.0,152.05,150.962,1
152.28,152.28,151.783,0.0044129235618597384,152.4128,151.2472,1
152.952,152.28,152.28,0.0014841257387938622,152.4948,151.6106,1
153.179,152.952,152.28,0.0001632077504096774,152.779,151.97899999999998,0
153.204,153.179,152.952,-0.007989347536617952,152.719,152.217,1
151.98,153.204,153.179,0.006843005658639489,152.86700000000002,152.45850000000002,0
153.02,151.98,153.204,-6.535093451853768e-05,152.8786,152.6457,0
153.01,153.02,151.98,-0.00472518136069533,152.7002,152.59750000000003,0
152.287,153.01,153.02,-7.223203556439017e-05,152.51460000000003,152.64679999999998,0
152.276,152.287,153.01,-0.005522866374215285,152.4056,152.5623,1
151.435,152.276,152.287,0.019051078020272616,152.66559999999998,152.7663,0
154.32,151.435,152.276,-0.007387247278382469,152.6996,152.78910000000002,0
153.18,154.32,151.435,-0.0035905470688080143,152.7682,152.7342,1
152.63,153.18,154.32,6.551791915088145e-05,152.841,152.6778,1
152.64,152.63,153.18,0.0017295597484277003,153.13479999999998,152.7702,1
152.904,152.64,152.63,0.003767069533824996,152.9668,152.8162,1
153.48,152.904,152.64,0.007655720615064032,153.2618,152.9807,1
154.655,153.48,152.904,0.005004687853609635,153.8216,153.29489999999998,1
155.429,154.655,153.48,0.006684724214914839,154.5872,153.71409999999997,0
156.468,155.429,154.655,-0.013664135797734844,154.8724,154.00359999999998,0
154.33,156.468,155.429,-6.479621590116391e-05,155.0404,154.0036,1
154.32,154.33,156.468,0.0022291342664593206,155.0422,154.152,0
154.664,154.32,154.33,-0.000303884549733624,154.8798,154.35070000000002,1
154.617,154.664,154.32,0.0006532270060859435,154.5298,154.55849999999998,1
154.718,154.617,154.664,0.003729365684665087,154.7228,154.7976,0
155.295,154.718,154.617,-0.006935187868250758,154.70239999999998,154.8714,1
154.218,155.295,154.718,0.003644191987965062,154.7256,154.88389999999998,0
154.78,154.218,155.295,-6.460783046902119e-05,154.75619999999998,154.818,0
154.77,154.78,154.218,-0.004031789106416106,154.64180000000002,154.5858,1
154.146,154.77,154.78,0.0015050666251474887,154.45839999999998,154.5906,0
154.378,154.146,154.77,-0.008867843863762936,154.2166,154.4595,0
153.009,154.378,154.146,-0.010933997346561086,153.5278,154.12669999999997,0
151.336,153.009,154.378,-0.0010704657186657585,152.8086,153.7824,0
151.174,151.336,153.009,-0.009446068768439009,151.9286,153.2852,1
149.746,151.174,151.336,2.671189881531255e-05,151.003,152.7307,1
149.75,149.746,151.174,0.0009883138564272809,150.3808,152.2987,0
149.898,149.75,149.746,-0.002601769203057991,150.0152,151.7715,1
149.508,149.898,149.75,0.0009297161355912298,149.7098,151.2592,1
149.647,149.508,149.898,0.00614780115872704,149.874,150.9013,0
150.567,149.647,149.508,-0.002390962163023813,149.9654,150.48420000000002,0
150.207,150.567,149.647,-0.0015778226048053234,149.9798,150.18030000000002,1
149.97,150.207,150.567,6.668000266718543e-05,150.0742,150.0447,0
149.98,149.97,150.207,-0.00032671022803021366,150.131,149.92040000000003,1
149.931,149.98,149.97,0.009851198217846635,150.29919999999998,150.0866,1
151.408,149.931,149.98,0.0026352636584592304,150.6192,150.2923,1
151.807,151.408,149.931,0.0028852424460006354,151.0742,150.527,1
152.245,151.807,151.408,0.0022463791914346665,151.5956,150.8349,1
152.587,152.245,151.807,0.007556344904874113,152.3574,151.2442,0
153.74,152.587,152.245,-6.504488096803485e-05,152.8218,151.5605,0
153.73,153.74,152.587,-0.0018018604046053932,153.151,151.8851,1
153.453,153.73,153.74,0.004125041543664887,153.5192,152.2967,0
154.086,153.453,153.73,-0.003335799488597302,153.71620000000001,152.6559,1
153.572,154.086,153.453,0.007169275649206774,153.9028,153.13010000000003,1
154.673,153.572,154.086,0.01920826517879659,154.6856,153.7537,0
157.644,154.673,153.572,-0.0075740275557586445,155.285,154.218,0
156.45,157.644,154.673,-6.391818472351041e-05,155.7558,154.6375,1
156.44,156.45,157.644,0.0005944771158270523,156.348,155.0321,1
156.533,156.44,156.45,0.004037487302996912,156.8464,155.37460000000002,0
157.165,156.533,156.44,-0.0003690389081537626,156.73899999999998,155.7123,1
157.107,157.165,156.533,0.00016549230779028257,156.8756,156.08030000000002,1
157.133,157.107,157.165,0.003913881870771796,157.13719999999998,156.44650000000001,1
157.748,157.133,157.107,0.0007733853994980056,157.4046,156.8763,0
157.87,157.748,157.133,-6.334325711021549e-05,157.54360000000003,157.195,1
157.86,157.87,157.748,8.235145065227378e-05,157.6968,157.2179,0
157.873,157.86,157.87,-0.00556143229051187,157.6692,157.2724,1
156.995,157.873,157.86,0.002280327398961779,157.5902,157.36370000000002,1
157.353,156.995,157.873,0.0023259804388857663,157.56,157.48229999999998,0
157.719,157.353,156.995,-0.0022635192969775453,157.4604,157.502,0
157.362,157.719,157.353,-0.0010930211868176443,157.3238,157.5103,1
157.19,157.362,157.719,6.361727845272114e-05,157.3648,157.517,1
157.2,157.19,157.362,0.0017875318066158385,157.3904,157.4903,1
157.481,157.2,157.19,0.0016636927629365417,157.3952,157.4776,1
157.743,157.481,157.2,0.003125336781980792,157.57,157.5152,0
158.236,157.743,157.481,-0.0002780656740564158,157.7704,157.5471,0
158.192,158.236,157.743,-0.0009102862344493312,157.94,157.6524,0
158.048,158.192,158.236,-0.002265134642640221,157.9818,157.68609999999998,0
157.69,158.048,158.192,0.0,157.9712,157.6832,1
157.69,157.69,158.048,0.0012492865749254012,157.9014,157.7357,0
157.887,157.69,157.69,-0.003312495645619973,157.73579999999998,157.7531,1
157.364,157.887,157.69,0.004359319793599603,157.7362,157.8381,0
158.05,157.364,157.887,-0.011357165453970364,157.44920000000002,157.71550000000002,0
156.255,158.05,157.364,-0.005753415890691449,156.9824,157.4768,1
155.356,156.255,158.05,0.006011998249182415,156.663,157.28220000000002,0
156.29,155.356,156.255,-0.00012796724038632856,156.4442,157.09,1
156.27,156.29,155.356,0.0002303705125743516,156.0954,156.91580000000002,0
156.306,156.27,156.29,-0.006762376364311096,155.8942,156.67170000000002,1
155.249,156.306,156.27,0.0033816642941340014,155.97779999999997,156.4801,1
155.774,155.249,156.306,0.004275424653664928,156.0078,156.3354,0
156.44,155.774,155.249,-0.001821784709792884,155.9848,156.2145,0
156.155,156.44,155.774,-0.00087733341871854,155.9272,156.0113,0
156.018,156.155,156.44,-0.0002435616403235752,156.0734,155.98380000000003,0
155.98,156.018,156.155,-0.0015130144890369568,156.0674,156.02259999999998,0
155.744,155.98,156.018,-0.005361362235463352,155.7612,155.88449999999997,1
154.909,155.744,155.98,0.004196011852119597,155.642,155.8134,0
155.559,154.909,155.744,-0.002500658913981213,155.4724,155.69979999999998,0
155.17,155.559,154.909,-0.006914996455500311,155.0958,155.58459999999997,1
154.097,155.17,155.559,0.007157829159555318,154.987,155.5272,0
155.2,154.097,155.17,-6.44329896906104e-05,155.0432,155.4022,1
155.19,155.2,154.097,0.0011147625491332303,155.004,155.323,0
155.363,155.19,155.2,-0.0005535423492080138,155.0254,155.2489,0
155.277,155.363,155.19,-0.00736747876375754,155.0326,155.06419999999997,0
154.133,155.277,155.363,-0.009907028345649604,154.5138,154.75039999999998,0
152.606,154.133,155.277,-0.00925913791069799,153.7144,154.37879999999998,1
151.193,152.606,154.133,0.0011905313076661095,152.9164,153.9602,1
151.373,151.193,152.606,0.00017836734424236944,152.14100000000002,153.5832,1
151.4,151.373,151.193,0.0029458388375165345,151.6836,153.3581,0
151.846,151.4,151.373,-0.0005729489087629158,151.51420000000002,153.014,1
151.759,151.846,151.4,0.0064576071270898705,151.8234,152.76889999999997,1
152.739,151.759,151.846,0.009925428345085363,152.3998,152.6581,0
154.255,152.739,151.759,-0.008207189394184855,152.7176,152.4293,0
152.989,154.255,152.739,-0.004346717737876538,152.8132,152.2484,1
152.324,152.989,154.255,3.938972190864476e-05,152.92739999999998,152.2208,0
152.33,152.324,152.989,-0.002015361386463743,152.7842,152.3038,0
152.023,152.33,152.324,-0.003808634219822027,152.22199999999998,152.3109,1
151.444,152.023,152.33,0.00321571009746191,152.0104,152.36399999999998,0
151.931,151.444,152.023,-0.004679755941842112,151.7896,152.3014,0
151.22,151.931,151.444,-0.011982541991800155,151.2052,152.0663,0
149.408,151.22,151.931,-0.0012582994217176235,150.6446,151.71439999999998,1
149.22,149.408,151.22,6.701514542273301e-05,150.2018,151.21189999999999,1
149.23,149.22,149.408,0.0010520672786973329,149.693,150.8517,1
149.387,149.23,149.22,0.0031930489266134288,149.4218,150.60569999999998,0
149.864,149.387,149.23,-0.005244755244755206,149.3558,150.28050000000002,0
149.078,149.864,149.387,-0.001609895490951141,149.27939999999998,149.96200000000002,1
148.838,149.078,149.864,0.007887770596218813,149.43580000000003,149.81879999999998,1
150.012,148.838,149.078,0.004013012292350071,149.6812,149.68710000000002,0
150.614,150.012,148.838,0.0,149.8312,149.62650000000002,1
150.614,150.614,150.012,0.0010423997769131166,150.16979999999998,149.7628,0
150.771,150.614,150.614,-0.009723355287157176,150.2632,149.7713,1
149.305,150.771,150.614,0.0033086634740966403,150.22060000000002,149.8282,0
149.799,149.305,150.771,-0.006014726400042747,149.87740000000002,149.77929999999998,0
148.898,149.799,149.305,-0.005305645475426113,149.37619999999998,149.6037,0
148.108,148.898,149.799,-0.0007291976125530786,148.822,149.49589999999998,1
148.0,148.108,148.898,0.0002027027027027284,148.567,149.4151,0
148.03,148.0,148.108,-0.0028507734918596928,148.1288,149.1747,0
147.608,148.03,148.0,-0.0036515636008889185,147.76299999999998,148.8202,1
147.069,147.608,148.03,0.006615942176801504,147.7498,148.563,1
148.042,147.069,147.608,0.001600897042731031,147.8056,148.3138,0
148.279,148.042,147.069,-0.0022255342968322545,147.78940000000003,148.1782,1
147.949,148.279,148.042,0.0046975647013496324,147.9966,148.0627,0
148.644,147.949,148.279,-0.0001614595947364572,148.3068,148.03490000000002,0
148.62,148.644,147.949,-0.00014802852913464726,148.418,148.08390000000003,1
148.598,148.62,148.644,0.00525579079126226,148.638,148.2218,1
149.379,148.598,148.62,0.0004886898426150754,148.9386,148.364,0
149.452,149.379,148.598,-0.006436849289403912,148.9078,148.4522,1
148.49,149.452,149.379,0.0007138527846992648,148.90300000000002,148.6049,1
148.596,148.49,149.452,0.004879000780640075,149.04760000000002,148.7328,1
149.321,148.596,148.49,6.027283503340364e-05,149.0378,148.83790000000002,1
149.33,149.321,148.596,0.002323712582870119,149.0828,149.01069999999999,1
149.677,149.33,149.321,0.007329115361745631,149.5396,149.2237,0
150.774,149.677,149.33,-0.005465133245785125,149.8104,149.3567,1
149.95,150.774,149.677,0.003487829276425547,150.04080000000002,149.5442,1
150.473,149.95,150.774,0.0024854957367765884,150.3442,149.691,0
150.847,150.473,149.95,-0.006642492061492811,150.3778,149.7303,0
149.845,150.847,150.473,-0.00010010344022148843,150.18900000000002,149.86430000000001,0
149.83,149.845,150.847,-0.0014216111593140512,150.12240000000003,149.9664,1
149.617,149.83,149.845,0.001978384809212974,150.0104,150.0256,0
149.913,149.617,149.83,-0.0008671696250494021,149.79760000000002,150.0709,0
149.783,149.913,149.617,-0.012758457234799514,149.403,149.8904,0
147.872,149.783,149.913,-0.011097435619995766,148.6832,149.43609999999998,1
146.231,147.872,149.783,0.005053647995295174,148.1538,149.1381,0
146.97,146.231,147.872,-0.0002721643872898305,147.55720000000002,148.78379999999999,0
146.93,146.97,146.231,-0.010188525148029814,146.6872,148.2424,1
145.433,146.93,146.97,0.016199899610129798,146.6706,148.0368,0
147.789,145.433,146.93,-0.013153888313744533,146.5934,147.63830000000002,1
145.845,147.789,145.433,0.01065514758819286,146.67919999999998,147.41649999999998,0
147.399,145.845,147.789,-0.024776287491773963,146.0426,146.7999,0
143.747,147.399,145.845,-0.0016835133950623415,145.65699999999998,146.1721,1
143.505,143.747,147.399,6.968398313644819e-05,144.80220000000003,145.7364,1
143.515,143.505,143.747,0.0012611922098735295,144.37240000000003,145.48290000000003,0
143.696,143.515,143.505,-0.0033055895779979805,143.5368,145.108,0
143.221,143.696,143.515,-0.0002792886518038218,143.4236,144.73309999999998,0
143.181,143.221,143.696,-0.008751161117746209,143.10819999999998,144.3826,1
141.928,143.181,143.221,0.0031988050279014857,142.8816,143.8419,0
142.382,141.928,143.181,-0.010577179699681194,142.3176,143.345,1
140.876,142.382,141.928,0.01286237542235713,142.21099999999998,142.8739,1
142.688,140.876,142.382,0.0037494393361741096,142.2194,142.82150000000001,0
143.223,142.688,140.876,-0.002401848865056788,142.4096,142.75889999999998,1
142.879,143.223,142.688,0.0055361529685957755,142.6672,142.7744,0
143.67,142.879,143.223,0.0,143.226,142.7718,1
143.67,143.67,142.879,0.0011902276049280403,143.4566,142.8338,0
143.841,143.67,143.67,-0.011561376797992295,143.24759999999998,142.7335,1
142.178,143.841,143.67,0.0008510458720758507,143.1316,142.7706,1
142.299,142.178,143.841,0.004989493952873625,142.9994,142.83329999999998,1
143.009,142.299,142.178,0.017054870672475353,143.355,143.2905,0
145.448,143.009,142.299,-0.0036920411418513988,143.56900000000002,143.51280000000003,1
144.911,145.448,143.009,0.00020012283401538156,144.1214,143.6845,0
144.94,144.911,145.448,-0.002180212501724843,144.5864,143.85899999999998,0
144.624,144.94,144.911,-0.006707047239738917,144.7154,143.8574,0
143.654,144.624,144.94,-0.004308964595486353,144.2328,143.7939,1
143.035,143.654,144.624,0.005683923515223732,144.0202,143.7946,1
143.848,143.035,143.654,0.015064512541015374,144.2352,144.17829999999998,0
146.015,143.848,143.035,-0.004013286306201347,144.3962,144.4913,0
145.429,146.015,143.848,0.0,144.75119999999998,144.7333,1
145.429,145.429,146.015,0.0026335875238090445,145.3066,144.7697,1
145.812,145.429,145.429,0.017131648972649627,146.19899999999998,145.1096,0
148.31,145.812,145.429,-0.00527273953206131,146.5016,145.3684,0
147.528,148.31,145.812,-0.005951412613198759,146.7458,145.571,0
146.65,147.528,148.31,-0.0070712580975110795,146.7826,145.76690000000002,1
145.613,146.65,147.528,0.00011674781784587474,146.7462,146.0264,0
145.63,145.613,146.65,0.0,146.21020000000001,146.2046,0
145.63,145.63,145.613,-0.0022797500515003843,145.76420000000002,146.1329,0
145.298,145.63,145.63,-0.0022230175226087834,145.4292,146.0875,0
144.975,145.298,145.63,-0.004462838420417281,145.1722,145.9774,0
144.328,144.975,145.298,-0.003970123607338838,144.7972,145.7717,1
143.755,144.328,144.975,0.0007164968175019659,144.44279999999998,145.3265,0
143.858,143.755,144.328,-0.009092299350748623,143.8932,144.8287,0
142.55,143.858,143.755,0.0,143.4082,144.4187,1
142.55,142.55,143.858,0.002223781129428115,143.116,144.1441,0
142.867,142.55,142.55,-0.0014838976110647106,142.89600000000002,143.84660000000002,1
142.655,142.867,142.55,0.010669096771932285,142.95980000000003,143.7013,1
144.177,142.655,142.867,0.01054259694680848,143.5892,143.7412,0
145.697,144.177,142.655,-0.013164306746192511,143.83499999999998,143.6216,1
143.779,145.697,144.177,0.0018152859597020399,144.06959999999998,143.5928,0
144.04,143.779,145.697,0.0,144.3466,143.6213,0
144.04,144.04,143.779,-0.0015620660927520014,144.2742,143.61700000000002,0
143.815,144.04,144.04,-0.009477453673121694,143.6252,143.6072,1
142.452,143.815,144.04,0.009722573217645136,143.6368,143.7359,0
143.837,142.452,143.815,-0.007682307055903448,143.3752,143.7224,1
142.732,143.837,142.452,0.005674971274836738,143.2756,143.81109999999998,1
143.542,142.732,143.837,0.009175014978194618,143.4844,143.8793,0
144.859,143.542,142.732,-6.903264553825839e-05,143.9638,143.7945,0
144.849,144.859,143.542,-0.0010907910996967862,144.1346,143.88569999999999,0
144.691,144.849,144.859,-0.0010436032648887261,144.4962,143.9357,1
144.54,144.691,144.849,0.002061713020617084,144.75539999999998,144.0155,0
144.838,144.54,144.691,-0.004384208564050862,144.62419999999997,144.05429999999998,0
144.203,144.838,144.54,-0.0069970805045666,144.2932,144.12849999999997,1
143.194,144.203,144.838,0.006264228948140493,144.1732,144.1539,0
144.091,143.194,144.203,0.0,144.0834,144.28979999999999,1
144.091,144.091,143.194,0.004427757458828063,144.0616,144.4085,1
144.729,144.091,144.091,0.00447042403388398,144.29620000000003,144.46020000000001,0
145.376,144.729,144.091,-0.0028959388069557113,144.64839999999998,144.4708,1
144.955,145.376,144.729,0.0018143561795038732,144.87380000000002,144.52349999999998,1
145.218,144.955,145.376,0.005756862096985227,145.2664,144.6749,1
146.054,145.218,144.955,6.846782696801057e-05,145.5334,144.79749999999999,1
146.064,146.054,145.218,0.0010954102311315772,145.703,144.99960000000002,0
146.224,146.064,146.054,-0.002024291497975672,145.89759999999998,145.273,0
145.928,146.224,146.064,-0.006653966339564721,145.84539999999998,145.3596,0
144.957,145.928,146.224,-0.0003656256683015613,145.6154,145.4409,0
144.904,144.957,145.928,-0.0014492353558218651,145.3414,145.4374,0
144.694,144.904,144.957,-0.00028335660082656755,145.0272,145.3651,0
144.653,144.694,144.904,-0.00015900119596545803,144.7676,145.33259999999999,0
144.63,144.653,144.694,-0.0007813040171471552,144.6796,145.2625,0
144.517,144.63,144.653,-0.0049613540275537105,144.4588,145.03709999999998,0
143.8,144.517,144.63,-0.002767732962448033,144.2004,144.7709,1
143.402,143.8,144.517,0.0008647020264711536,143.975,144.5011,1
143.526,143.402,143.8,0.008054289815085713,143.98539999999997,144.3765,0
144.682,143.526,143.402,-0.0015413112895866776,143.9738,144.3267,1
144.459,144.682,143.526,6.922379360219111e-05,144.1076,144.2832,1
144.469,144.459,144.682,0.0002007351058013196,144.3268,144.2636,1
144.498,144.469,144.459,0.009647192348683165,144.8,144.3875,1
145.892,144.498,144.469,0.0065596468620623405,145.2334,144.6094,0
146.849,145.892,144.498,-0.005005141335657659,145.5644,144.7691,1
146.114,146.849,145.892,0.0011908509793723265,145.9282,145.0179,1
146.288,146.114,146.849,0.007676637865033253,146.5108,145.41879999999998,0
147.411,146.288,146.114,-0.005908649965063684,146.6404,145.72019999999998,1
146.54,147.411,146.288,0.005152176880032666,146.7296,145.9815,1
147.295,146.54,147.411,0.0033741810652094806,147.0652,146.31480000000002,1
147.792,147.295,146.54,0.006556511854498126,147.5598,146.744,0
148.761,147.792,147.295,-0.0050954215150477156,147.6782,147.09449999999998,1
148.003,148.761,147.792,0.002966156091430694,148.05859999999998,147.34949999999998,1
148.442,148.003,148.761,0.0024049797227199132,148.3594,147.5445,0
148.799,148.442,148.003,-6.720475272026238e-05,148.55880000000002,147.81199999999998,0
148.789,148.799,148.442,-0.0024060918481875193,148.4928,148.0263,0
148.431,148.789,148.799,-0.006885354137612931,148.374,148.02609999999999,0
147.409,148.431,148.789,-0.004233120094431109,148.0426,148.0506,0
146.785,147.409,148.431,-0.0029703307558675007,147.5526,147.956,1
146.349,146.785,147.409,0.004482435821221875,147.1958,147.87730000000002,1
147.005,146.349,146.785,0.004394408353457502,147.0398,147.7663,0
147.651,147.005,146.349,0.0,147.0882,147.7311,1
147.651,147.651,147.005,0.0010971818680536316,147.29379999999998,147.6682,1
147.813,147.651,147.651,0.00450569300399839,147.71980000000002,147.6362,0
148.479,147.813,147.651,-0.00024919348864149704,148.0072,147.60150000000002,1
148.442,148.479,147.813,0.005281524096953705,148.3222,147.68099999999998,1
149.226,148.442,148.479,0.010360124911208413,148.94639999999998,148.0173,0
150.772,149.226,148.442,-0.02250417849468067,148.8596,148.07670000000002,1
147.379,150.772,149.226,7.463749923664054e-05,148.6418,148.1808,0
147.39,147.379,150.772,-0.00031888187801065726,148.42199999999997,148.2146,0
147.343,147.39,147.379,-0.0037327867628593747,147.9354,148.12879999999998,1
146.793,147.343,147.39,0.005225044790964084,147.293,148.11970000000002,0
147.56,146.793,147.343,-0.0024871238818107155,147.2558,148.0577,0
147.193,147.56,146.793,-0.0024185932754955397,147.1452,147.8935,1
146.837,147.193,147.56,0.005557182454013709,147.2072,147.81459999999998,0
147.653,146.837,147.193,-6.772635842133834e-05,147.3772,147.65630000000002,1
147.643,147.653,146.837,0.00014223498574250648,147.398,147.3455,1
147.664,147.643,147.653,0.0031219525409038607,147.58440000000002,147.4201,0
148.125,147.664,147.643,-0.0024776371308016243,147.7686,147.4569,0
147.758,148.125,147.664,-0.0043178711135776204,147.66199999999998,147.4346,1
147.12,147.758,148.125,0.0038811854268623325,147.67159999999998,147.5244,0
147.691,147.12,147.758,-0.003866180065135949,147.56279999999998,147.48039999999997,0
147.12,147.691,147.12,0.0,147.36180000000002,147.4731,1
147.12,147.12,147.691,0.0009787928221860476,147.263,147.51579999999998,1
147.264,147.12,147.12,0.004427422859626162,147.42220000000003,147.54209999999998,0
147.916,147.264,147.12,-0.0012507098623543156,147.4302,147.5509,0
147.731,147.916,147.264,-0.0027956217720044307,147.46980000000002,147.51630000000003,1
147.318,147.731,147.916,0.007249623263959393,147.723,147.5424,0
148.386,147.318,147.731,-0.009583114309975271,147.663,147.46300000000002,0
146.964,148.386,147.318,-6.80438746903933e-05,147.47060000000002,147.44639999999998,1
146.954,146.964,148.386,0.0017760659798304879,147.36740000000003,147.3988,1
147.215,146.954,146.964,0.004123221139150202,147.4682,147.469,0
147.822,147.215,146.954,-0.0024353614482283126,147.2834,147.5032,0
147.462,147.822,147.215,-0.000990085581370037,147.3538,147.5084,0
147.316,147.462,147.822,-0.0035705558119960568,147.321,147.3958,1
146.79,147.316,147.462,0.0017644253695756618,147.2878,147.3276,0
147.049,146.79,147.316,-0.00019721317384002734,147.1274,147.2978,1
147.02,147.049,146.79,0.0005237382669025514,147.0544,147.16889999999998,0
147.097,147.02,147.049,-8.837705731590262e-05,147.00799999999998,147.1809,1
147.084,147.097,147.02,0.00995349596149131,147.3596,147.3403,0
148.548,147.084,147.097,-0.0038236798879823786,147.5458,147.4168,1
147.98,148.548,147.084,0.002669279632382837,147.8168,147.4721,0
148.375,147.98,148.548,-0.006598146588037146,147.8766,147.4655,0
147.396,148.375,147.98,-4.070666775213283e-05,147.93779999999998,147.4729,1
147.39,147.396,148.375,0.006472623651536891,147.897,147.6283,0
148.344,147.39,147.396,-0.006606266515666204,147.7738,147.6598,1
147.364,148.344,147.39,0.00019000570017091434,147.5772,147.697,0
147.392,147.364,148.344,-0.00040707772470693904,147.5644,147.72050000000002,0
147.332,147.392,147.364,-0.0007330383080390579,147.53119999999998,147.7345,1
147.224,147.332,147.392,0.0032875074716078867,147.404,147.65050000000002,0
147.708,147.224,147.332,-6.770114008713968e-05,147.4708,147.6223,0
147.698,147.708,147.224,-0.00021665831629413823,147.5256,147.5514,0
147.666,147.698,147.708,-0.001767502336353588,147.5402,147.5523,0
147.405,147.666,147.698,-0.006729758149316423,147.37800000000001,147.45459999999997,1
146.413,147.405,147.666,0.0032647374208572,147.2146,147.30929999999998,1
146.891,146.413,147.405,0.0071890040914692754,147.2644,147.3676,0
147.947,146.891,146.413,-0.00010814683636706235,147.3174,147.4215,0
147.931,147.947,146.891,-0.00014195807504857605,147.41840000000002,147.4793,1
147.91,147.931,147.947,0.0012507605976608271,147.75480000000002,147.5664,0
148.095,147.91,147.931,-0.002498396299672523,147.92159999999998,147.56810000000002,0
147.725,148.095,147.91,-0.0007581655102385509,147.8548,147.5596,1
147.613,147.725,148.095,0.007709348092647783,148.0188,147.6681,1
148.751,147.613,147.725,0.00547895476332938,148.35,147.8842,0
149.566,148.751,147.613,-6.686011526679803e-05,148.6422,148.19850000000002,0
149.556,149.566,148.751,-0.001009655246195451,148.97820000000002,148.4499,0
149.405,149.556,149.566,-0.005421505304374019,149.1746,148.5147,0
148.595,149.405,149.556,-0.004024361519566533,149.0238,148.5213,0
147.997,148.595,149.405,-0.006175800860828362,148.5272,148.4386,1
147.083,147.997,148.595,0.0004555251116717951,148.046,148.3441,1
147.15,147.083,147.997,0.0019707781175670736,147.653,148.31560000000002,0
147.44,147.15,147.083,-6.782419967432674e-05,147.42000000000002,148.2973,1
147.43,147.44,147.15,0.01475954690361525,147.7418,148.3828,1
149.606,147.43,147.44,0.004846062323703659,148.3914,148.4593,1
150.331,149.606,147.43,0.011441419268148234,149.3716,148.7088,1
152.051,150.331,149.606,0.004136769899573345,150.4196,149.0363,1
152.68,152.051,150.331,0.001866649200943149,151.52659999999997,149.4733,0
152.965,152.68,152.051,-0.011538587258523303,151.8454,149.7936,0
151.2,152.965,152.68,-0.00013227513227498378,152.0152,150.2033,1
151.18,151.2,152.965,0.005794417250959194,152.0162,150.6939,1
152.056,151.18,151.2,0.002485926237701719,151.967,151.1933,0
152.434,152.056,151.18,-0.004611832005982919,151.7202,151.6234,0
151.731,152.434,152.056,-0.004989092538769335,151.675,151.7602,0
150.974,151.731,152.434,-0.005656603123716519,151.46300000000002,151.7391,1
150.12,150.974,151.731,0.003264055422328882,151.17379999999997,151.595,0
150.61,150.12,150.974,-0.00013279330721738258,150.805,151.386,1
150.59,150.61,150.12,0.0020585696261372632,150.6388,151.17950000000002,0
150.9,150.59,150.61,-0.00083499005964216,150.59880000000004,151.13690000000003,1
150.774,150.9,150.59,0.007421704007322116,150.9534,151.20819999999998,1
151.893,150.774,150.9,0.0004015984936764916,151.2222,151.198,1
151.954,151.893,150.774,0.004264448451505087,151.62460000000002,151.2148,1
152.602,151.954,151.893,0.0013040458185342718,152.0048,151.3218,0
152.801,152.602,151.954,0.0,152.4102,151.5045,1
152.801,152.801,152.602,0.0017015595447675835,152.6438,151.79860000000002,0
153.061,152.801,152.801,-0.0024108035358452184,152.7914,152.0068,0
152.692,153.061,152.801,-0.006293715453331017,152.6172,152.1209,1
151.731,152.692,153.061,0.006531295516407409,152.6014,152.3031,1
152.722,151.731,152.692,0.00771336153271962,152.8212,152.6157,1
153.9,152.722,151.731,0.0005458089668615163,153.0058,152.8248,1
153.984,153.9,152.722,6.49418121363432e-05,153.2662,153.0288,1
153.994,153.984,153.9,0.001305245658921761,153.759,153.18810000000002,1
154.195,153.994,153.984,5.836765135058819e-05,154.05540000000002,153.3284,0
154.204,154.195,153.994,-0.00419574070711537,153.9868,153.404,1
153.557,154.204,154.195,0.003360315713383466,154.0046,153.5052,0
154.073,153.557,154.204,-0.007301733593815918,153.7954,153.5308,1
152.948,154.073,153.557,0.003086016162355598,153.6404,153.6997,0
153.42,152.948,154.073,0.0,153.48359999999997,153.76950000000002,1
153.42,153.42,152.948,0.0025876678399165964,153.5356,153.7612,1
153.817,153.42,153.42,0.0021389053225584487,153.5502,153.7774,0
154.146,153.817,153.42,-0.0004606022861443071,153.7756,153.78549999999998,1
154.075,154.146,153.817,0.004140840499756715,154.0342,153.8373,0
154.713,154.075,154.146,-0.0005170864762494842,154.27679999999998,153.8802,0
154.633,154.713,154.075,-0.0006014240168658036,154.4214,153.9785,0
154.54,154.633,154.713,-0.0033648246408695126,154.3962,153.9732,1
154.02,154.54,154.633,0.0036683547591220833,154.4982,154.13690000000003,1
154.585,154.02,154.54,0.004450625869262703,154.61020000000002,154.3222,1
155.273,154.585,154.02,0.0017710741725864843,154.7932,154.53500000000003,1
155.548,155.273,154.585,0.00928330804639077,155.28359999999998,154.8525,1
156.992,155.548,155.273,0.0024013962494904284,155.9534,155.17479999999998,0
157.369,156.992,155.548,-0.006284592264041877,156.3124,155.4053,1
156.38,157.369,156.992,0.0001918403887966047,156.5398,155.575,1
156.41,156.38,157.369,0.0017773799629179354,156.7678,155.78050000000002,1
156.688,156.41,156.38,0.0016019095272132855,156.7572,156.0204,0
156.939,156.688,156.41,-0.004517678843372286,156.52939999999998,156.24139999999997,1
156.23,156.939,156.688,5.760737374393976e-05,156.50119999999998,156.40679999999998,1
156.239,156.23,156.939,0.0002880202766273321,156.476,156.5079,0
156.284,156.239,156.23,-0.000857413426838205,156.3684,156.56810000000002,0
156.15,156.284,156.239,0.0,156.2106,156.4839,0
156.15,156.15,156.284,-0.0014217098943324347,156.1502,156.33980000000003,0
155.928,156.15,156.15,-0.002379303268175148,156.0138,156.2575,1
155.557,155.928,156.15,0.0016071279338121247,155.9184,156.1972,0
155.807,155.557,155.928,-0.004492737810239511,155.7098,156.03910000000002,1
155.107,155.807,155.557,0.00022565067985325094,155.5082,155.8594,1
155.142,155.107,155.807,0.0014373928401079095,155.3956,155.7729,0
155.365,155.142,155.107,-6.436456087288711e-05,155.35520000000002,155.6845,0
155.355,155.365,155.142,-9.65530559041694e-05,155.2618,155.59009999999998,1
155.34,155.355,155.365,0.0032444959443800325,155.4092,155.55949999999999,1
155.844,155.34,155.355,0.0063781730448397855,155.7484,155.6283,0
156.838,155.844,155.34,-0.0066820540940333295,155.83339999999998,155.6145,0
155.79,156.838,155.844,-0.0013672251107259559,155.87779999999998,155.6165,1
